eps,feature,sigma,family,beta,seed,epochs,L2,Linf,L2_layer,L2_outer,contrast_cv,contrast_q95q05
0.1,mlp,0.0,uniform,1.0,0,8000,0.000589893619828508,0.00022052564133577535,0.0004844896402513695,0.00033653369025086967,1.3536452054977417,33.460575103759766
0.1,mlp,0.0,uniform,1.0,5,8000,0.0008154591851236501,0.0002623719326818783,0.0005200124123967382,0.0006281504967138952,1.4771897792816162,27.250986099243164
0.1,mlp,0.0,uniform,1.0,10,8000,0.0009766889836721596,0.0002699104827542343,0.0002349994467876848,0.000947997435264076,1.1517534255981445,23.79979133605957
0.1,mlp,0.0,uniform,1.0,15,8000,0.0005220535436651656,0.0001504992394998174,0.00032033818959746477,0.0004122232454580448,1.4059178829193115,28.24226188659668
0.1,mlp,0.0,uniform,1.0,20,8000,0.00017391668123496032,5.705915316148863e-05,0.0001057121897220695,0.00013810304901695653,1.7676448822021484,32.2506103515625
0.1,mlp,0.0,uniform,1.0,25,8000,0.0009538506898118567,0.0003240189848428914,0.0005158545802901173,0.0008023323924275385,1.1873338222503662,117.82579040527344
0.1,mlp,0.0,uniform,1.0,30,8000,0.0009265952621412642,0.00027117049171490045,0.0005018374834328974,0.0007789411724251141,1.578657627105713,39.736019134521484
0.1,mlp,0.0,uniform,1.0,35,8000,0.0015298111263210051,0.0003975124590570145,0.0004073349920002476,0.0014745873378806229,1.2588825225830078,43.23716735839844
0.1,mlp,0.0,uniform,1.0,40,8000,0.0003710037568507377,0.0001420167110732874,0.00011709801377032571,0.0003520404310573241,1.575856328010559,52.67616653442383
0.1,mlp,0.0,uniform,1.0,45,8000,0.0005060099577426389,0.00012791131352195102,0.00024645952884346867,0.00044193498936863736,1.9683374166488647,37.571044921875
0.1,mlp,0.0,uniform,1.0,50,8000,0.0009581520109859043,0.00020895245268427037,0.00046947418253846703,0.0008352600022974626,1.9970338344573975,56.46468734741211
0.1,mlp,0.0,rational,1.0,0,8000,0.001321711345022778,0.0005008026585320569,0.001186948024913249,0.000581497384012652,1.446864128112793,47.052406311035156
0.1,mlp,0.0,rational,1.0,5,8000,0.0008154591851236501,0.0002623719326818783,0.0005200124123967382,0.0006281504967138952,1.4771897792816162,27.250986099243164
0.1,mlp,0.0,rational,1.0,10,8000,0.0009766889836721596,0.0002699104827542343,0.0002349994467876848,0.000947997435264076,1.1517534255981445,23.79979133605957
0.1,mlp,0.0,rational,1.0,15,8000,0.0005220535436651656,0.0001504992394998174,0.00032033818959746477,0.0004122232454580448,1.4059178829193115,28.24226188659668
0.1,mlp,0.0,rational,1.0,20,8000,0.00017391668123496032,5.705915316148863e-05,0.0001057121897220695,0.00013810304901695653,1.7676448822021484,32.2506103515625
0.1,mlp,0.0,rational,1.0,25,8000,0.0009538506898118567,0.0003240189848428914,0.0005158545802901173,0.0008023323924275385,1.1873338222503662,117.82579040527344
0.1,mlp,0.0,rational,1.0,30,8000,0.0009265952621412642,0.00027117049171490045,0.0005018374834328974,0.0007789411724251141,1.578657627105713,39.736019134521484
0.1,mlp,0.0,rational,1.0,35,8000,0.0015298111263210051,0.0003975124590570145,0.0004073349920002476,0.0014745873378806229,1.2588825225830078,43.23716735839844
0.1,mlp,0.0,rational,1.0,40,8000,0.0003710037568507377,0.0001420167110732874,0.00011709801377032571,0.0003520404310573241,1.575856328010559,52.67616653442383
0.1,mlp,0.0,rational,1.0,45,8000,0.0005060099577426389,0.00012791131352195102,0.00024645952884346867,0.00044193498936863736,1.9683374166488647,37.571044921875
0.1,mlp,0.0,rational,1.0,50,8000,0.0009581520109859043,0.00020895245268427037,0.00046947418253846703,0.0008352600022974626,1.9970338344573975,56.46468734741211
0.1,mlp,0.0,rational,3.0,0,8000,0.0010314644476060813,0.00027477997775522895,0.00029175111348337616,0.0009893452671621865,1.393471598625183,25.90410614013672
0.1,mlp,0.0,rational,3.0,5,8000,0.0003813360097068356,0.00011482025415285401,0.0001248999285156158,0.00036030246762616295,1.2786638736724854,24.364709854125977
0.1,mlp,0.0,rational,3.0,10,8000,0.000810596255599849,0.00022838043318022382,0.00017618558388832694,0.000791218262217355,1.123893141746521,26.599876403808594
0.1,mlp,0.0,rational,3.0,15,8000,0.0002547592662711418,7.332650900399677e-05,0.00012349378234788815,0.00022282787447190422,1.0888066291809082,19.753183364868164
0.1,mlp,0.0,rational,3.0,20,8000,0.0009718557760593277,0.0003101583732679621,0.0001034746763270552,0.0009663317891735797,1.0442626476287842,20.734817504882812
0.1,mlp,0.0,rational,3.0,25,8000,0.0018326134868660291,0.0006791182094518233,0.0016411868484821426,0.0008155367358991357,1.3044555187225342,75.71043395996094
0.1,mlp,0.0,rational,3.0,30,8000,0.0005262067542995233,0.00014428981241547373,0.0002990846453314669,0.0004329503239989021,1.0701887607574463,19.968992233276367
0.1,mlp,0.0,rational,3.0,35,8000,0.0005575601864945504,0.00019609951221575016,0.0002409898041975003,0.0005027921157686888,1.465831995010376,28.324602127075195
0.1,mlp,0.0,rational,3.0,40,8000,0.0004032588072528725,0.00012758176697486454,0.0001450001655092866,0.00037628921306963613,1.096599817276001,31.403745651245117
0.1,mlp,0.0,rational,3.0,45,8000,0.0005466608400725626,0.00016148466865341382,0.00042058940347987,0.0003492143415293666,1.9900833368301392,34.76001739501953
0.1,mlp,0.0,rational,3.0,50,8000,0.0012394181359779025,0.00037350769626309533,0.00022560950823883233,0.0012187124253554575,0.7441422343254089,17.391769409179688
0.1,mlp,0.0,rational,10.0,0,8000,0.00041176554173056663,0.0001186288121985124,0.00027750145466850606,0.0003042158757485844,1.5536762475967407,45.357749938964844
0.1,mlp,0.0,rational,10.0,5,8000,0.007439026666817634,0.0025108659694381558,0.00642247875157626,0.003754032036140988,1.0597620010375977,11.559393882751465
0.1,mlp,0.0,rational,10.0,10,8000,0.003973151438684248,0.0009039311197803527,0.0015240254434835624,0.003669248454157491,1.2278491258621216,21.475261688232422
0.1,mlp,0.0,rational,10.0,15,8000,0.0012364359462993303,0.0003130776510485711,0.000773800183021684,0.0009643828605362132,1.5989331007003784,91.5508804321289
0.1,mlp,0.0,rational,10.0,20,8000,0.0020684051974634533,0.0006286856255292225,0.0016386304261935675,0.001262264732016018,1.932379126548767,57.83892059326172
0.1,mlp,0.0,rational,10.0,25,8000,0.0018444058507910452,0.0005295963518690285,0.000533301491105854,0.0017656260561842209,1.1291508674621582,156.17919921875
0.1,mlp,0.0,rational,10.0,30,8000,0.00039267063217358927,0.00015933007029193813,0.00033927957827322477,0.00019769880513538854,2.2277445793151855,60.932979583740234
0.1,mlp,0.0,rational,10.0,35,8000,0.0005995685558422005,0.00019914296028439676,0.00014230097226909874,0.0005824378125544717,0.8655484914779663,16.71625518798828
0.1,mlp,0.0,rational,10.0,40,8000,0.006036004570626939,0.001316473964030646,0.0018592413349671486,0.005742536871835868,0.8391705751419067,28.701887130737305
0.1,mlp,0.0,rational,10.0,45,8000,0.0007036341298382769,0.00019535966186749743,0.0005077304927242216,0.00048715750584921055,1.502342939376831,31.149003982543945
0.1,mlp,0.0,rational,10.0,50,8000,0.006715936555182647,0.0015106328794687422,0.002176087946667098,0.006353633604537022,1.1315858364105225,24.489328384399414
0.1,mlp,0.0,down_inv,1.0,0,8000,0.001321711345022778,0.0005008026585320569,0.001186948024913249,0.000581497384012652,1.446864128112793,47.052406311035156
0.1,mlp,0.0,down_inv,1.0,5,8000,0.0008154591851236501,0.0002623719326818783,0.0005200124123967382,0.0006281504967138952,1.4771897792816162,27.250986099243164
0.1,mlp,0.0,down_inv,1.0,10,8000,0.0009766889836721596,0.0002699104827542343,0.0002349994467876848,0.000947997435264076,1.1517534255981445,23.79979133605957
0.1,mlp,0.0,down_inv,1.0,15,8000,0.0005220535436651656,0.0001504992394998174,0.00032033818959746477,0.0004122232454580448,1.4059178829193115,28.24226188659668
0.1,mlp,0.0,down_inv,1.0,20,8000,0.00017391668123496032,5.705915316148863e-05,0.0001057121897220695,0.00013810304901695653,1.7676448822021484,32.2506103515625
0.1,mlp,0.0,down_inv,1.0,25,8000,0.0009538506898118567,0.0003240189848428914,0.0005158545802901173,0.0008023323924275385,1.1873338222503662,117.82579040527344
0.1,mlp,0.0,down_inv,1.0,30,8000,0.0009265952621412642,0.00027117049171490045,0.0005018374834328974,0.0007789411724251141,1.578657627105713,39.736019134521484
0.1,mlp,0.0,down_inv,1.0,35,8000,0.0015298111263210051,0.0003975124590570145,0.0004073349920002476,0.0014745873378806229,1.2588825225830078,43.23716735839844
0.1,mlp,0.0,down_inv,1.0,40,8000,0.0003710037568507377,0.0001420167110732874,0.00011709801377032571,0.0003520404310573241,1.575856328010559,52.67616653442383
0.1,mlp,0.0,down_inv,1.0,45,8000,0.0005060099577426389,0.00012791131352195102,0.00024645952884346867,0.00044193498936863736,1.9683374166488647,37.571044921875
0.1,mlp,0.0,down_inv,1.0,50,8000,0.0009581520109859043,0.00020895245268427037,0.00046947418253846703,0.0008352600022974626,1.9970338344573975,56.46468734741211
0.1,mlp,0.0,down_inv,3.0,0,8000,0.003030334012248635,0.0007143296294105247,0.0005840500557917401,0.0029735206809351575,1.5169490575790405,88.01811218261719
0.1,mlp,0.0,down_inv,3.0,5,8000,0.00031345316400292083,0.00012890507291185994,1.3438418746126835e-05,0.0003131649774820887,1.9581189155578613,40.57301330566406
0.1,mlp,0.0,down_inv,3.0,10,8000,0.0008229821144230069,0.0002949727059058105,0.0006686829814602787,0.0004797738266431275,1.7655128240585327,90.91909790039062
0.1,mlp,0.0,down_inv,3.0,15,8000,0.0004611354403965846,0.00015427511483792272,0.00013637599806747748,0.0004405091663618522,1.4469720125198364,31.198772430419922
0.1,mlp,0.0,down_inv,3.0,20,8000,0.0003066419740835162,8.194163869437417e-05,8.263608477662025e-05,0.0002952979642516564,2.5827598571777344,31.590042114257812
0.1,mlp,0.0,down_inv,3.0,25,8000,0.007493388677885187,0.0023255942347887026,0.006072022218299347,0.004391251919003844,1.2519121170043945,29.785043716430664
0.1,mlp,0.0,down_inv,3.0,30,8000,0.0005359623622791096,0.00017419081611478744,0.00027194823998488054,0.00046184755613784437,1.5800338983535767,34.630226135253906
0.1,mlp,0.0,down_inv,3.0,35,8000,0.0018765718875943225,0.00046829874877262444,0.0009338265555195518,0.0016277375683998927,1.808444857597351,49.98461151123047
0.1,mlp,0.0,down_inv,3.0,40,8000,0.0008307949725764434,0.00029443833474546816,0.0003043809972261473,0.0007730308531362449,1.1991454362869263,20.563079833984375
0.1,mlp,0.0,down_inv,3.0,45,8000,0.0003855302210631319,0.00017314805416354228,5.9418833195066834e-05,0.0003809240263550049,2.3401288986206055,67.22991180419922
0.1,mlp,0.0,down_inv,3.0,50,8000,0.00034393439066471917,0.0001281225687673927,9.356621021550418e-05,0.0003309631803175426,1.5808448791503906,30.27006721496582
0.1,mlp,0.0,down_inv,10.0,0,8000,0.0009592208350838284,0.0003704353504762059,0.0007293068680895037,0.00062308927363546,2.192923069000244,65.5113754272461
0.1,mlp,0.0,down_inv,10.0,5,8000,0.0005255759682814776,0.000207466599276729,0.00011955326451465883,0.0005117985581071275,1.9401715993881226,52.214111328125
0.1,mlp,0.0,down_inv,10.0,10,8000,0.00044829773542067396,0.0001377506170556742,0.00018460135278796578,0.0004085275349123199,1.8700844049453735,50.23396682739258
0.1,mlp,0.0,down_inv,10.0,15,8000,0.0009246315439254823,0.00027843438783027585,0.0007175228491483085,0.0005832047834746637,1.7756808996200562,35.789283752441406
0.1,mlp,0.0,down_inv,10.0,20,8000,0.0003194528806196916,0.00010460821726080522,0.0001564794698924088,0.0002785057086534545,2.417133092880249,50.040550231933594
0.1,mlp,0.0,down_inv,10.0,25,8000,0.0046169787825635425,0.0021768957647686493,0.004475626727879018,0.001134093298357016,1.8877910375595093,154.0613555908203
0.1,mlp,0.0,down_inv,10.0,30,8000,0.0002868948407375284,0.00010218689006513682,0.00015510740508367838,0.00024135333940275103,2.2960281372070312,118.59418487548828
0.1,mlp,0.0,down_inv,10.0,35,8000,0.0005224508766922793,0.00016674586167804775,0.0002576436890405129,0.0004545081526117001,1.7917380332946777,52.139366149902344
0.1,mlp,0.0,down_inv,10.0,40,8000,0.0004646863724955606,0.00014875106179948472,0.00033081846978519585,0.0003263395959997344,1.5484609603881836,37.75543975830078
0.1,mlp,0.0,down_inv,10.0,45,8000,0.0010977233937906948,0.0004144437391482292,0.0009040812939527265,0.0006226321225684197,2.188994884490967,70.50526428222656
0.1,mlp,0.0,down_inv,10.0,50,8000,0.0005463340758892751,0.00013908978923735495,0.00014158400419122963,0.0005276701640651313,1.3368428945541382,18.520036697387695
0.1,fourier,1.5,uniform,1.0,0,8000,0.0008898435373278812,0.0004786684930734586,0.0008108735123535213,0.0003665180894801771,2.062338352203369,181.15921020507812
0.1,fourier,1.5,uniform,1.0,5,8000,0.002224825628794691,0.000606424746192636,0.0008830243637907811,0.002042095110524482,1.0829347372055054,44.24155807495117
0.1,fourier,1.5,uniform,1.0,10,8000,0.0038034458550043355,0.0008721725971995931,0.001129184978789363,0.0036319690975376204,1.1738290786743164,38.13454055786133
0.1,fourier,1.5,uniform,1.0,15,8000,0.001579497737463376,0.0003343852341252118,0.0006753683450824006,0.0014278345151640072,1.3471747636795044,110.10482788085938
0.1,fourier,1.5,uniform,1.0,20,8000,0.002118922263619755,0.0009672792968700161,0.0017523290855760464,0.0011913495289049283,1.7297154664993286,215.6334228515625
0.1,fourier,1.5,uniform,1.0,25,8000,0.003633918218733449,0.0012737029644184217,0.002360053044475752,0.00276328862789458,0.9975388050079346,43.67917251586914
0.1,fourier,1.5,uniform,1.0,30,8000,0.003883344585276449,0.0015782994847211365,0.0033555860989614556,0.0019547168964199725,1.5922061204910278,59.039649963378906
0.1,fourier,1.5,uniform,1.0,35,8000,0.0037873466878143077,0.0015923789496325542,0.0024293106326639512,0.002905634634912817,1.4867006540298462,111.60848999023438
0.1,fourier,1.5,uniform,1.0,40,8000,0.0005445690333178888,0.00015194929027573093,0.00025085590530971,0.0004833524623943447,1.3369742631912231,39.61518859863281
0.1,fourier,1.5,uniform,1.0,45,8000,0.0018289900261307917,0.0007853228794805628,0.0014427976689636516,0.0011241147097232737,1.9247113466262817,293.7307434082031
0.1,fourier,1.5,uniform,1.0,50,8000,0.001803812522703529,0.0008983332097960428,0.001589443932921535,0.0008529491551785396,1.2165846824645996,146.29006958007812
0.1,fourier,1.5,rational,1.0,0,8000,0.0008898435373278812,0.0004786684930734586,0.0008108735123535213,0.0003665180894801771,2.062338352203369,181.15921020507812
0.1,fourier,1.5,rational,1.0,5,8000,0.002224825628794691,0.000606424746192636,0.0008830243637907811,0.002042095110524482,1.0829347372055054,44.24155807495117
0.1,fourier,1.5,rational,1.0,10,8000,0.0038034458550043355,0.0008721725971995931,0.001129184978789363,0.0036319690975376204,1.1738290786743164,38.13454055786133
0.1,fourier,1.5,rational,1.0,15,8000,0.001579497737463376,0.0003343852341252118,0.0006753683450824006,0.0014278345151640072,1.3471747636795044,110.10482788085938
0.1,fourier,1.5,rational,1.0,20,8000,0.002118922263619755,0.0009672792968700161,0.0017523290855760464,0.0011913495289049283,1.7297154664993286,215.6334228515625
0.1,fourier,1.5,rational,1.0,25,8000,0.003633918218733449,0.0012737029644184217,0.002360053044475752,0.00276328862789458,0.9975388050079346,43.67917251586914
0.1,fourier,1.5,rational,1.0,30,8000,0.003883344585276449,0.0015782994847211365,0.0033555860989614556,0.0019547168964199725,1.5922061204910278,59.039649963378906
0.1,fourier,1.5,rational,1.0,35,8000,0.0037873466878143077,0.0015923789496325542,0.0024293106326639512,0.002905634634912817,1.4867006540298462,111.60848999023438
0.1,fourier,1.5,rational,1.0,40,8000,0.0005445690333178888,0.00015194929027573093,0.00025085590530971,0.0004833524623943447,1.3369742631912231,39.61518859863281
0.1,fourier,1.5,rational,1.0,45,8000,0.0018289900261307917,0.0007853228794805628,0.0014427976689636516,0.0011241147097232737,1.9247113466262817,293.7307434082031
0.1,fourier,1.5,rational,1.0,50,8000,0.001803812522703529,0.0008983332097960428,0.001589443932921535,0.0008529491551785396,1.2165846824645996,146.29006958007812
0.1,fourier,1.5,rational,3.0,0,8000,0.007060322460787109,0.0015711818247515844,0.0032949397982109502,0.006244358871463352,1.723096489906311,114.26850891113281
0.1,fourier,1.5,rational,3.0,5,8000,0.007433038153790566,0.0037184716726137435,0.006652336871668277,0.00331639545828616,1.4438740015029907,142.75543212890625
0.1,fourier,1.5,rational,3.0,10,8000,0.0059567664894483036,0.0015142314132765566,0.0033973183079695204,0.00489303782524164,2.08066463470459,103.02818298339844
0.1,fourier,1.5,rational,3.0,15,8000,0.004617766883815021,0.001965786840115974,0.0035291007631642482,0.002978218269244888,2.560541868209839,132.03887939453125
0.1,fourier,1.5,rational,3.0,20,8000,0.0007041560887193645,0.00020723240910967833,0.0003656540653997414,0.0006017798351387872,1.4610848426818848,88.35946655273438
0.1,fourier,1.5,rational,3.0,25,8000,0.003917100907437517,0.0009648518020580418,0.001709692420575192,0.0035243104306519777,1.5668822526931763,56.04737091064453
0.1,fourier,1.5,rational,3.0,30,8000,0.0034257518611967093,0.0009515373285905859,0.0020374994622383955,0.0027540080195206716,1.942765474319458,226.9117431640625
0.1,fourier,1.5,rational,3.0,35,8000,0.018747060297539846,0.008251994950883551,0.014740924246556266,0.011583060230590064,1.5229979753494263,330.5315246582031
0.1,fourier,1.5,rational,3.0,40,8000,0.001914000489839296,0.0005119407008484112,0.0011020913955716713,0.001564879406542422,1.7536813020706177,173.5679931640625
0.1,fourier,1.5,rational,3.0,45,8000,0.01006081363149832,0.0032708225165947588,0.0038106608886887736,0.009311256283432812,0.906075119972229,35.26683044433594
0.1,fourier,1.5,rational,3.0,50,8000,0.01058413433886359,0.002348085847722448,0.004268176022979367,0.00968542203272256,1.5691766738891602,172.3246307373047
0.1,fourier,1.5,rational,10.0,0,8000,0.01090624887224688,0.0025000503026210152,0.004467402564037341,0.009949345938008522,2.3461339473724365,216.27919006347656
0.1,fourier,1.5,rational,10.0,5,8000,0.010105908847265074,0.004549746979211483,0.008998054195566287,0.004600879155244268,1.9352716207504272,444.669189453125
0.1,fourier,1.5,rational,10.0,10,8000,0.01720017040793725,0.006551705413729021,0.01189121769439216,0.01242784057823816,1.7612817287445068,212.924560546875
0.1,fourier,1.5,rational,10.0,15,8000,0.017380581066050917,0.00749120848747372,0.016324249671319315,0.005967877795341607,1.7256205081939697,247.7527618408203
0.1,fourier,1.5,rational,10.0,20,8000,0.010322871037775452,0.004174120207303968,0.008675788796459893,0.0055942623639163224,1.6186529397964478,179.83323669433594
0.1,fourier,1.5,rational,10.0,25,8000,0.017803869729447894,0.0064547379357329515,0.01581057386934584,0.008186261454508846,1.930853247642517,286.6355895996094
0.1,fourier,1.5,rational,10.0,30,8000,0.01661532446214443,0.006151433634091263,0.012408240681682227,0.01105040985669747,1.6914247274398804,177.6232147216797
0.1,fourier,1.5,rational,10.0,35,8000,0.02587636018313584,0.009773033586350864,0.022502179292347217,0.012777359842584147,1.616968035697937,287.7503967285156
0.1,fourier,1.5,rational,10.0,40,8000,0.018453752220111242,0.00521589770794173,0.009290475834419025,0.015944652619995506,2.0371205806732178,161.3502655029297
0.1,fourier,1.5,rational,10.0,45,8000,0.02039991465455152,0.008152687029787699,0.016302174631185457,0.012264080969933883,1.7998366355895996,59.42710876464844
0.1,fourier,1.5,rational,10.0,50,8000,0.01032237886712471,0.003924572504376722,0.009356409163574827,0.004360399779965972,2.019886016845703,84.29985809326172
0.1,fourier,1.5,down_inv,1.0,0,8000,0.0008898435373278812,0.0004786684930734586,0.0008108735123535213,0.0003665180894801771,2.062338352203369,181.15921020507812
0.1,fourier,1.5,down_inv,1.0,5,8000,0.002224825628794691,0.000606424746192636,0.0008830243637907811,0.002042095110524482,1.0829347372055054,44.24155807495117
0.1,fourier,1.5,down_inv,1.0,10,8000,0.0038034458550043355,0.0008721725971995931,0.001129184978789363,0.0036319690975376204,1.1738290786743164,38.13454055786133
0.1,fourier,1.5,down_inv,1.0,15,8000,0.001579497737463376,0.0003343852341252118,0.0006753683450824006,0.0014278345151640072,1.3471747636795044,110.10482788085938
0.1,fourier,1.5,down_inv,1.0,20,8000,0.002118922263619755,0.0009672792968700161,0.0017523290855760464,0.0011913495289049283,1.7297154664993286,215.6334228515625
0.1,fourier,1.5,down_inv,1.0,25,8000,0.003633918218733449,0.0012737029644184217,0.002360053044475752,0.00276328862789458,0.9975388050079346,43.67917251586914
0.1,fourier,1.5,down_inv,1.0,30,8000,0.003883344585276449,0.0015782994847211365,0.0033555860989614556,0.0019547168964199725,1.5922061204910278,59.039649963378906
0.1,fourier,1.5,down_inv,1.0,35,8000,0.0037873466878143077,0.0015923789496325542,0.0024293106326639512,0.002905634634912817,1.4867006540298462,111.60848999023438
0.1,fourier,1.5,down_inv,1.0,40,8000,0.0005445690333178888,0.00015194929027573093,0.00025085590530971,0.0004833524623943447,1.3369742631912231,39.61518859863281
0.1,fourier,1.5,down_inv,1.0,45,8000,0.0018289900261307917,0.0007853228794805628,0.0014427976689636516,0.0011241147097232737,1.9247113466262817,293.7307434082031
0.1,fourier,1.5,down_inv,1.0,50,8000,0.001803812522703529,0.0008983332097960428,0.001589443932921535,0.0008529491551785396,1.2165846824645996,146.29006958007812
0.1,fourier,1.5,down_inv,3.0,0,8000,0.0012930087574907904,0.00041190579883535134,9.283258699026547e-05,0.0012896721090541875,1.0455938577651978,40.8728141784668
0.1,fourier,1.5,down_inv,3.0,5,8000,0.002442457449127843,0.0006110819514015385,0.0009439472537752599,0.00225268781980285,1.6099730730056763,67.22463989257812
0.1,fourier,1.5,down_inv,3.0,10,8000,0.0025947787419702095,0.0008042482342897182,0.0011575971947198947,0.0023222631791519105,1.243385910987854,101.61265563964844
0.1,fourier,1.5,down_inv,3.0,15,8000,0.0020129143928852337,0.0006061787887007807,0.0008624643250883415,0.0018187944911909146,1.2427077293395996,65.70574951171875
0.1,fourier,1.5,down_inv,3.0,20,8000,0.0006535966041301028,0.00019894858062898587,0.0003190492228124629,0.0005704390715102739,1.321872353553772,68.53952026367188
0.1,fourier,1.5,down_inv,3.0,25,8000,0.0017768233016718141,0.00042679647778215397,0.0005693254240284049,0.0016831471468517498,1.327336311340332,62.13032150268555
0.1,fourier,1.5,down_inv,3.0,30,8000,0.0021329735577283646,0.0005134993708973924,0.0005841414312471147,0.0020514313229894306,1.2637619972229004,62.47438049316406
0.1,fourier,1.5,down_inv,3.0,35,8000,0.0012949098372370114,0.0003490381500828526,9.18600898973921e-05,0.0012916476274266937,1.1676833629608154,41.413177490234375
0.1,fourier,1.5,down_inv,3.0,40,8000,0.0017579300954559712,0.0005915959002336935,0.0009210084400420453,0.0014973644088433808,1.0690292119979858,51.18732833862305
0.1,fourier,1.5,down_inv,3.0,45,8000,0.002236707562757509,0.0006006383701825504,0.000964255359862885,0.0020181958581040782,1.0643912553787231,19.34661865234375
0.1,fourier,1.5,down_inv,3.0,50,8000,0.002951792637132661,0.0011337446958992192,0.002333491972229172,0.0018078003549743644,1.8637819290161133,103.6954345703125
0.1,fourier,1.5,down_inv,10.0,0,8000,0.002765790495256091,0.0008168748982883278,0.0016669757118586437,0.0022070149883411717,1.441737174987793,59.23243713378906
0.1,fourier,1.5,down_inv,10.0,5,8000,0.001101290971817433,0.0003350072540590811,0.0005395133208472913,0.0009600939495455549,1.362474799156189,57.56378173828125
0.1,fourier,1.5,down_inv,10.0,10,8000,0.001680733494440895,0.0004860996167416976,0.0003339884213531607,0.001647216402440641,1.3305572271347046,31.915306091308594
0.1,fourier,1.5,down_inv,10.0,15,8000,0.001403686426784689,0.000526993162120916,0.0009528377906269411,0.0010307652183959958,1.1758015155792236,32.39609909057617
0.1,fourier,1.5,down_inv,10.0,20,8000,0.002122475782138255,0.0005688222619863605,0.0008147361384677098,0.001959882291733624,1.248849868774414,16.965137481689453
0.1,fourier,1.5,down_inv,10.0,25,8000,0.00043325040569114207,0.00011089703378756172,0.00017772169237404326,0.0003951232056064621,1.278712272644043,54.13030242919922
0.1,fourier,1.5,down_inv,10.0,30,8000,0.0025890917359033994,0.0009074881921532045,0.0020878730578057013,0.0015311368190947861,1.7212270498275757,55.64740753173828
0.1,fourier,1.5,down_inv,10.0,35,8000,0.0005649034433214957,0.0002612686679228336,0.0004816606009946618,0.00029517705727879074,1.5158823728561401,94.46448516845703
0.1,fourier,1.5,down_inv,10.0,40,8000,0.0018261608777242174,0.0004096416001287566,0.0009363622052173703,0.001567842200370485,2.1981594562530518,50.46281051635742
0.1,fourier,1.5,down_inv,10.0,45,8000,0.002060836880653044,0.0005902714596923027,0.0008042243924856051,0.001897445949116841,1.4959299564361572,43.2316780090332
0.1,fourier,1.5,down_inv,10.0,50,8000,0.0004623659759066707,0.0001692050614679752,0.00031178847024225075,0.0003414303114375013,1.9915441274642944,47.042015075683594
0.1,fourier,15.0,uniform,1.0,0,8000,0.2146002913222884,0.05857541341722166,0.16248137005375832,0.14019375029189535,1.4038678407669067,100.55152893066406
0.1,fourier,15.0,uniform,1.0,5,8000,0.3054108189710781,0.08084980760923949,0.2197533848217361,0.2120999999181989,1.5634030103683472,63.48048782348633
0.1,fourier,15.0,uniform,1.0,10,8000,0.22413398480538277,0.060815242546532866,0.16058704764747647,0.15636180382816145,1.2714178562164307,52.614933013916016
0.1,fourier,15.0,uniform,1.0,15,8000,0.2570122284548765,0.06920901111969491,0.18676434883472676,0.17656711666092378,1.3627490997314453,52.170169830322266
0.1,fourier,15.0,uniform,1.0,20,8000,0.22096647455155052,0.0703903117218246,0.1800847336288465,0.12805133143175745,1.2820994853973389,71.50053405761719
0.1,fourier,15.0,uniform,1.0,25,8000,0.2971198770191133,0.07785017697696783,0.21272206824610837,0.20744058607033233,1.1932785511016846,44.94699478149414
0.1,fourier,15.0,uniform,1.0,30,8000,0.24097481622765582,0.06365584306357314,0.17723114072067309,0.16327709707594124,1.2441463470458984,98.12396240234375
0.1,fourier,15.0,uniform,1.0,35,8000,0.23184365687544986,0.07140555288627362,0.19107916056417065,0.13130838789523444,1.429042100906372,52.52268600463867
0.1,fourier,15.0,uniform,1.0,40,8000,0.2811578630078291,0.07116562000558463,0.19869332013037855,0.198928379732612,1.1936818361282349,75.2412338256836
0.1,fourier,15.0,uniform,1.0,45,8000,0.2629942728801306,0.0745014761668556,0.1988520697010103,0.17212099408276252,1.2638344764709473,63.34166717529297
0.1,fourier,15.0,uniform,1.0,50,8000,0.240505608847671,0.07020453790472994,0.18882033133032303,0.1489679445942946,1.4059456586837769,91.2596664428711
0.1,fourier,15.0,rational,1.0,0,8000,0.2146002913222884,0.05857541341722166,0.16248137005375832,0.14019375029189535,1.4038678407669067,100.55152893066406
0.1,fourier,15.0,rational,1.0,5,8000,0.3054108189710781,0.08084980760923949,0.2197533848217361,0.2120999999181989,1.5634030103683472,63.48048782348633
0.1,fourier,15.0,rational,1.0,10,8000,0.22413398480538277,0.060815242546532866,0.16058704764747647,0.15636180382816145,1.2714178562164307,52.614933013916016
0.1,fourier,15.0,rational,1.0,15,8000,0.2570122284548765,0.06920901111969491,0.18676434883472676,0.17656711666092378,1.3627490997314453,52.170169830322266
0.1,fourier,15.0,rational,1.0,20,8000,0.22096647455155052,0.0703903117218246,0.1800847336288465,0.12805133143175745,1.2820994853973389,71.50053405761719
0.1,fourier,15.0,rational,1.0,25,8000,0.2971198770191133,0.07785017697696783,0.21272206824610837,0.20744058607033233,1.1932785511016846,44.94699478149414
0.1,fourier,15.0,rational,1.0,30,8000,0.24097481622765582,0.06365584306357314,0.17723114072067309,0.16327709707594124,1.2441463470458984,98.12396240234375
0.1,fourier,15.0,rational,1.0,35,8000,0.23184365687544986,0.07140555288627362,0.19107916056417065,0.13130838789523444,1.429042100906372,52.52268600463867
0.1,fourier,15.0,rational,1.0,40,8000,0.2811578630078291,0.07116562000558463,0.19869332013037855,0.198928379732612,1.1936818361282349,75.2412338256836
0.1,fourier,15.0,rational,1.0,45,8000,0.2629942728801306,0.0745014761668556,0.1988520697010103,0.17212099408276252,1.2638344764709473,63.34166717529297
0.1,fourier,15.0,rational,1.0,50,8000,0.240505608847671,0.07020453790472994,0.18882033133032303,0.1489679445942946,1.4059456586837769,91.2596664428711
0.1,fourier,15.0,rational,3.0,0,8000,0.3192088484490298,0.08258326091907948,0.22266836861625428,0.22872546172090474,1.2436068058013916,50.36086654663086
0.1,fourier,15.0,rational,3.0,5,8000,0.34351885897335893,0.08650796332388105,0.23823668049530847,0.24748952805816948,1.2220579385757446,37.323577880859375
0.1,fourier,15.0,rational,3.0,10,8000,0.31555420539985896,0.07907643660397204,0.2215729341585036,0.22468226365449848,1.1650279760360718,33.19426345825195
0.1,fourier,15.0,rational,3.0,15,8000,0.3314354275161459,0.085551492781102,0.2330406867475268,0.2356776310033674,1.219744324684143,67.83479309082031
0.1,fourier,15.0,rational,3.0,20,8000,0.32947913801807666,0.08510617630920471,0.23541763278479727,0.2305158474439152,1.1663877964019775,37.210113525390625
0.1,fourier,15.0,rational,3.0,25,8000,0.3343923820615372,0.08786883180358983,0.2409729649531899,0.23184678306281542,1.2791966199874878,63.951026916503906
0.1,fourier,15.0,rational,3.0,30,8000,0.2870432603530723,0.07736030358431009,0.21201029686638015,0.1935135844436989,1.3753299713134766,97.23027038574219
0.1,fourier,15.0,rational,3.0,35,8000,0.334764872594545,0.09197020524484364,0.2507211105612756,0.2218316876739365,1.2846382856369019,46.06090545654297
0.1,fourier,15.0,rational,3.0,40,8000,0.29468850393397283,0.07403072594616572,0.2022494760829737,0.2143322660810243,1.1463487148284912,59.09903335571289
0.1,fourier,15.0,rational,3.0,45,8000,0.3813066450952624,0.10520571110737172,0.28262255884281295,0.25597435820523423,1.3364746570587158,35.42316436767578
0.1,fourier,15.0,rational,3.0,50,8000,0.3082141787995564,0.07459689271854991,0.20595888611934446,0.22930076858582943,0.9815510511398315,24.759334564208984
0.1,fourier,15.0,rational,10.0,0,8000,0.33907775951747177,0.0823628298734999,0.22917695006678682,0.24990805574343836,1.1257429122924805,34.28920364379883
0.1,fourier,15.0,rational,10.0,5,8000,0.4398547345428192,0.11103963516705248,0.3069741504185916,0.3150291023720236,1.2441200017929077,27.09623146057129
0.1,fourier,15.0,rational,10.0,10,8000,0.3598895812438859,0.09248526307319892,0.25307082746168374,0.25588781470871547,1.0578545331954956,28.087961196899414
0.1,fourier,15.0,rational,10.0,15,8000,0.3357433386322807,0.0820898633475779,0.2260376826262701,0.24825969140886725,1.2249014377593994,48.27702713012695
0.1,fourier,15.0,rational,10.0,20,8000,0.36655288294286703,0.09375713484726013,0.2525909860084553,0.26563453372876134,1.1464937925338745,28.813920974731445
0.1,fourier,15.0,rational,10.0,25,8000,0.40032691244580565,0.09674936920298628,0.2710526571045055,0.2946106386321143,1.1817046403884888,35.76353073120117
0.1,fourier,15.0,rational,10.0,30,8000,0.37990392043538185,0.09677317284086628,0.26862656578924426,0.2686448063526866,0.9403960108757019,15.675056457519531
0.1,fourier,15.0,rational,10.0,35,8000,0.42054285099195743,0.11307131159656321,0.3061517168083565,0.2883256315286624,1.170092225074768,42.575279235839844
0.1,fourier,15.0,rational,10.0,40,8000,0.3896898924222209,0.09678794724531603,0.2671847409894948,0.28367898484281623,1.02861487865448,17.350969314575195
0.1,fourier,15.0,rational,10.0,45,8000,0.40640414696439936,0.10684843689714524,0.29099904750418704,0.28370359238125725,1.2766696214675903,39.34841537475586
0.1,fourier,15.0,rational,10.0,50,8000,0.4004150405908649,0.09745599307363073,0.2677462942621397,0.2977370992619461,1.201439380645752,20.179107666015625
0.1,fourier,15.0,down_inv,1.0,0,8000,0.2146002913222884,0.05857541341722166,0.16248137005375832,0.14019375029189535,1.4038678407669067,100.55152893066406
0.1,fourier,15.0,down_inv,1.0,5,8000,0.3054108189710781,0.08084980760923949,0.2197533848217361,0.2120999999181989,1.5634030103683472,63.48048782348633
0.1,fourier,15.0,down_inv,1.0,10,8000,0.22413398480538277,0.060815242546532866,0.16058704764747647,0.15636180382816145,1.2714178562164307,52.614933013916016
0.1,fourier,15.0,down_inv,1.0,15,8000,0.2570122284548765,0.06920901111969491,0.18676434883472676,0.17656711666092378,1.3627490997314453,52.170169830322266
0.1,fourier,15.0,down_inv,1.0,20,8000,0.22096647455155052,0.0703903117218246,0.1800847336288465,0.12805133143175745,1.2820994853973389,71.50053405761719
0.1,fourier,15.0,down_inv,1.0,25,8000,0.2971198770191133,0.07785017697696783,0.21272206824610837,0.20744058607033233,1.1932785511016846,44.94699478149414
0.1,fourier,15.0,down_inv,1.0,30,8000,0.24097481622765582,0.06365584306357314,0.17723114072067309,0.16327709707594124,1.2441463470458984,98.12396240234375
0.1,fourier,15.0,down_inv,1.0,35,8000,0.23184365687544986,0.07140555288627362,0.19107916056417065,0.13130838789523444,1.429042100906372,52.52268600463867
0.1,fourier,15.0,down_inv,1.0,40,8000,0.2811578630078291,0.07116562000558463,0.19869332013037855,0.198928379732612,1.1936818361282349,75.2412338256836
0.1,fourier,15.0,down_inv,1.0,45,8000,0.2629942728801306,0.0745014761668556,0.1988520697010103,0.17212099408276252,1.2638344764709473,63.34166717529297
0.1,fourier,15.0,down_inv,1.0,50,8000,0.240505608847671,0.07020453790472994,0.18882033133032303,0.1489679445942946,1.4059456586837769,91.2596664428711
0.1,fourier,15.0,down_inv,3.0,0,8000,0.1907265912346221,0.04872586211769084,0.13747071509653544,0.13220927656114487,1.1918703317642212,56.19291687011719
0.1,fourier,15.0,down_inv,3.0,5,8000,0.20196799338862953,0.055251566916338174,0.1522805851903604,0.1326753413451548,1.4715440273284912,106.46891021728516
0.1,fourier,15.0,down_inv,3.0,10,8000,0.18890034951286036,0.05542146526470276,0.1472190214009453,0.11836758616720673,1.3861510753631592,97.00212860107422
0.1,fourier,15.0,down_inv,3.0,15,8000,0.20593306240076634,0.06245789725390141,0.1645224603758423,0.12386288675032003,1.3230615854263306,95.2257308959961
0.1,fourier,15.0,down_inv,3.0,20,8000,0.20065657000729786,0.056004068805953794,0.15123382928628895,0.13188034736325518,1.3757245540618896,90.65790557861328
0.1,fourier,15.0,down_inv,3.0,25,8000,0.2227195940621885,0.05915178329464435,0.1606398377287391,0.15427258767239851,1.1761250495910645,70.03030395507812
0.1,fourier,15.0,down_inv,3.0,30,8000,0.20813359641398635,0.056435271410867016,0.1533745309085964,0.1407015098499634,1.2611143589019775,84.31693267822266
0.1,fourier,15.0,down_inv,3.0,35,8000,0.2047867561404976,0.0662644560428088,0.1739991504537107,0.10799669080901862,1.5630521774291992,165.50674438476562
0.1,fourier,15.0,down_inv,3.0,40,8000,0.1832852215625541,0.0516955794156432,0.1409328905836524,0.11718487212836663,1.2626317739486694,92.14775085449219
0.1,fourier,15.0,down_inv,3.0,45,8000,0.2478437768746963,0.06661109958906926,0.18151167353618744,0.16876476354854858,1.1557754278182983,90.26275634765625
0.1,fourier,15.0,down_inv,3.0,50,8000,0.19764048875615584,0.059032066814856426,0.15548926362345777,0.12200798739185191,1.4457168579101562,135.5544891357422
0.1,fourier,15.0,down_inv,10.0,0,8000,0.049820746305751555,0.013119409937334611,0.03576479014452822,0.0346849333653281,1.5152312517166138,152.12939453125
0.1,fourier,15.0,down_inv,10.0,5,8000,0.05133828135281215,0.01641538324514527,0.042748081331896885,0.028430680840377778,1.939030408859253,187.89019775390625
0.1,fourier,15.0,down_inv,10.0,10,8000,0.04382212643229311,0.020905631012349934,0.04210514013276747,0.012149749039803924,2.016664743423462,223.05435180664062
0.1,fourier,15.0,down_inv,10.0,15,8000,0.04514182450055786,0.013342527648878166,0.03554395444145684,0.027829282444271023,1.4979389905929565,121.3978042602539
0.1,fourier,15.0,down_inv,10.0,20,8000,0.04535644829463949,0.014616476907343169,0.03817053856118947,0.024500683966635045,1.8279407024383545,165.3588409423828
0.1,fourier,15.0,down_inv,10.0,25,8000,0.03972117292504792,0.013100208061588597,0.03326568181878268,0.02170751519860931,1.7449175119400024,174.0497283935547
0.1,fourier,15.0,down_inv,10.0,30,8000,0.05414791175654039,0.017696828356862565,0.04619638447081645,0.02824866842872867,1.9719772338867188,177.98165893554688
0.1,fourier,15.0,down_inv,10.0,35,8000,0.04386894783304698,0.01369713164804251,0.03501603964595501,0.02642758408060838,1.5517265796661377,131.4659881591797
0.1,fourier,15.0,down_inv,10.0,40,8000,0.03648010223388554,0.010021379900357168,0.027770854720812525,0.023656130065894676,1.8210235834121704,213.45518493652344
0.1,fourier,15.0,down_inv,10.0,45,8000,0.0608614068200971,0.017295031942276662,0.0470261814982122,0.03863611604792313,1.7484265565872192,117.88861083984375
0.1,fourier,15.0,down_inv,10.0,50,8000,0.047640077885919355,0.014291025663380766,0.03616294046770437,0.03101415985723584,1.7998700141906738,116.71442413330078
0.01,mlp,0.0,uniform,1.0,0,8000,6.057850135023547,0.5797544510367307,1.5566696633762185,5.854437353765436,0.5388965606689453,4.221549987792969
0.01,mlp,0.0,uniform,1.0,5,8000,5.391350569736385,0.6195355050988322,1.6909460395032536,5.119325245425177,0.8321682810783386,111.54134368896484
0.01,mlp,0.0,uniform,1.0,10,8000,4.700849692437268,0.5093563661554917,1.3767147771923296,4.494744646735669,0.727105975151062,26.247488021850586
0.01,mlp,0.0,uniform,1.0,15,8000,9.4171010708572,0.8711989466473608,2.3375145143365352,9.122393548422735,0.268189013004303,1.9679359197616577
0.01,mlp,0.0,uniform,1.0,20,8000,5.61305920372394,0.5882365984813261,1.6068135347868653,5.378168826855846,0.7628846168518066,4.262679100036621
0.01,mlp,0.0,uniform,1.0,25,8000,5.832499832792044,0.5801847014200816,1.5691448723111716,5.617468231640703,0.5228804349899292,4.546553134918213
0.01,mlp,0.0,uniform,1.0,30,8000,5.3460417284742245,0.5992420727837308,1.631949002664057,5.090876576326863,0.7599626183509827,34.277557373046875
0.01,mlp,0.0,uniform,1.0,35,8000,4.296808050775037,0.5200135287464314,1.4093200115686948,4.059121308754043,0.7616463303565979,34.85051345825195
0.01,mlp,0.0,uniform,1.0,40,8000,7.321046728330409,0.7437339740153989,1.9980080061994359,7.043143376902492,0.5515670776367188,5.993221759796143
0.01,mlp,0.0,uniform,1.0,45,8000,6.536609632493415,0.7274913793160651,1.96810646642974,6.233297403163867,0.6629511117935181,35.4965934753418
0.01,mlp,0.0,uniform,1.0,50,8000,10.097512950574405,0.8384155846313531,2.23131605410484,9.847904356997672,0.3289569914340973,1.2942054271697998
0.01,mlp,0.0,rational,1.0,0,8000,6.057850135023547,0.5797544510367307,1.5566696633762185,5.854437353765436,0.5388965606689453,4.221549987792969
0.01,mlp,0.0,rational,1.0,5,8000,5.391350569736385,0.6195355050988322,1.6909460395032536,5.119325245425177,0.8321682810783386,111.54134368896484
0.01,mlp,0.0,rational,1.0,10,8000,4.700849692437268,0.5093563661554917,1.3767147771923296,4.494744646735669,0.727105975151062,26.247488021850586
0.01,mlp,0.0,rational,1.0,15,8000,9.4171010708572,0.8711989466473608,2.3375145143365352,9.122393548422735,0.268189013004303,1.9679359197616577
0.01,mlp,0.0,rational,1.0,20,8000,5.61305920372394,0.5882365984813261,1.6068135347868653,5.378168826855846,0.7628846168518066,4.262679100036621
0.01,mlp,0.0,rational,1.0,25,8000,5.832499832792044,0.5801847014200816,1.5691448723111716,5.617468231640703,0.5228804349899292,4.546553134918213
0.01,mlp,0.0,rational,1.0,30,8000,5.3460417284742245,0.5992420727837308,1.631949002664057,5.090876576326863,0.7599626183509827,34.277557373046875
0.01,mlp,0.0,rational,1.0,35,8000,4.296808050775037,0.5200135287464314,1.4093200115686948,4.059121308754043,0.7616463303565979,34.85051345825195
0.01,mlp,0.0,rational,1.0,40,8000,7.321046728330409,0.7437339740153989,1.9980080061994359,7.043143376902492,0.5515670776367188,5.993221759796143
0.01,mlp,0.0,rational,1.0,45,8000,6.536609632493415,0.7274913793160651,1.96810646642974,6.233297403163867,0.6629511117935181,35.4965934753418
0.01,mlp,0.0,rational,1.0,50,8000,10.097512950574405,0.8384155846313531,2.23131605410484,9.847904356997672,0.3289569914340973,1.2942054271697998
0.01,mlp,0.0,rational,3.0,0,8000,6.972783341383083,0.7044212986933737,1.895280314280785,6.710274323940054,0.5273705720901489,8.873041152954102
0.01,mlp,0.0,rational,3.0,5,8000,6.805007986505929,0.7086264583202028,1.882499207072277,6.539456377101103,0.6125596165657043,9.690905570983887
0.01,mlp,0.0,rational,3.0,10,8000,5.579770988836986,0.5987767036492601,1.617460747254045,5.340204359678405,0.6616683006286621,25.017169952392578
0.01,mlp,0.0,rational,3.0,15,8000,9.054495211040276,0.8826406464556321,2.3441160329692647,8.745813313699927,0.3494972586631775,2.3526113033294678
0.01,mlp,0.0,rational,3.0,20,8000,6.187092731244713,0.6415016972485252,1.7407240511000956,5.937182196268416,0.639790415763855,7.390199184417725
0.01,mlp,0.0,rational,3.0,25,8000,6.758800934017694,0.6266768846869871,1.6758982070134334,6.5477386554053805,0.40463656187057495,2.9787774085998535
0.01,mlp,0.0,rational,3.0,30,8000,6.878058974197782,0.7243703246890294,1.961598356763474,6.592419895736747,0.5700181722640991,10.87370777130127
0.01,mlp,0.0,rational,3.0,35,8000,5.287329414350211,0.5159872381397068,1.3850706382994635,5.102697118797545,0.4952441453933716,4.324641227722168
0.01,mlp,0.0,rational,3.0,40,8000,8.221683232247289,0.7403003238345893,1.9851354512199242,7.978439040896152,0.35573917627334595,2.325418710708618
0.01,mlp,0.0,rational,3.0,45,8000,7.823870345930236,0.752641867776426,2.0396907771217685,7.553330107313604,0.5360932946205139,2.935936450958252
0.01,mlp,0.0,rational,3.0,50,8000,7.301784109822954,0.692728681707633,1.878223766297953,7.056095607610752,0.3490895926952362,2.734459638595581
0.01,mlp,0.0,rational,10.0,0,8000,7.6545317003179205,0.7527714198568224,2.0305640100229034,7.380301529689835,0.44453778862953186,4.283078670501709
0.01,mlp,0.0,rational,10.0,5,8000,9.874093178035492,0.9053560361219133,2.4151866945599325,9.574176282522272,0.2522674798965454,1.94091796875
0.01,mlp,0.0,rational,10.0,10,8000,5.137987343108957,0.6003889792833041,1.606398615913059,4.880421437339915,0.6447451114654541,20.562795639038086
0.01,mlp,0.0,rational,10.0,15,8000,9.934932355735066,0.8786732419690715,2.351760220614118,9.652582729947694,0.2347155511379242,1.677742600440979
0.01,mlp,0.0,rational,10.0,20,8000,8.66183978970116,0.7939870905617232,2.127270844228877,8.396570173975519,0.3249693214893341,2.1601107120513916
0.01,mlp,0.0,rational,10.0,25,8000,8.441593393456753,0.7975892525181649,2.148401771946819,8.163643567441687,0.37082403898239136,3.062779426574707
0.01,mlp,0.0,rational,10.0,30,8000,9.118979943309911,0.7254673363105617,1.9413842989847498,8.909937800379044,0.29158326983451843,2.70713210105896
0.01,mlp,0.0,rational,10.0,35,8000,6.012420484168392,0.5902238977784842,1.598619116272433,5.796009994833468,0.5021015405654907,3.123383045196533
0.01,mlp,0.0,rational,10.0,40,8000,8.182129695153966,0.7822756009801383,2.099297201038755,7.908248585168705,0.3908277153968811,3.0744569301605225
0.01,mlp,0.0,rational,10.0,45,8000,8.81995668870008,0.7917497489588545,2.1078933430251205,8.564380966843453,0.24680916965007782,2.0827200412750244
0.01,mlp,0.0,rational,10.0,50,8000,7.877457639052193,0.7748187381050834,2.0938531249971497,7.594097378543175,0.3837650418281555,3.5433239936828613
0.01,mlp,0.0,down_inv,1.0,0,8000,6.057850135023547,0.5797544510367307,1.5566696633762185,5.854437353765436,0.5388965606689453,4.221549987792969
0.01,mlp,0.0,down_inv,1.0,5,8000,5.391350569736385,0.6195355050988322,1.6909460395032536,5.119325245425177,0.8321682810783386,111.54134368896484
0.01,mlp,0.0,down_inv,1.0,10,8000,4.700849692437268,0.5093563661554917,1.3767147771923296,4.494744646735669,0.727105975151062,26.247488021850586
0.01,mlp,0.0,down_inv,1.0,15,8000,9.4171010708572,0.8711989466473608,2.3375145143365352,9.122393548422735,0.268189013004303,1.9679359197616577
0.01,mlp,0.0,down_inv,1.0,20,8000,5.61305920372394,0.5882365984813261,1.6068135347868653,5.378168826855846,0.7628846168518066,4.262679100036621
0.01,mlp,0.0,down_inv,1.0,25,8000,5.832499832792044,0.5801847014200816,1.5691448723111716,5.617468231640703,0.5228804349899292,4.546553134918213
0.01,mlp,0.0,down_inv,1.0,30,8000,5.3460417284742245,0.5992420727837308,1.631949002664057,5.090876576326863,0.7599626183509827,34.277557373046875
0.01,mlp,0.0,down_inv,1.0,35,8000,4.296808050775037,0.5200135287464314,1.4093200115686948,4.059121308754043,0.7616463303565979,34.85051345825195
0.01,mlp,0.0,down_inv,1.0,40,8000,7.321046728330409,0.7437339740153989,1.9980080061994359,7.043143376902492,0.5515670776367188,5.993221759796143
0.01,mlp,0.0,down_inv,1.0,45,8000,6.536609632493415,0.7274913793160651,1.96810646642974,6.233297403163867,0.6629511117935181,35.4965934753418
0.01,mlp,0.0,down_inv,1.0,50,8000,10.097512950574405,0.8384155846313531,2.23131605410484,9.847904356997672,0.3289569914340973,1.2942054271697998
0.01,mlp,0.0,down_inv,3.0,0,8000,6.172529598453066,0.616054818663225,1.6688589542886216,5.94265568667246,0.620384156703949,4.559590816497803
0.01,mlp,0.0,down_inv,3.0,5,8000,5.6204812476820605,0.549348751672795,1.4857707791180221,5.420552911300727,0.638759434223175,6.357967853546143
0.01,mlp,0.0,down_inv,3.0,10,8000,4.528893011366905,0.4568513240914541,1.2555754935391668,4.351375982705121,1.0767276287078857,9.178001403808594
0.01,mlp,0.0,down_inv,3.0,15,8000,6.896162596251484,0.6639769929243188,1.7876838192029019,6.660434576836785,0.4201302230358124,2.471858263015747
0.01,mlp,0.0,down_inv,3.0,20,8000,5.817323666879402,0.6831800724417455,1.8687203733982904,5.509019492107149,0.9756577014923096,17.703306198120117
0.01,mlp,0.0,down_inv,3.0,25,8000,5.227398515038733,0.504357026077894,1.3606704740981506,5.0472125285348115,0.5037266612052917,2.9828126430511475
0.01,mlp,0.0,down_inv,3.0,30,8000,6.200679599785255,0.6075125480030785,1.65047361031099,5.976996469286995,0.5722081661224365,4.992541790008545
0.01,mlp,0.0,down_inv,3.0,35,8000,3.755911732665731,0.42166342389919237,1.152906056726593,3.5745965238731987,0.9315659999847412,39.48588180541992
0.01,mlp,0.0,down_inv,3.0,40,8000,6.794117979789912,0.7648859670020014,2.0759618871889334,6.46920513370847,0.5657057762145996,14.568108558654785
0.01,mlp,0.0,down_inv,3.0,45,8000,2.6401308861055997,0.35367388265803296,0.961257197731364,2.458926030902034,0.7132261395454407,20.05632972717285
0.01,mlp,0.0,down_inv,3.0,50,8000,10.996022157129197,0.9525681085229167,2.566834178579974,10.692247738714745,0.10804205387830734,1.3063156604766846
0.01,mlp,0.0,down_inv,10.0,0,8000,5.97569715650014,0.7927258519420227,2.1657871146896386,5.569428471627112,0.7202592492103577,29.18869400024414
0.01,mlp,0.0,down_inv,10.0,5,8000,4.817505364620908,0.5852118777958176,1.596492556874636,4.5452925108606035,0.9466789960861206,65.96255493164062
0.01,mlp,0.0,down_inv,10.0,10,8000,6.164358040384137,0.4587484425850984,1.239126402655115,6.038538301474845,0.7276182174682617,17.02716827392578
0.01,mlp,0.0,down_inv,10.0,15,8000,5.582756076875373,0.5445718924394505,1.4679294982134747,5.386320195681597,0.5393931865692139,2.7524642944335938
0.01,mlp,0.0,down_inv,10.0,20,8000,6.29875389737315,0.5822036081973666,1.5362810570617857,6.10853888018626,0.5429615378379822,6.090512752532959
0.01,mlp,0.0,down_inv,10.0,25,8000,4.400827904467029,0.46478963971109327,1.256865275348157,4.217540388002825,0.7543094158172607,14.03322696685791
0.01,mlp,0.0,down_inv,10.0,30,8000,4.4928925045200705,0.501178414325168,1.353221488775597,4.284268544704481,0.8402837514877319,27.96010398864746
0.01,mlp,0.0,down_inv,10.0,35,8000,3.70201048606552,0.4080122117015853,1.1071226858221022,3.532593394021945,0.7680796980857849,38.585655212402344
0.01,mlp,0.0,down_inv,10.0,40,8000,7.767162773879092,0.7423243252555464,1.9958905208026496,7.506358479772172,0.5203622579574585,2.713747262954712
0.01,mlp,0.0,down_inv,10.0,45,8000,3.2058575339538664,0.37185472773650885,1.0125622568187747,3.0417571049289336,0.8659250736236572,29.831993103027344
0.01,mlp,0.0,down_inv,10.0,50,8000,9.149960576810141,0.8493435687928966,2.2837526063150815,8.860388648480773,0.38477805256843567,2.176729917526245
0.01,fourier,1.5,uniform,1.0,0,8000,3.1946591678091503,0.29004318665445683,0.7734079471559712,3.0996313055000164,1.1751813888549805,3.505298137664795
0.01,fourier,1.5,uniform,1.0,5,8000,3.325940602331512,0.29632994417360253,0.816613460416593,3.2241360576771476,0.8083493709564209,2.3775687217712402
0.01,fourier,1.5,uniform,1.0,10,8000,3.67195596902729,0.33199166315039286,0.8870406083118576,3.5632085207364685,3.801248073577881,1.8647481203079224
0.01,fourier,1.5,uniform,1.0,15,8000,3.5169030591108963,0.3231956472838841,0.88888630902186,3.4027229932375054,1.0853220224380493,3.8909647464752197
0.01,fourier,1.5,uniform,1.0,20,8000,3.4252674571749693,0.3523077220231986,0.9458697913594906,3.292085615821766,0.6275625228881836,5.548260688781738
0.01,fourier,1.5,uniform,1.0,25,8000,3.5548844165786564,0.3561085353942371,0.9704880749532687,3.419853570391921,0.5277483463287354,3.798117160797119
0.01,fourier,1.5,uniform,1.0,30,8000,3.6395338556326893,0.30588419198153965,0.8349094124011069,3.542479963155338,0.4700344502925873,2.192652463912964
0.01,fourier,1.5,uniform,1.0,35,8000,3.373501112755404,0.35059898007198426,0.9660606132924121,3.23222502235905,0.8459377884864807,9.952970504760742
0.01,fourier,1.5,uniform,1.0,40,8000,3.7143756816329008,0.3703449772918252,1.0133716074795773,3.5734732186581235,0.5978928804397583,4.237850189208984
0.01,fourier,1.5,uniform,1.0,45,8000,3.5140189899373953,0.3520509020406359,0.9673821259479587,3.3782456016150646,0.7711924910545349,5.062671184539795
0.01,fourier,1.5,uniform,1.0,50,8000,3.663855650352508,0.32583865996225037,0.8999513612796622,3.551614023998598,0.8189473152160645,2.6634209156036377
0.01,fourier,1.5,rational,1.0,0,8000,3.1946591678091503,0.29004318665445683,0.7734079471559712,3.0996313055000164,1.1751813888549805,3.505298137664795
0.01,fourier,1.5,rational,1.0,5,8000,3.325940602331512,0.29632994417360253,0.816613460416593,3.2241360576771476,0.8083493709564209,2.3775687217712402
0.01,fourier,1.5,rational,1.0,10,8000,3.67195596902729,0.33199166315039286,0.8870406083118576,3.5632085207364685,3.801248073577881,1.8647481203079224
0.01,fourier,1.5,rational,1.0,15,8000,3.5169030591108963,0.3231956472838841,0.88888630902186,3.4027229932375054,1.0853220224380493,3.8909647464752197
0.01,fourier,1.5,rational,1.0,20,8000,3.4252674571749693,0.3523077220231986,0.9458697913594906,3.292085615821766,0.6275625228881836,5.548260688781738
0.01,fourier,1.5,rational,1.0,25,8000,3.5548844165786564,0.3561085353942371,0.9704880749532687,3.419853570391921,0.5277483463287354,3.798117160797119
0.01,fourier,1.5,rational,1.0,30,8000,3.6395338556326893,0.30588419198153965,0.8349094124011069,3.542479963155338,0.4700344502925873,2.192652463912964
0.01,fourier,1.5,rational,1.0,35,8000,3.373501112755404,0.35059898007198426,0.9660606132924121,3.23222502235905,0.8459377884864807,9.952970504760742
0.01,fourier,1.5,rational,1.0,40,8000,3.7143756816329008,0.3703449772918252,1.0133716074795773,3.5734732186581235,0.5978928804397583,4.237850189208984
0.01,fourier,1.5,rational,1.0,45,8000,3.5140189899373953,0.3520509020406359,0.9673821259479587,3.3782456016150646,0.7711924910545349,5.062671184539795
0.01,fourier,1.5,rational,1.0,50,8000,3.663855650352508,0.32583865996225037,0.8999513612796622,3.551614023998598,0.8189473152160645,2.6634209156036377
0.01,fourier,1.5,rational,3.0,0,8000,3.662641028816905,0.31984698648022897,0.8628545703241274,3.5595582252301075,0.552172839641571,1.655669093132019
0.01,fourier,1.5,rational,3.0,5,8000,3.355077834113712,0.33791783872123565,0.9201961398799879,3.226425947512001,0.5145666003227234,3.5002851486206055
0.01,fourier,1.5,rational,3.0,10,8000,3.606174784160201,0.3298202235738301,0.8839257249553479,3.496170333852548,1.462005853652954,2.7838025093078613
0.01,fourier,1.5,rational,3.0,15,8000,3.8804861582982557,0.35099335109590973,0.9676866991987864,3.7578979981130196,0.6718050241470337,2.4387407302856445
0.01,fourier,1.5,rational,3.0,20,8000,3.8154329795913595,0.3298644026162101,0.904224808735806,3.7067429186633634,0.5324662327766418,2.5079846382141113
0.01,fourier,1.5,rational,3.0,25,8000,3.428298321662479,0.31575791721273017,0.8636750195686361,3.317729399591294,0.8605747222900391,3.6225426197052
0.01,fourier,1.5,rational,3.0,30,8000,3.6460434127040893,0.35022794862778994,0.932639760569941,3.524748890097816,0.5500355958938599,3.455169916152954
0.01,fourier,1.5,rational,3.0,35,8000,3.453587351045228,0.3395531029016471,0.924699591780912,3.3274967599305603,0.6457133293151855,3.7276225090026855
0.01,fourier,1.5,rational,3.0,40,8000,3.067352062765179,0.2994747160386412,0.8091430941390342,2.958710116961487,0.7325528264045715,4.027512550354004
0.01,fourier,1.5,rational,3.0,45,8000,3.2889472084705984,0.3588913883004375,0.9648159916168458,3.144255982004575,0.6779221892356873,14.751363754272461
0.01,fourier,1.5,rational,3.0,50,8000,3.716491976654096,0.36411054900600176,0.9720622015273993,3.5871228244436777,0.5992976427078247,3.4973714351654053
0.01,fourier,1.5,rational,10.0,0,8000,3.702865772792201,0.35604082357238603,0.9546308089284704,3.577699807031641,0.5190401673316956,2.225243091583252
0.01,fourier,1.5,rational,10.0,5,8000,3.462395787112694,0.3128337002461907,0.8568592447792587,3.35469966170114,1.8282396793365479,2.2736170291900635
0.01,fourier,1.5,rational,10.0,10,8000,3.6468274679327677,0.3344113830539718,0.9115642313782545,3.531067626080888,0.49788838624954224,2.1129982471466064
0.01,fourier,1.5,rational,10.0,15,8000,4.122888858046578,0.36352260572781414,0.9509670647150327,4.011722176711212,0.42379230260849,2.0058979988098145
0.01,fourier,1.5,rational,10.0,20,8000,3.87818130909508,0.3657461954566462,0.991453780717639,3.7493137834775916,0.5397763252258301,2.474689483642578
0.01,fourier,1.5,rational,10.0,25,8000,3.6953702146486997,0.33727863710628386,0.9228762224524242,3.5782815402120045,0.7235950827598572,3.334465980529785
0.01,fourier,1.5,rational,10.0,30,8000,3.5052130390548615,0.33474746879670136,0.9124089027701107,3.384385595579609,0.7250563502311707,3.8555960655212402
0.01,fourier,1.5,rational,10.0,35,8000,4.44952649964368,0.38952124717630304,1.0296923478184963,4.328748940923033,0.6597263216972351,1.6314804553985596
0.01,fourier,1.5,rational,10.0,40,8000,3.888142391117838,0.3424023120160533,0.9479857592952846,3.770810873647179,0.7616853713989258,1.7088466882705688
0.01,fourier,1.5,rational,10.0,45,8000,4.115454763352138,0.38079602022052644,1.0182636257231608,3.9874996801796514,0.5052828788757324,2.0525898933410645
0.01,fourier,1.5,rational,10.0,50,8000,3.697196423724509,0.34292357064005796,0.9187877662491856,3.5812188396484843,0.9857640862464905,2.0920844078063965
0.01,fourier,1.5,down_inv,1.0,0,8000,3.1946591678091503,0.29004318665445683,0.7734079471559712,3.0996313055000164,1.1751813888549805,3.505298137664795
0.01,fourier,1.5,down_inv,1.0,5,8000,3.325940602331512,0.29632994417360253,0.816613460416593,3.2241360576771476,0.8083493709564209,2.3775687217712402
0.01,fourier,1.5,down_inv,1.0,10,8000,3.67195596902729,0.33199166315039286,0.8870406083118576,3.5632085207364685,3.801248073577881,1.8647481203079224
0.01,fourier,1.5,down_inv,1.0,15,8000,3.5169030591108963,0.3231956472838841,0.88888630902186,3.4027229932375054,1.0853220224380493,3.8909647464752197
0.01,fourier,1.5,down_inv,1.0,20,8000,3.4252674571749693,0.3523077220231986,0.9458697913594906,3.292085615821766,0.6275625228881836,5.548260688781738
0.01,fourier,1.5,down_inv,1.0,25,8000,3.5548844165786564,0.3561085353942371,0.9704880749532687,3.419853570391921,0.5277483463287354,3.798117160797119
0.01,fourier,1.5,down_inv,1.0,30,8000,3.6395338556326893,0.30588419198153965,0.8349094124011069,3.542479963155338,0.4700344502925873,2.192652463912964
0.01,fourier,1.5,down_inv,1.0,35,8000,3.373501112755404,0.35059898007198426,0.9660606132924121,3.23222502235905,0.8459377884864807,9.952970504760742
0.01,fourier,1.5,down_inv,1.0,40,8000,3.7143756816329008,0.3703449772918252,1.0133716074795773,3.5734732186581235,0.5978928804397583,4.237850189208984
0.01,fourier,1.5,down_inv,1.0,45,8000,3.5140189899373953,0.3520509020406359,0.9673821259479587,3.3782456016150646,0.7711924910545349,5.062671184539795
0.01,fourier,1.5,down_inv,1.0,50,8000,3.663855650352508,0.32583865996225037,0.8999513612796622,3.551614023998598,0.8189473152160645,2.6634209156036377
0.01,fourier,1.5,down_inv,3.0,0,8000,2.7109372276757897,0.24666674529909577,0.6810041184868082,2.6240112208203867,0.6881411671638489,1.9609637260437012
0.01,fourier,1.5,down_inv,3.0,5,8000,2.9605468775190764,0.29108489083389044,0.7788059277263479,2.856278418117709,0.6941553354263306,3.8905189037323
0.01,fourier,1.5,down_inv,3.0,10,8000,3.173469829811903,0.28852665477535466,0.7766907421866863,3.076961059995758,0.49377599358558655,1.763355016708374
0.01,fourier,1.5,down_inv,3.0,15,8000,2.8419169448054,0.31295255453641546,0.8659555279698625,2.7067779088907025,1.348893404006958,10.562482833862305
0.01,fourier,1.5,down_inv,3.0,20,8000,2.8637233323257445,0.29925321446375613,0.8115310494521197,2.7463354274153904,1.0146899223327637,12.039616584777832
0.01,fourier,1.5,down_inv,3.0,25,8000,2.3134983671404505,0.24664812935826505,0.6735349863856172,2.2132884371780186,0.9889551401138306,17.36896514892578
0.01,fourier,1.5,down_inv,3.0,30,8000,3.101582299071254,0.29508113998783864,0.7996143539425112,2.9967412934641713,0.8298235535621643,2.372715711593628
0.01,fourier,1.5,down_inv,3.0,35,8000,3.433258657173337,0.3429502923528218,0.9329114829515192,3.3040853936808117,0.6666997671127319,4.680840015411377
0.01,fourier,1.5,down_inv,3.0,40,8000,3.083764827340553,0.27783540349814356,0.7141927106565401,2.999926200348519,0.9847284555435181,2.907909393310547
0.01,fourier,1.5,down_inv,3.0,45,8000,3.3110319489941036,0.3311812242676448,0.8947888389668138,3.1878396267691986,0.4974913001060486,4.379273414611816
0.01,fourier,1.5,down_inv,3.0,50,8000,3.1524713690831123,0.27671753915121705,0.7586426442685619,3.0598305408583153,0.8162833452224731,1.7495124340057373
0.01,fourier,1.5,down_inv,10.0,0,8000,2.5556713757984775,0.21532315802970167,0.5838113573600021,2.4880988322316826,4.710483074188232,2.183187961578369
0.01,fourier,1.5,down_inv,10.0,5,8000,2.6677965383593296,0.23425776942312626,0.6325820186057991,2.5917168720770865,0.3392874300479889,2.1936936378479004
0.01,fourier,1.5,down_inv,10.0,10,8000,2.1514433082366966,0.19397316184347527,0.5228608733709948,2.086944441731597,1.4542251825332642,2.239098310470581
0.01,fourier,1.5,down_inv,10.0,15,8000,2.613169740113626,0.2336862838353968,0.6315311587875155,2.5357133930338462,0.7569884657859802,1.721465826034546
0.01,fourier,1.5,down_inv,10.0,20,8000,2.7848366820004427,0.2647038691468363,0.7257310084488685,2.688615539765588,0.85210782289505,2.544126033782959
0.01,fourier,1.5,down_inv,10.0,25,8000,2.756040465246016,0.28393967909120366,0.7878133402613688,2.6410484815856106,1.330222487449646,27.858041763305664
0.01,fourier,1.5,down_inv,10.0,30,8000,2.9214591586368472,0.25665464435797014,0.6878699503509109,2.839327352277272,0.8401584625244141,2.0893473625183105
0.01,fourier,1.5,down_inv,10.0,35,8000,2.0712098337788856,0.1996496609460872,0.557524368712432,1.9947658319314878,1.9781897068023682,5.821244239807129
0.01,fourier,1.5,down_inv,10.0,40,8000,2.2688845243925853,0.19693298170717574,0.5470607765035556,2.20194798820853,1.1441497802734375,1.3747676610946655
0.01,fourier,1.5,down_inv,10.0,45,8000,2.803374435616692,0.24144447133898886,0.6688030553488158,2.7224310465485124,1.7041294574737549,3.2560598850250244
0.01,fourier,1.5,down_inv,10.0,50,8000,2.8340336832672484,0.23732195949350446,0.6330668782299124,2.7624248873685224,6.640784740447998,1.6450039148330688
0.01,fourier,15.0,uniform,1.0,0,8000,3.1506899982515,0.2779246021901059,0.7447937060996225,3.061397512937533,0.995332658290863,2.380025863647461
0.01,fourier,15.0,uniform,1.0,5,8000,3.1289284356058986,0.26977778433917515,0.7217840046405243,3.044543384627631,0.633640706539154,1.650057315826416
0.01,fourier,15.0,uniform,1.0,10,8000,3.225886729086828,0.30532223567120303,0.8153028710682338,3.1211626508577694,0.627905011177063,2.653308153152466
0.01,fourier,15.0,uniform,1.0,15,8000,2.982886039365576,0.27283376493187095,0.7289545344525195,2.892448494472801,0.7385290265083313,2.33404541015625
0.01,fourier,15.0,uniform,1.0,20,8000,3.5369085981678707,0.2994808804966242,0.7998835425212552,3.445277565976559,0.7603588104248047,1.7008758783340454
0.01,fourier,15.0,uniform,1.0,25,8000,2.6925441088846016,0.23953365807353197,0.65468235121809,2.611743490682426,1.2955803871154785,2.6678738594055176
0.01,fourier,15.0,uniform,1.0,30,8000,3.192676226266603,0.3072331009780573,0.8340723780807259,3.081807265401138,0.9318447113037109,4.410286903381348
0.01,fourier,15.0,uniform,1.0,35,8000,3.2215383813734033,0.29539046606063357,0.8067882273972212,3.118883061902007,0.8891657590866089,2.1549811363220215
0.01,fourier,15.0,uniform,1.0,40,8000,3.2564799403422127,0.2813537583330735,0.740608993302928,3.171148778171148,0.6429495215415955,1.693049430847168
0.01,fourier,15.0,uniform,1.0,45,8000,2.82326613928273,0.24817204003153978,0.6739608498670375,2.7416471109769804,0.7911033034324646,2.3481662273406982
0.01,fourier,15.0,uniform,1.0,50,8000,2.8878923046155287,0.2728483639688472,0.7126592762726981,2.798582059867258,0.9235387444496155,2.697303056716919
0.01,fourier,15.0,rational,1.0,0,8000,3.1506899982515,0.2779246021901059,0.7447937060996225,3.061397512937533,0.995332658290863,2.380025863647461
0.01,fourier,15.0,rational,1.0,5,8000,3.1289284356058986,0.26977778433917515,0.7217840046405243,3.044543384627631,0.633640706539154,1.650057315826416
0.01,fourier,15.0,rational,1.0,10,8000,3.225886729086828,0.30532223567120303,0.8153028710682338,3.1211626508577694,0.627905011177063,2.653308153152466
0.01,fourier,15.0,rational,1.0,15,8000,2.982886039365576,0.27283376493187095,0.7289545344525195,2.892448494472801,0.7385290265083313,2.33404541015625
0.01,fourier,15.0,rational,1.0,20,8000,3.5369085981678707,0.2994808804966242,0.7998835425212552,3.445277565976559,0.7603588104248047,1.7008758783340454
0.01,fourier,15.0,rational,1.0,25,8000,2.6925441088846016,0.23953365807353197,0.65468235121809,2.611743490682426,1.2955803871154785,2.6678738594055176
0.01,fourier,15.0,rational,1.0,30,8000,3.192676226266603,0.3072331009780573,0.8340723780807259,3.081807265401138,0.9318447113037109,4.410286903381348
0.01,fourier,15.0,rational,1.0,35,8000,3.2215383813734033,0.29539046606063357,0.8067882273972212,3.118883061902007,0.8891657590866089,2.1549811363220215
0.01,fourier,15.0,rational,1.0,40,8000,3.2564799403422127,0.2813537583330735,0.740608993302928,3.171148778171148,0.6429495215415955,1.693049430847168
0.01,fourier,15.0,rational,1.0,45,8000,2.82326613928273,0.24817204003153978,0.6739608498670375,2.7416471109769804,0.7911033034324646,2.3481662273406982
0.01,fourier,15.0,rational,1.0,50,8000,2.8878923046155287,0.2728483639688472,0.7126592762726981,2.798582059867258,0.9235387444496155,2.697303056716919
0.01,fourier,15.0,rational,3.0,0,8000,3.1979828878024485,0.30388871899485864,0.8185893300013243,3.091445645100427,0.8784419298171997,3.7583487033843994
0.01,fourier,15.0,rational,3.0,5,8000,3.539233268083874,0.31326450708691944,0.8380438289199568,3.4385878253109694,0.9048026204109192,3.5621860027313232
0.01,fourier,15.0,rational,3.0,10,8000,3.9902623778874817,0.3694586202989539,0.9687322920229285,3.8708905653686982,0.5282447934150696,2.575568914413452
0.01,fourier,15.0,rational,3.0,15,8000,3.33529224289496,0.2943211660364732,0.7928908427846483,3.2396800324691593,0.6021171808242798,1.814089298248291
0.01,fourier,15.0,rational,3.0,20,8000,4.106997586888689,0.3364479550304602,0.8977486914000267,4.007681710083923,0.6884424090385437,3.055635929107666
0.01,fourier,15.0,rational,3.0,25,8000,3.3980702270694696,0.29120242690187365,0.7828821395037288,3.3066606071277325,0.7799146175384521,1.6373850107192993
0.01,fourier,15.0,rational,3.0,30,8000,3.8153549763827272,0.3113141897795705,0.8283342955375811,3.7243558811023547,0.6848107576370239,2.1833131313323975
0.01,fourier,15.0,rational,3.0,35,8000,3.9801708439029992,0.35035614589280234,0.943812395739289,3.866654645102312,0.6513386368751526,2.9283134937286377
0.01,fourier,15.0,rational,3.0,40,8000,3.4125714031134304,0.31039278762777933,0.8272523801441621,3.3107896095712106,0.5944115519523621,2.3704795837402344
0.01,fourier,15.0,rational,3.0,45,8000,3.4914234686939967,0.29774453214122515,0.7970508140746551,3.3992317353539176,0.4447713792324066,1.672891616821289
0.01,fourier,15.0,rational,3.0,50,8000,3.451288684426234,0.3334493405424692,0.9085664380000965,3.329555182418128,0.7657996416091919,3.499953031539917
0.01,fourier,15.0,rational,10.0,0,8000,4.000877739962157,0.34135999427365676,0.9011744080234559,3.898069249893913,0.3970206677913666,1.8851677179336548
0.01,fourier,15.0,rational,10.0,5,8000,4.4872473411690645,0.37553699375055793,1.0092778408259628,4.372275462925136,0.7145772576332092,2.324843645095825
0.01,fourier,15.0,rational,10.0,10,8000,4.6250589406909,0.38714546139656836,1.02717825680036,4.509559008913239,0.5870323181152344,2.296872854232788
0.01,fourier,15.0,rational,10.0,15,8000,3.445026818803695,0.3119355445458625,0.8437861868433546,3.3400997968457453,0.6206511855125427,3.3956806659698486
0.01,fourier,15.0,rational,10.0,20,8000,4.521912137194788,0.37685187421097094,1.0140278150786524,4.406754268342819,0.5757456421852112,3.230635166168213
0.01,fourier,15.0,rational,10.0,25,8000,3.5916836312459175,0.3012578377794928,0.8007756070319039,3.501282415736127,0.9518166184425354,1.5741229057312012
0.01,fourier,15.0,rational,10.0,30,8000,4.4249246696275115,0.3670656892834422,0.9911928366292097,4.312486434680147,0.5485875606536865,2.24605393409729
0.01,fourier,15.0,rational,10.0,35,8000,4.453878566613926,0.3595016632889239,0.9622908738954957,4.348686259020637,0.6983434557914734,1.8328373432159424
0.01,fourier,15.0,rational,10.0,40,8000,3.57508130301316,0.32352963739685225,0.8303513677940821,3.4773199332223856,0.5807723999023438,2.6269400119781494
0.01,fourier,15.0,rational,10.0,45,8000,3.7386724441606516,0.3449540303462958,0.902033233967679,3.6282288047569287,0.5255928039550781,2.600501775741577
0.01,fourier,15.0,rational,10.0,50,8000,4.210781943244066,0.3488968955890184,0.9531586279133794,4.1014892461915835,0.9626187682151794,4.957327365875244
0.01,fourier,15.0,down_inv,1.0,0,8000,3.1506899982515,0.2779246021901059,0.7447937060996225,3.061397512937533,0.995332658290863,2.380025863647461
0.01,fourier,15.0,down_inv,1.0,5,8000,3.1289284356058986,0.26977778433917515,0.7217840046405243,3.044543384627631,0.633640706539154,1.650057315826416
0.01,fourier,15.0,down_inv,1.0,10,8000,3.225886729086828,0.30532223567120303,0.8153028710682338,3.1211626508577694,0.627905011177063,2.653308153152466
0.01,fourier,15.0,down_inv,1.0,15,8000,2.982886039365576,0.27283376493187095,0.7289545344525195,2.892448494472801,0.7385290265083313,2.33404541015625
0.01,fourier,15.0,down_inv,1.0,20,8000,3.5369085981678707,0.2994808804966242,0.7998835425212552,3.445277565976559,0.7603588104248047,1.7008758783340454
0.01,fourier,15.0,down_inv,1.0,25,8000,2.6925441088846016,0.23953365807353197,0.65468235121809,2.611743490682426,1.2955803871154785,2.6678738594055176
0.01,fourier,15.0,down_inv,1.0,30,8000,3.192676226266603,0.3072331009780573,0.8340723780807259,3.081807265401138,0.9318447113037109,4.410286903381348
0.01,fourier,15.0,down_inv,1.0,35,8000,3.2215383813734033,0.29539046606063357,0.8067882273972212,3.118883061902007,0.8891657590866089,2.1549811363220215
0.01,fourier,15.0,down_inv,1.0,40,8000,3.2564799403422127,0.2813537583330735,0.740608993302928,3.171148778171148,0.6429495215415955,1.693049430847168
0.01,fourier,15.0,down_inv,1.0,45,8000,2.82326613928273,0.24817204003153978,0.6739608498670375,2.7416471109769804,0.7911033034324646,2.3481662273406982
0.01,fourier,15.0,down_inv,1.0,50,8000,2.8878923046155287,0.2728483639688472,0.7126592762726981,2.798582059867258,0.9235387444496155,2.697303056716919
0.01,fourier,15.0,down_inv,3.0,0,8000,2.8552603282528155,0.2646301301704984,0.708237818358487,2.7660320459437724,0.7995290756225586,2.915506362915039
0.01,fourier,15.0,down_inv,3.0,5,8000,2.7193163507395983,0.25241898848760075,0.6815523677027254,2.632525149555492,1.102636694908142,3.2964725494384766
0.01,fourier,15.0,down_inv,3.0,10,8000,2.7641571330589487,0.2519765347749686,0.6838113740541849,2.6782433939329,1.0416136980056763,2.725872039794922
0.01,fourier,15.0,down_inv,3.0,15,8000,2.4971686931637147,0.22681934194207584,0.6155226119368289,2.4201240514767752,0.6973198056221008,2.761259078979492
0.01,fourier,15.0,down_inv,3.0,20,8000,3.0294170169166557,0.26679706101237477,0.7254498410593856,2.9412775530422883,0.9848652482032776,2.7291388511657715
0.01,fourier,15.0,down_inv,3.0,25,8000,2.5874458336673456,0.23853986518820414,0.6266915461953072,2.5104085922198025,1.1860638856887817,2.5935182571411133
0.01,fourier,15.0,down_inv,3.0,30,8000,2.301741972305464,0.25186948983650403,0.6741465600845845,2.2008096121456275,1.0110812187194824,31.57655906677246
0.01,fourier,15.0,down_inv,3.0,35,8000,2.7571124739876374,0.2697170176527454,0.7207237136153928,2.661249681859989,1.3200671672821045,3.3940844535827637
0.01,fourier,15.0,down_inv,3.0,40,8000,2.853079497352615,0.2636142103429271,0.7221394137271385,2.760181284537722,0.8604490756988525,2.3922548294067383
0.01,fourier,15.0,down_inv,3.0,45,8000,2.482853847734786,0.22690928988312462,0.609079864345164,2.4069901582013964,1.9591599702835083,2.3157012462615967
0.01,fourier,15.0,down_inv,3.0,50,8000,2.4674397756806683,0.24878466267002858,0.6748080421469617,2.3733759961884484,0.7166591882705688,5.043622016906738
0.01,fourier,15.0,down_inv,10.0,0,8000,2.794009833119953,0.2405758979471609,0.6412317723682597,2.719435831579542,1.0465446710586548,2.7001516819000244
0.01,fourier,15.0,down_inv,10.0,5,8000,2.0988963386561887,0.18300427751595363,0.49723704623146525,2.039149889706672,1.4995795488357544,2.3631856441497803
0.01,fourier,15.0,down_inv,10.0,10,8000,2.765225925831823,0.26373302204024424,0.7196027048294511,2.669956861425817,1.0986099243164062,3.3403656482696533
0.01,fourier,15.0,down_inv,10.0,15,8000,2.145701197548787,0.17959850870394847,0.4814768006837263,2.090986403282137,0.6744312047958374,2.51492977142334
0.01,fourier,15.0,down_inv,10.0,20,8000,2.6199779937450978,0.2296950866687381,0.6212334020458553,2.5452644447200354,0.7617186307907104,1.7758750915527344
0.01,fourier,15.0,down_inv,10.0,25,8000,2.226557623061987,0.19733706344727667,0.5379733243452812,2.1605917149887377,0.8873767256736755,2.542965888977051
0.01,fourier,15.0,down_inv,10.0,30,8000,2.024683884041772,0.16971968269144147,0.45798958644019055,1.9722068340882555,0.8259557485580444,2.206071615219116
0.01,fourier,15.0,down_inv,10.0,35,8000,2.9148029399468474,0.2772035620767328,0.7467451979776292,2.817529565173433,1.7730144262313843,3.2879855632781982
0.01,fourier,15.0,down_inv,10.0,40,8000,2.567010298286957,0.2359233491845255,0.6478859506451016,2.483909123218741,0.9357828497886658,3.215113639831543
0.01,fourier,15.0,down_inv,10.0,45,8000,2.323464378990508,0.2045775231540852,0.5539827672598561,2.2564581998116755,0.6832183599472046,2.1965558528900146
0.01,fourier,15.0,down_inv,10.0,50,8000,1.9512076205904152,0.16790335385780528,0.45268032126691976,1.8979728437184937,0.5597594380378723,2.3227174282073975
0.001,mlp,0.0,uniform,1.0,0,8000,34.727605330793054,0.9959044412434034,2.558829997467571,34.63321029500066,0.06401550024747849,1.1887564659118652
0.001,mlp,0.0,uniform,1.0,5,8000,34.299984107206036,0.9955165333552705,2.558398170824859,34.204441272108845,0.08871665596961975,1.2880946397781372
0.001,mlp,0.0,uniform,1.0,10,8000,34.48472429350554,0.9950425020422133,2.5578631183938527,34.389734513756466,0.06385291367769241,1.2779875993728638
0.001,mlp,0.0,uniform,1.0,15,8000,35.07423978328069,0.9955631441874848,2.558448540074226,34.98080804723473,0.020410437136888504,1.0657016038894653
0.001,mlp,0.0,uniform,1.0,20,8000,32.94556188239878,0.9949278761391678,2.55773760475282,32.8461309764688,0.17731235921382904,1.7393630743026733
0.001,mlp,0.0,uniform,1.0,25,8000,35.19196111540008,0.9956011719508515,2.558490581694283,35.09883968588565,0.012988680973649025,1.0452402830123901
0.001,mlp,0.0,uniform,1.0,30,8000,35.096057591590196,0.9955677933497773,2.5584536474470694,35.00268371999318,0.019159823656082153,1.0640218257904053
0.001,mlp,0.0,uniform,1.0,35,8000,34.97906654265849,0.9954206710462968,2.5582893678971783,34.885391582492666,0.026555780321359634,1.0825257301330566
0.001,mlp,0.0,uniform,1.0,40,8000,32.56713719344424,0.9947319556717911,2.5575159985731735,32.46656481480379,0.19075122475624084,1.7392610311508179
0.001,mlp,0.0,uniform,1.0,45,8000,32.94380895819071,0.9950596681799087,2.5578865222292717,32.84436114888743,0.20419952273368835,2.0506632328033447
0.001,mlp,0.0,uniform,1.0,50,8000,35.12581262276875,0.9955605215831147,2.5584454352270964,35.032518658508295,0.016959944739937782,1.0595744848251343
0.001,mlp,0.0,rational,1.0,0,8000,34.727605330793054,0.9959044412434034,2.558829997467571,34.63321029500066,0.06401550024747849,1.1887564659118652
0.001,mlp,0.0,rational,1.0,5,8000,34.299984107206036,0.9955165333552705,2.558398170824859,34.204441272108845,0.08871665596961975,1.2880946397781372
0.001,mlp,0.0,rational,1.0,10,8000,34.48472429350554,0.9950425020422133,2.5578631183938527,34.389734513756466,0.06385291367769241,1.2779875993728638
0.001,mlp,0.0,rational,1.0,15,8000,35.07423978328069,0.9955631441874848,2.558448540074226,34.98080804723473,0.020410437136888504,1.0657016038894653
0.001,mlp,0.0,rational,1.0,20,8000,32.94556188239878,0.9949278761391678,2.55773760475282,32.8461309764688,0.17731235921382904,1.7393630743026733
0.001,mlp,0.0,rational,1.0,25,8000,35.19196111540008,0.9956011719508515,2.558490581694283,35.09883968588565,0.012988680973649025,1.0452402830123901
0.001,mlp,0.0,rational,1.0,30,8000,35.096057591590196,0.9955677933497773,2.5584536474470694,35.00268371999318,0.019159823656082153,1.0640218257904053
0.001,mlp,0.0,rational,1.0,35,8000,34.97906654265849,0.9954206710462968,2.5582893678971783,34.885391582492666,0.026555780321359634,1.0825257301330566
0.001,mlp,0.0,rational,1.0,40,8000,32.56713719344424,0.9947319556717911,2.5575159985731735,32.46656481480379,0.19075122475624084,1.7392610311508179
0.001,mlp,0.0,rational,1.0,45,8000,32.94380895819071,0.9950596681799087,2.5578865222292717,32.84436114888743,0.20419952273368835,2.0506632328033447
0.001,mlp,0.0,rational,1.0,50,8000,35.12581262276875,0.9955605215831147,2.5584454352270964,35.032518658508295,0.016959944739937782,1.0595744848251343
0.001,mlp,0.0,rational,3.0,0,8000,34.731396327083736,0.9959230378925733,2.5588506102171373,34.63701010004548,0.06526001542806625,1.192658543586731
0.001,mlp,0.0,rational,3.0,5,8000,34.309309061779885,0.9955134935183869,2.5583947977184365,34.213792519070424,0.08758214861154556,1.2828781604766846
0.001,mlp,0.0,rational,3.0,10,8000,34.49080965390183,0.9950512639249953,2.5578729853341295,34.39583594615568,0.06370355933904648,1.278601884841919
0.001,mlp,0.0,rational,3.0,15,8000,35.0742341353017,0.9955604619784699,2.558445507016446,34.98080260599394,0.02031586691737175,1.0650007724761963
0.001,mlp,0.0,rational,3.0,20,8000,32.88559958739988,0.9948890139107742,2.557693427072921,32.78599027903364,0.1798790693283081,1.7508912086486816
0.001,mlp,0.0,rational,3.0,25,8000,33.357910321671724,0.9945200683109522,2.557269648053624,33.259748148466166,0.1304507553577423,1.442407250404358
0.001,mlp,0.0,rational,3.0,30,8000,34.5819413983203,0.9954637236399995,2.5583390903632743,34.487184085469025,0.05591661483049393,1.1718460321426392
0.001,mlp,0.0,rational,3.0,35,8000,35.04770859437829,0.9954542465014802,2.5583270371676083,34.95421483389425,0.02428768016397953,1.0793774127960205
0.001,mlp,0.0,rational,3.0,40,8000,32.566116423146326,0.9947284389977493,2.5575119608652037,32.46554120040536,0.19064128398895264,1.7373093366622925
0.001,mlp,0.0,rational,3.0,45,8000,32.95961645978002,0.9950750461782607,2.55790391102328,32.86021513665354,0.20432531833648682,2.054509401321411
0.001,mlp,0.0,rational,3.0,50,8000,35.16437110803884,0.9955803699298249,2.5584674723010146,35.071178107044375,0.014443001709878445,1.0504999160766602
0.001,mlp,0.0,rational,10.0,0,8000,34.45244789453194,0.9951993814672622,2.5580417990089694,34.357355576077836,0.060586877167224884,1.2259255647659302
0.001,mlp,0.0,rational,10.0,5,8000,34.31394245295234,0.9955121226115571,2.5583931951166723,34.218438963599695,0.08701333403587341,1.2802141904830933
0.001,mlp,0.0,rational,10.0,10,8000,34.49883068320056,0.9950525752271804,2.557874450090465,34.40387900903504,0.06345660239458084,1.2783457040786743
0.001,mlp,0.0,rational,10.0,15,8000,35.088856645081435,0.9955661840243684,2.558451820845707,34.99546369366838,0.019712921231985092,1.06565260887146
0.001,mlp,0.0,rational,10.0,20,8000,32.855385932531554,0.9948688079361954,2.5576703775334235,32.75568654495227,0.18113790452480316,1.7558001279830933
0.001,mlp,0.0,rational,10.0,25,8000,32.45264049375859,0.994002818893677,2.556671998284954,32.35177888612185,0.1894393116235733,1.686740756034851
0.001,mlp,0.0,rational,10.0,30,8000,34.28236084614514,0.995378172934572,2.5582435616886743,34.186780328247714,0.07997427880764008,1.2724008560180664
0.001,mlp,0.0,rational,10.0,35,8000,35.172523145656385,0.9956058807177888,2.5584959371871787,35.07934972568122,0.014430846087634563,1.0487396717071533
0.001,mlp,0.0,rational,10.0,40,8000,32.55883422291828,0.9947249223237076,2.557507979833941,32.45823674919682,0.19107842445373535,1.7391396760940552
0.001,mlp,0.0,rational,10.0,45,8000,32.96802279314394,0.9950840464796218,2.557914115059162,32.868646098386314,0.20454095304012299,2.0580670833587646
0.001,mlp,0.0,rational,10.0,50,8000,35.16969662843067,0.9955838269992219,2.5584713559437917,35.07651749328216,0.014035060070455074,1.0483647584915161
0.001,mlp,0.0,down_inv,1.0,0,8000,34.727605330793054,0.9959044412434034,2.558829997467571,34.63321029500066,0.06401550024747849,1.1887564659118652
0.001,mlp,0.0,down_inv,1.0,5,8000,34.299984107206036,0.9955165333552705,2.558398170824859,34.204441272108845,0.08871665596961975,1.2880946397781372
0.001,mlp,0.0,down_inv,1.0,10,8000,34.48472429350554,0.9950425020422133,2.5578631183938527,34.389734513756466,0.06385291367769241,1.2779875993728638
0.001,mlp,0.0,down_inv,1.0,15,8000,35.07423978328069,0.9955631441874848,2.558448540074226,34.98080804723473,0.020410437136888504,1.0657016038894653
0.001,mlp,0.0,down_inv,1.0,20,8000,32.94556188239878,0.9949278761391678,2.55773760475282,32.8461309764688,0.17731235921382904,1.7393630743026733
0.001,mlp,0.0,down_inv,1.0,25,8000,35.19196111540008,0.9956011719508515,2.558490581694283,35.09883968588565,0.012988680973649025,1.0452402830123901
0.001,mlp,0.0,down_inv,1.0,30,8000,35.096057591590196,0.9955677933497773,2.5584536474470694,35.00268371999318,0.019159823656082153,1.0640218257904053
0.001,mlp,0.0,down_inv,1.0,35,8000,34.97906654265849,0.9954206710462968,2.5582893678971783,34.885391582492666,0.026555780321359634,1.0825257301330566
0.001,mlp,0.0,down_inv,1.0,40,8000,32.56713719344424,0.9947319556717911,2.5575159985731735,32.46656481480379,0.19075122475624084,1.7392610311508179
0.001,mlp,0.0,down_inv,1.0,45,8000,32.94380895819071,0.9950596681799087,2.5578865222292717,32.84436114888743,0.20419952273368835,2.0506632328033447
0.001,mlp,0.0,down_inv,1.0,50,8000,35.12581262276875,0.9955605215831147,2.5584454352270964,35.032518658508295,0.016959944739937782,1.0595744848251343
0.001,mlp,0.0,down_inv,3.0,0,8000,34.724340403622534,0.9958881691753797,2.5588120258228377,34.62993779609454,0.06296252459287643,1.1854891777038574
0.001,mlp,0.0,down_inv,3.0,5,8000,34.279198468017725,0.9955207056804047,2.558402881068595,34.18359718479037,0.09112881869077682,1.299221158027649
0.001,mlp,0.0,down_inv,3.0,10,8000,34.21569798873191,0.9952107434873979,2.558055007624124,34.11994486423161,0.0797385573387146,1.2995396852493286
0.001,mlp,0.0,down_inv,3.0,15,8000,35.074484694474776,0.9955457396312104,2.558429085300715,34.981055035384195,0.019982540979981422,1.0637065172195435
0.001,mlp,0.0,down_inv,3.0,20,8000,33.0358954659554,0.9949874869550857,2.5578050024254173,32.93673203057247,0.17344968020915985,1.7213337421417236
0.001,mlp,0.0,down_inv,3.0,25,8000,35.25401796770132,0.9956511206431733,2.5585462617215553,35.16105684007141,0.00889772642403841,1.0248727798461914
0.001,mlp,0.0,down_inv,3.0,30,8000,35.19458350122069,0.995616967181717,2.5585082480556225,35.10146774107002,0.012892752885818481,1.042320728302002
0.001,mlp,0.0,down_inv,3.0,35,8000,34.859397247036576,0.9953679209356706,2.558230196378637,34.765404194880944,0.03398330137133598,1.1224528551101685
0.001,mlp,0.0,down_inv,3.0,40,8000,32.56786369833502,0.9947469164376297,2.5575330591977203,32.467292226309155,0.19152963161468506,1.7487902641296387
0.001,mlp,0.0,down_inv,3.0,45,8000,32.90877065756955,0.9950294486250075,2.5578524144706423,32.809219303053176,0.2045155018568039,2.049692153930664
0.001,mlp,0.0,down_inv,3.0,50,8000,35.06044845712241,0.995541328887497,2.5584241462326056,34.96698165543491,0.021472802385687828,1.0750784873962402
0.001,mlp,0.0,down_inv,10.0,0,8000,34.72500088862984,0.9958906725704603,2.5588147937405123,34.63059987706731,0.06311310827732086,1.1859517097473145
0.001,mlp,0.0,down_inv,10.0,5,8000,34.269112659312356,0.9955260700984345,2.5584089091221154,34.17348270949089,0.09250391274690628,1.3066091537475586
0.001,mlp,0.0,down_inv,10.0,10,8000,33.58699056120944,0.9949507108892592,2.557761835720811,33.489462273784206,0.12268850952386856,1.500400424003601
0.001,mlp,0.0,down_inv,10.0,15,8000,35.016217937965266,0.9956031389041291,2.5584929464620805,34.922627717954114,0.03625311329960823,1.120543360710144
0.001,mlp,0.0,down_inv,10.0,20,8000,33.150780733931725,0.9950590125288161,2.5578857785812166,33.05195573151704,0.1685083955526352,1.6975163221359253
0.001,mlp,0.0,down_inv,10.0,25,8000,35.32207034758262,0.9956707305713044,2.5585679281436007,35.229287219850576,0.005249479319900274,1.018401861190796
0.001,mlp,0.0,down_inv,10.0,30,8000,35.20264239613181,0.9956062383456574,2.5584962396910496,35.109548884413385,0.012283583171665668,1.0430532693862915
0.001,mlp,0.0,down_inv,10.0,35,8000,34.817993093732056,0.9953624373083513,2.5582239840070793,34.723888423761004,0.03813140466809273,1.1478694677352905
0.001,mlp,0.0,down_inv,10.0,40,8000,32.5749089442198,0.9947679568772354,2.557557102445485,32.474357397515746,0.1921304613351822,1.7581812143325806
0.001,mlp,0.0,down_inv,10.0,45,8000,32.8400284571017,0.9949640623296889,2.5577784227175395,32.74027386330264,0.21675114333629608,2.2701141834259033
0.001,mlp,0.0,down_inv,10.0,50,8000,34.95872445816867,0.9954746908946381,2.5583501171173038,34.86499038566326,0.027177855372428894,1.0821043252944946
0.001,fourier,1.5,uniform,1.0,0,8000,33.96417505130223,0.9899598723059099,2.54219801575659,33.86890471558528,0.16572369635105133,1.3074032068252563
0.001,fourier,1.5,uniform,1.0,5,8000,34.35883323383985,0.9956513590617524,2.558540514164781,34.263443870165304,0.5010181665420532,7.8878092765808105
0.001,fourier,1.5,uniform,1.0,10,8000,30.527083739351507,0.9837646808806197,2.5314629284569192,30.421946438261564,0.3344695270061493,2.955929756164551
0.001,fourier,1.5,uniform,1.0,15,8000,33.33486167101162,0.9947994877343216,2.5575636689311083,33.2366088025839,0.5297105312347412,30.494461059570312
0.001,fourier,1.5,uniform,1.0,20,8000,34.40688791466778,0.9897634974683913,2.5440681035202037,34.31270820488933,0.08937171846628189,1.1933778524398804
0.001,fourier,1.5,uniform,1.0,25,8000,34.744224824145476,0.9892668075366364,2.5426621316771953,34.651065185505935,0.07093290239572525,1.0989611148834229
0.001,fourier,1.5,uniform,1.0,30,8000,33.76718687034749,0.9891060926990721,2.5406456056198876,33.671476343608354,0.144133523106575,1.324426531791687
0.001,fourier,1.5,uniform,1.0,35,8000,34.45291943708927,0.9802503646894688,2.5195201270019525,34.36067463508556,0.15075208246707916,1.1371736526489258
0.001,fourier,1.5,uniform,1.0,40,8000,34.974408193906015,0.9938493326961927,2.553623297566793,34.88106262220299,0.04381035268306732,1.09038507938385
0.001,fourier,1.5,uniform,1.0,45,8000,34.17510950795359,0.985205888890481,2.5345921942309144,34.08099530564368,0.08151879906654358,1.2287120819091797
0.001,fourier,1.5,uniform,1.0,50,8000,32.90545886501917,0.9824131455603378,2.530012465195959,32.80805614075127,0.15772950649261475,1.550231695175171
0.001,fourier,1.5,rational,1.0,0,8000,33.96417505130223,0.9899598723059099,2.54219801575659,33.86890471558528,0.16572369635105133,1.3074032068252563
0.001,fourier,1.5,rational,1.0,5,8000,34.35883323383985,0.9956513590617524,2.558540514164781,34.263443870165304,0.5010181665420532,7.8878092765808105
0.001,fourier,1.5,rational,1.0,10,8000,30.527083739351507,0.9837646808806197,2.5314629284569192,30.421946438261564,0.3344695270061493,2.955929756164551
0.001,fourier,1.5,rational,1.0,15,8000,33.33486167101162,0.9947994877343216,2.5575636689311083,33.2366088025839,0.5297105312347412,30.494461059570312
0.001,fourier,1.5,rational,1.0,20,8000,34.40688791466778,0.9897634974683913,2.5440681035202037,34.31270820488933,0.08937171846628189,1.1933778524398804
0.001,fourier,1.5,rational,1.0,25,8000,34.744224824145476,0.9892668075366364,2.5426621316771953,34.651065185505935,0.07093290239572525,1.0989611148834229
0.001,fourier,1.5,rational,1.0,30,8000,33.76718687034749,0.9891060926990721,2.5406456056198876,33.671476343608354,0.144133523106575,1.324426531791687
0.001,fourier,1.5,rational,1.0,35,8000,34.45291943708927,0.9802503646894688,2.5195201270019525,34.36067463508556,0.15075208246707916,1.1371736526489258
0.001,fourier,1.5,rational,1.0,40,8000,34.974408193906015,0.9938493326961927,2.553623297566793,34.88106262220299,0.04381035268306732,1.09038507938385
0.001,fourier,1.5,rational,1.0,45,8000,34.17510950795359,0.985205888890481,2.5345921942309144,34.08099530564368,0.08151879906654358,1.2287120819091797
0.001,fourier,1.5,rational,1.0,50,8000,32.90545886501917,0.9824131455603378,2.530012465195959,32.80805614075127,0.15772950649261475,1.550231695175171
0.001,fourier,1.5,rational,3.0,0,8000,34.57698381333841,0.9949731222356948,2.557785312936103,34.482253957114025,0.12358278781175613,1.4614733457565308
0.001,fourier,1.5,rational,3.0,5,8000,34.39058568271514,0.9956312722964631,2.5585202475768627,34.2952861477204,0.4724729657173157,6.440133094787598
0.001,fourier,1.5,rational,3.0,10,8000,33.78364877988849,0.9857275858159538,2.5306835587182834,33.68873481525244,0.09882822632789612,1.3294514417648315
0.001,fourier,1.5,rational,3.0,15,8000,33.35360656646012,0.994855098867897,2.5576262719791947,33.25540426530159,0.520836591720581,30.32097053527832
0.001,fourier,1.5,rational,3.0,20,8000,34.35313557439955,0.9871607974827222,2.5364772170032692,34.25937092656657,0.08030466735363007,1.1674854755401611
0.001,fourier,1.5,rational,3.0,25,8000,34.543102802100584,0.9925030423081548,2.5474997868766294,34.44904189835152,0.06314687430858612,1.173157811164856
0.001,fourier,1.5,rational,3.0,30,8000,34.12558269196644,0.9875373235906753,2.539461357834943,34.030968542233325,0.08432130515575409,1.234537124633789
0.001,fourier,1.5,rational,3.0,35,8000,28.96965632529334,0.9834094968024032,2.5281902927307214,28.85913250127871,0.4296518564224243,5.095497131347656
0.001,fourier,1.5,rational,3.0,40,8000,34.61465872802935,0.9936505919104021,2.553557162946251,34.520345272669076,0.05265764892101288,1.1600756645202637
0.001,fourier,1.5,rational,3.0,45,8000,34.31757859061029,0.9950488797392043,2.5578795487745074,34.222123642469256,0.3223438262939453,3.3350155353546143
0.001,fourier,1.5,rational,3.0,50,8000,33.849548006742474,0.993732607901613,2.5543628818238293,33.75303577138624,0.10352499037981033,1.3439924716949463
0.001,fourier,1.5,rational,10.0,0,8000,34.3389937399897,0.9945767523281336,2.5573343568749483,34.243639204976965,0.15889465808868408,1.7123539447784424
0.001,fourier,1.5,rational,10.0,5,8000,31.994411949908137,0.9544654748315433,2.458627454409554,31.899809070691404,0.8179798126220703,1.518004298210144
0.001,fourier,1.5,rational,10.0,10,8000,33.71350513351253,0.9817397904685249,2.5251824438568375,33.618806769522166,0.17439207434654236,1.3094583749771118
0.001,fourier,1.5,rational,10.0,15,8000,33.338525321012774,0.9948877683843764,2.5576632546306217,33.24027561964206,0.5167887806892395,29.549570083618164
0.001,fourier,1.5,rational,10.0,20,8000,28.975898741044432,0.9437690568324013,2.4335232021601025,28.87353353577738,0.7885376214981079,3.0575854778289795
0.001,fourier,1.5,rational,10.0,25,8000,30.388891791430442,0.9560630542292571,2.4630113739129706,30.288918632706213,0.35609257221221924,2.002453565597534
0.001,fourier,1.5,rational,10.0,30,8000,34.42390956243397,0.9713697878205095,2.4910059136174887,34.33366741246303,0.0847783163189888,1.0920205116271973
0.001,fourier,1.5,rational,10.0,35,8000,30.155193223244694,0.9782031766142043,2.511439873541336,30.050434798447544,0.3298644423484802,3.118091106414795
0.001,fourier,1.5,rational,10.0,40,8000,32.80965461114722,0.9582169933354139,2.465312195915599,32.716906098293244,0.17621295154094696,1.272382378578186
0.001,fourier,1.5,rational,10.0,45,8000,33.58052346763771,0.968699364188838,2.4936724899097302,33.48781022043267,0.12238308787345886,1.2022360563278198
0.001,fourier,1.5,rational,10.0,50,8000,32.42045149368813,0.9669791407389985,2.484068344805095,32.32515053097695,0.3843614161014557,1.5512595176696777
0.001,fourier,1.5,down_inv,1.0,0,8000,33.96417505130223,0.9899598723059099,2.54219801575659,33.86890471558528,0.16572369635105133,1.3074032068252563
0.001,fourier,1.5,down_inv,1.0,5,8000,34.35883323383985,0.9956513590617524,2.558540514164781,34.263443870165304,0.5010181665420532,7.8878092765808105
0.001,fourier,1.5,down_inv,1.0,10,8000,30.527083739351507,0.9837646808806197,2.5314629284569192,30.421946438261564,0.3344695270061493,2.955929756164551
0.001,fourier,1.5,down_inv,1.0,15,8000,33.33486167101162,0.9947994877343216,2.5575636689311083,33.2366088025839,0.5297105312347412,30.494461059570312
0.001,fourier,1.5,down_inv,1.0,20,8000,34.40688791466778,0.9897634974683913,2.5440681035202037,34.31270820488933,0.08937171846628189,1.1933778524398804
0.001,fourier,1.5,down_inv,1.0,25,8000,34.744224824145476,0.9892668075366364,2.5426621316771953,34.651065185505935,0.07093290239572525,1.0989611148834229
0.001,fourier,1.5,down_inv,1.0,30,8000,33.76718687034749,0.9891060926990721,2.5406456056198876,33.671476343608354,0.144133523106575,1.324426531791687
0.001,fourier,1.5,down_inv,1.0,35,8000,34.45291943708927,0.9802503646894688,2.5195201270019525,34.36067463508556,0.15075208246707916,1.1371736526489258
0.001,fourier,1.5,down_inv,1.0,40,8000,34.974408193906015,0.9938493326961927,2.553623297566793,34.88106262220299,0.04381035268306732,1.09038507938385
0.001,fourier,1.5,down_inv,1.0,45,8000,34.17510950795359,0.985205888890481,2.5345921942309144,34.08099530564368,0.08151879906654358,1.2287120819091797
0.001,fourier,1.5,down_inv,1.0,50,8000,32.90545886501917,0.9824131455603378,2.530012465195959,32.80805614075127,0.15772950649261475,1.550231695175171
0.001,fourier,1.5,down_inv,3.0,0,8000,33.87585437607091,0.9889300412936555,2.540228132948176,33.78048313391288,0.14133045077323914,1.3114322423934937
0.001,fourier,1.5,down_inv,3.0,5,8000,34.389086538649906,0.9957104281246595,2.558601688145443,34.29377676188514,0.5458441376686096,9.313333511352539
0.001,fourier,1.5,down_inv,3.0,10,8000,34.71141390501447,0.9864268779175273,2.534174509459279,34.61878830172175,0.13951081037521362,1.087469458580017
0.001,fourier,1.5,down_inv,3.0,15,8000,33.295823334438246,0.9947628904824295,2.5575248875549215,33.19745791397133,0.5412143468856812,41.27018737792969
0.001,fourier,1.5,down_inv,3.0,20,8000,32.95707091583318,0.9784561109832038,2.5155629278021885,32.86093046342449,0.16604077816009521,1.5144628286361694
0.001,fourier,1.5,down_inv,3.0,25,8000,34.22097965893281,0.9886740764020205,2.536742789083463,34.12683217151948,0.13155148923397064,1.208519697189331
0.001,fourier,1.5,down_inv,3.0,30,8000,34.9750359543305,0.9917081957464616,2.5498079855973925,34.88197115207403,0.053849466145038605,1.0627591609954834
0.001,fourier,1.5,down_inv,3.0,35,8000,34.384553291385465,0.9910649052824172,2.547443189761696,34.290061678453256,0.07153703272342682,1.196792721748352
0.001,fourier,1.5,down_inv,3.0,40,8000,34.44762050659007,0.9859021849437104,2.532163929850105,34.35443192048409,0.1269809603691101,1.1525061130523682
0.001,fourier,1.5,down_inv,3.0,45,8000,34.51045963040465,0.9952462082510393,2.558107074566806,34.415522750830554,0.3936068117618561,3.511932611465454
0.001,fourier,1.5,down_inv,3.0,50,8000,34.465609186894916,0.9885328179006975,2.539705440654965,34.37191299300018,0.16089984774589539,1.1752172708511353
0.001,fourier,1.5,down_inv,10.0,0,8000,29.761657864737405,0.9925296904079676,2.5508676490070465,29.65214402954183,0.3894621729850769,4.0343017578125
0.001,fourier,1.5,down_inv,10.0,5,8000,34.4247635380187,0.9958060339748792,2.5587083468276055,34.32954486297116,0.6005046963691711,13.263199806213379
0.001,fourier,1.5,down_inv,10.0,10,8000,34.11583508402161,0.9884967209331751,2.541787559414229,34.021020117838745,0.11570341140031815,1.2405388355255127
0.001,fourier,1.5,down_inv,10.0,15,8000,33.30582884838584,0.9947032262330093,2.5574571848356227,33.20749827964125,0.5397154092788696,38.24433135986328
0.001,fourier,1.5,down_inv,10.0,20,8000,34.19540742045433,0.9769769077902238,2.5117160668023755,34.10304172058443,0.19793951511383057,1.149861454963684
0.001,fourier,1.5,down_inv,10.0,25,8000,34.52635986403726,0.9865704027497088,2.53216571783484,34.43338424290586,0.09812270849943161,1.1084331274032593
0.001,fourier,1.5,down_inv,10.0,30,8000,31.90721073089902,0.9887417553179324,2.5440949134619038,31.805627939095046,0.2270580232143402,1.9963183403015137
0.001,fourier,1.5,down_inv,10.0,35,8000,34.5903010009507,0.9867116549091551,2.534789657679468,34.497305018021706,0.10275430232286453,1.1179834604263306
0.001,fourier,1.5,down_inv,10.0,40,8000,33.771151292083644,0.990338081440724,2.549165776086143,33.67480817320993,0.12449730187654495,1.3140937089920044
0.001,fourier,1.5,down_inv,10.0,45,8000,34.48769928886448,0.9953047996168535,2.5581743314328804,34.39269457981888,0.4258943498134613,3.866791248321533
0.001,fourier,1.5,down_inv,10.0,50,8000,35.27071094151778,0.9951260452871721,2.557868576951608,35.177843207399754,0.043385099619627,1.1603087186813354
0.001,fourier,15.0,uniform,1.0,0,8000,35.128277122140375,0.9955919928355561,2.5584805624295113,35.03498715546426,0.023045701906085014,1.0725690126419067
0.001,fourier,15.0,uniform,1.0,5,8000,33.272799532988756,0.9950530458931961,2.5580328703476303,33.174326680367,0.813519299030304,27.87470054626465
0.001,fourier,15.0,uniform,1.0,10,8000,33.89179650697751,0.9838151707883354,2.5272842451285147,33.79744061146995,0.08818449079990387,1.2810778617858887
0.001,fourier,15.0,uniform,1.0,15,8000,32.736765431622366,0.9947422076706924,2.557465547749597,32.63671973200945,0.7868898510932922,28.68916130065918
0.001,fourier,15.0,uniform,1.0,20,8000,34.60322111164031,0.9866946711774345,2.534120794635683,34.51030906447544,0.2368478924036026,1.1389895677566528
0.001,fourier,15.0,uniform,1.0,25,8000,35.18571220281554,0.9954102627004775,2.5583922143899596,35.092581362424426,0.6986246705055237,21.98678207397461
0.001,fourier,15.0,uniform,1.0,30,8000,34.47742049538959,0.9942478529180678,2.5550611946291455,34.38261886075183,0.0662534236907959,1.191147804260254
0.001,fourier,15.0,uniform,1.0,35,8000,34.40493547025783,0.9922598367338579,2.5510937068404607,34.3102287680674,0.06631127744913101,1.2020225524902344
0.001,fourier,15.0,uniform,1.0,40,8000,34.76500746815407,0.9952515355314406,2.5581623024578257,34.670763533903994,0.8020457029342651,26.08456039428711
0.001,fourier,15.0,uniform,1.0,45,8000,33.921357562639294,0.9952287665571364,2.5582157317812055,33.82475905757755,0.8273934125900269,36.59306716918945
0.001,fourier,15.0,uniform,1.0,50,8000,33.8292723397762,0.9807781913356993,2.52130791574518,33.735188737397124,0.10074413567781448,1.2720541954040527
0.001,fourier,15.0,rational,1.0,0,8000,35.128277122140375,0.9955919928355561,2.5584805624295113,35.03498715546426,0.023045701906085014,1.0725690126419067
0.001,fourier,15.0,rational,1.0,5,8000,33.272799532988756,0.9950530458931961,2.5580328703476303,33.174326680367,0.813519299030304,27.87470054626465
0.001,fourier,15.0,rational,1.0,10,8000,33.89179650697751,0.9838151707883354,2.5272842451285147,33.79744061146995,0.08818449079990387,1.2810778617858887
0.001,fourier,15.0,rational,1.0,15,8000,32.736765431622366,0.9947422076706924,2.557465547749597,32.63671973200945,0.7868898510932922,28.68916130065918
0.001,fourier,15.0,rational,1.0,20,8000,34.60322111164031,0.9866946711774345,2.534120794635683,34.51030906447544,0.2368478924036026,1.1389895677566528
0.001,fourier,15.0,rational,1.0,25,8000,35.18571220281554,0.9954102627004775,2.5583922143899596,35.092581362424426,0.6986246705055237,21.98678207397461
0.001,fourier,15.0,rational,1.0,30,8000,34.47742049538959,0.9942478529180678,2.5550611946291455,34.38261886075183,0.0662534236907959,1.191147804260254
0.001,fourier,15.0,rational,1.0,35,8000,34.40493547025783,0.9922598367338579,2.5510937068404607,34.3102287680674,0.06631127744913101,1.2020225524902344
0.001,fourier,15.0,rational,1.0,40,8000,34.76500746815407,0.9952515355314406,2.5581623024578257,34.670763533903994,0.8020457029342651,26.08456039428711
0.001,fourier,15.0,rational,1.0,45,8000,33.921357562639294,0.9952287665571364,2.5582157317812055,33.82475905757755,0.8273934125900269,36.59306716918945
0.001,fourier,15.0,rational,1.0,50,8000,33.8292723397762,0.9807781913356993,2.52130791574518,33.735188737397124,0.10074413567781448,1.2720541954040527
0.001,fourier,15.0,rational,3.0,0,8000,35.11718953883419,0.9952955789370881,2.557544585762579,35.0239383962599,0.030369561165571213,1.071413278579712
0.001,fourier,15.0,rational,3.0,5,8000,33.249976813150454,0.9950377871041336,2.5580237989180543,33.151436868047796,0.8145490288734436,32.316627502441406
0.001,fourier,15.0,rational,3.0,10,8000,34.68624200308005,0.9893635883565421,2.541224815593327,34.59303182694033,0.08771766722202301,1.1430447101593018
0.001,fourier,15.0,rational,3.0,15,8000,32.73099018877403,0.9947407771592178,2.5574686672244953,32.63092653791951,0.7761781215667725,27.82233238220215
0.001,fourier,15.0,rational,3.0,20,8000,34.98148275243092,0.9858441032672357,2.529778191895049,34.889893171181,0.10988818854093552,1.0964205265045166
0.001,fourier,15.0,rational,3.0,25,8000,35.16664089320761,0.9955751843257294,2.5584573636266317,35.07345466056881,0.03226295858621597,1.1105772256851196
0.001,fourier,15.0,rational,3.0,30,8000,34.73412826540034,0.9902083733625698,2.5424540858996605,34.6409567435154,0.1378716081380844,1.1218221187591553
0.001,fourier,15.0,rational,3.0,35,8000,34.64435193166482,0.9928984001934461,2.5513571191321978,34.55028205647103,0.05878444015979767,1.1568176746368408
0.001,fourier,15.0,rational,3.0,40,8000,34.76143304524774,0.9952549329961928,2.5581644252961153,34.667179237164284,0.8077113032341003,29.623111724853516
0.001,fourier,15.0,rational,3.0,45,8000,33.94337314875867,0.9952418199743422,2.55823326081606,33.84683615117132,0.8275852799415588,35.27218246459961
0.001,fourier,15.0,rational,3.0,50,8000,34.308718356386336,0.9898766876690149,2.5434127080376583,34.214317146500086,0.07399334013462067,1.2265375852584839
0.001,fourier,15.0,rational,10.0,0,8000,34.885950630777344,0.9955203896170061,2.558435946403294,34.79201418591498,0.17356254160404205,1.7691876888275146
0.001,fourier,15.0,rational,10.0,5,8000,33.23520550917863,0.9950314094071426,2.5580136020463473,33.136622425100676,0.8106353878974915,31.480728149414062
0.001,fourier,15.0,rational,10.0,10,8000,33.92352999428794,0.985547868182702,2.5311759773682967,33.82897165745484,0.10226011276245117,1.2898099422454834
0.001,fourier,15.0,rational,10.0,15,8000,32.716009424603115,0.9947360683922806,2.557467439618307,32.61589990993722,0.7725728154182434,25.939762115478516
0.001,fourier,15.0,rational,10.0,20,8000,34.93920171726703,0.9952765470152299,2.558161167240401,34.84542900024095,0.19527678191661835,1.9978516101837158
0.001,fourier,15.0,rational,10.0,25,8000,35.100945917769764,0.9955006189151154,2.5583770498898315,35.00759068217884,0.08710617572069168,1.3351110219955444
0.001,fourier,15.0,rational,10.0,30,8000,34.718274719175895,0.9938737490253661,2.553474141927735,34.62424962846704,0.05350659415125847,1.1345775127410889
0.001,fourier,15.0,rational,10.0,35,8000,34.291341807695055,0.9950614563192519,2.557893116818391,34.195812606838366,0.25487375259399414,2.2958335876464844
0.001,fourier,15.0,rational,10.0,40,8000,34.76113987824969,0.9952551714147719,2.5581637394337227,34.666885323700676,0.8093282580375671,29.765207290649414
0.001,fourier,15.0,rational,10.0,45,8000,33.64037467651348,0.9840983704388074,2.5295108269166495,33.54514377566317,0.10195071995258331,1.3385977745056152
0.001,fourier,15.0,rational,10.0,50,8000,33.91822007446569,0.981458838349574,2.5234854325683695,33.8242215061971,0.10689214617013931,1.2665719985961914
0.001,fourier,15.0,down_inv,1.0,0,8000,35.128277122140375,0.9955919928355561,2.5584805624295113,35.03498715546426,0.023045701906085014,1.0725690126419067
0.001,fourier,15.0,down_inv,1.0,5,8000,33.272799532988756,0.9950530458931961,2.5580328703476303,33.174326680367,0.813519299030304,27.87470054626465
0.001,fourier,15.0,down_inv,1.0,10,8000,33.89179650697751,0.9838151707883354,2.5272842451285147,33.79744061146995,0.08818449079990387,1.2810778617858887
0.001,fourier,15.0,down_inv,1.0,15,8000,32.736765431622366,0.9947422076706924,2.557465547749597,32.63671973200945,0.7868898510932922,28.68916130065918
0.001,fourier,15.0,down_inv,1.0,20,8000,34.60322111164031,0.9866946711774345,2.534120794635683,34.51030906447544,0.2368478924036026,1.1389895677566528
0.001,fourier,15.0,down_inv,1.0,25,8000,35.18571220281554,0.9954102627004775,2.5583922143899596,35.092581362424426,0.6986246705055237,21.98678207397461
0.001,fourier,15.0,down_inv,1.0,30,8000,34.47742049538959,0.9942478529180678,2.5550611946291455,34.38261886075183,0.0662534236907959,1.191147804260254
0.001,fourier,15.0,down_inv,1.0,35,8000,34.40493547025783,0.9922598367338579,2.5510937068404607,34.3102287680674,0.06631127744913101,1.2020225524902344
0.001,fourier,15.0,down_inv,1.0,40,8000,34.76500746815407,0.9952515355314406,2.5581623024578257,34.670763533903994,0.8020457029342651,26.08456039428711
0.001,fourier,15.0,down_inv,1.0,45,8000,33.921357562639294,0.9952287665571364,2.5582157317812055,33.82475905757755,0.8273934125900269,36.59306716918945
0.001,fourier,15.0,down_inv,1.0,50,8000,33.8292723397762,0.9807781913356993,2.52130791574518,33.735188737397124,0.10074413567781448,1.2720541954040527
0.001,fourier,15.0,down_inv,3.0,0,8000,35.08071624399052,0.9950426772892408,2.5567669770895916,34.987424721237595,0.03466668352484703,1.0689746141433716
0.001,fourier,15.0,down_inv,3.0,5,8000,33.29650305976357,0.9950405289177933,2.5580117081251763,33.19810214762444,0.818470299243927,31.45363426208496
0.001,fourier,15.0,down_inv,3.0,10,8000,34.84890983321728,0.9883418419437621,2.5385987967639445,34.75632780315093,0.07263707369565964,1.0855319499969482
0.001,fourier,15.0,down_inv,3.0,15,8000,32.76498225411848,0.9947422076706924,2.557461512136309,32.665023292419505,0.7974486947059631,25.95213508605957
0.001,fourier,15.0,down_inv,3.0,20,8000,35.15442590324719,0.9951482967197828,2.557209855629998,35.06129821114705,0.029511818662285805,1.0721845626831055
0.001,fourier,15.0,down_inv,3.0,25,8000,35.01123430997112,0.9934626169009553,2.553585296484999,34.917989963892744,0.040072325617074966,1.1061595678329468
0.001,fourier,15.0,down_inv,3.0,30,8000,34.538736650091444,0.9896159128010206,2.543483158141028,34.444960641167626,0.12139443308115005,1.1733453273773193
0.001,fourier,15.0,down_inv,3.0,35,8000,34.546046234796535,0.9930974797069959,2.55144591136179,34.451701362987315,0.06791820377111435,1.181376338005066
0.001,fourier,15.0,down_inv,3.0,40,8000,34.76531952613161,0.9952455750669631,2.558158493386351,34.67107672116144,0.789999783039093,29.731792449951172
0.001,fourier,15.0,down_inv,3.0,45,8000,33.919395926781746,0.9952356806959304,2.558221999283559,33.822791345225816,0.8241738677024841,34.508174896240234
0.001,fourier,15.0,down_inv,3.0,50,8000,34.2485211087648,0.9854329771800385,2.5322544532606805,34.154782589306876,0.1043429747223854,1.1951661109924316
0.001,fourier,15.0,down_inv,10.0,0,8000,34.95216045623428,0.9950518555446015,2.5570986718018087,34.85850055331235,0.042024146765470505,1.1131161451339722
0.001,fourier,15.0,down_inv,10.0,5,8000,33.32470405058892,0.9950408865456619,2.5580163664334803,33.22638629799566,0.8167893886566162,27.64490509033203
0.001,fourier,15.0,down_inv,10.0,10,8000,34.93603789911002,0.9952360935016022,2.557781755801199,34.84228452066592,0.0395728200674057,1.1288143396377563
0.001,fourier,15.0,down_inv,10.0,15,8000,32.764544366198784,0.9947311212067642,2.55745167730808,32.66458483446942,0.8031405210494995,26.920635223388672
0.001,fourier,15.0,down_inv,10.0,20,8000,35.24585518481677,0.9955367393298493,2.558376549387118,35.152884822140635,0.025446025654673576,1.085936427116394
0.001,fourier,15.0,down_inv,10.0,25,8000,35.17699278625258,0.9954200378622207,2.558391468233507,35.08383885439037,0.7001416087150574,19.751144409179688
0.001,fourier,15.0,down_inv,10.0,30,8000,35.22324212870353,0.9955860919757233,2.5584625955803397,35.130205655562904,0.018324781209230423,1.060354471206665
0.001,fourier,15.0,down_inv,10.0,35,8000,34.76036912451912,0.9900002288803296,2.5425632308382857,34.667260123100114,0.054171640425920486,1.1110848188400269
0.001,fourier,15.0,down_inv,10.0,40,8000,34.76958441162605,0.9952534428800734,2.558169405763255,34.67535239300438,0.7762905955314636,29.864036560058594
0.001,fourier,15.0,down_inv,10.0,45,8000,33.90240490956984,0.995203136559883,2.558189731450612,33.8057542155981,0.8239565491676331,33.504493713378906
0.001,fourier,15.0,down_inv,10.0,50,8000,34.484412709944536,0.9895624890561576,2.540892883932268,34.39068003795807,0.08005592226982117,1.175154685974121
