nu,seed,beta,phase0_L2,gate_ok,L2,Linf,TV,l2_band,l2_smooth,loss_shock,loss_smooth,wmean_shock,osc,width_ratio,best_epoch,T05,T02,T01,gap_final_best,focus_t,grad_energy_t,wshock_t,Cw,eta_gate,eta_end,cos_gate,cos_end
0.01,0,1.0,0.06025448068976402,0,0.028779668733477592,0.24943074584007263,0.0013626813888549805,0.2554740607738495,0.004568437580019236,0.29213932156562805,0.00035197800025343895,1.0,25,1.0444444417953491,5800,200.0,nan,nan,0.0013197511434555054,1.0,43.50284613720128,1.0,1.0,191331.22998749936,489630.8694053973,0.27839550375938416,0.27971726655960083
0.01,0,5.0,0.06025448068976402,0,0.039152633398771286,0.2966742515563965,4.887580871582031e-06,0.3157552480697632,0.01740420050919056,0.5331873297691345,0.0013598166406154633,4.493653774261475,3,1.111111044883728,1400,200.0,nan,nan,0.006323512643575668,1.4309177906260622,38.25104390258675,4.497506141662598,1.0,326460.9486234241,460375.06876761914,0.25076374411582947,0.4481569230556488
0.01,0,10.0,0.06025448068976402,0,0.04588668420910835,0.2843448519706726,0.006136178970336914,0.29856938123703003,0.03185946121811867,0.6417854428291321,0.007322160992771387,8.860718727111816,10,1.1555556058883667,2800,200.0,nan,nan,0.00039333105087280273,1.523437761066603,36.255757161818345,8.869388580322266,1.0,352701.96196203836,41287.4481046611,0.2448527067899704,0.1728779524564743
0.01,0,15.0,0.06025448068976402,0,0.03429792821407318,0.2855353355407715,0.0001289844512939453,0.30033639073371887,0.0078027211129665375,0.11144138127565384,0.00020719565509352833,13.227787017822266,5,1.0444444417953491,7400,200.0,nan,nan,0.003661416471004486,1.5576460568034267,41.4193767862935,13.24127197265625,1.0,362084.4299688619,772434.5080807753,0.2426929473876953,0.30610737204551697
0.01,0,30.0,0.06025448068976402,0,0.03397057577967644,0.29151487350463867,0.0035790205001831055,0.30299609899520874,0.004260108340531588,0.22569051384925842,0.00033493421506136656,26.3289852142334,35,1.0444444417953491,7200,200.0,nan,nan,0.007194880396127701,1.5937749592895065,38.86312335127887,26.35692024230957,1.0,371801.5060577645,701737.7188465878,0.24042952060699463,0.28554704785346985
0.01,0,60.0,0.06025448068976402,0,0.03460661321878433,0.287593275308609,0.00025963783264160156,0.30320850014686584,0.007790979463607073,0.18462619185447693,0.0002688969252631068,52.53138732910156,15,1.0444444417953491,7400,200.0,nan,nan,0.002741154283285141,1.6126107262236546,40.516900135012634,52.58821487426758,1.0,376788.6260704037,1393471.7682184994,0.23925721645355225,0.25349706411361694
0.01,5,1.0,0.07370549440383911,0,0.008399092592298985,0.04489782452583313,0.007467865943908691,0.04688941687345505,0.006624244619160891,0.1925872266292572,0.0021028267219662666,1.0,34,1.0444444417953491,2400,200.0,200.0,600.0,0.00596714997664094,1.0,72.31658304332093,1.0,1.0,680.5440803358784,7446.292162321179,-0.00836715754121542,0.18530729413032532
0.01,5,5.0,0.07370549440383911,0,0.0059376307763159275,0.013755381107330322,0.017946481704711914,0.01676180213689804,0.005672466941177845,0.03927408903837204,0.00665571354329586,4.52028751373291,48,1.0444444417953491,4800,200.0,200.0,1600.0,0.015619569458067417,1.4287317271157012,65.07991952108846,4.528702259063721,1.0,1331.8853811191648,507.5306843816803,-0.006364662200212479,0.14856448769569397
0.01,5,10.0,0.07370549440383911,0,0.004280237480998039,0.013257861137390137,0.00484919548034668,0.015877049416303635,0.0039231982082128525,0.10851714015007019,0.0010109123541042209,8.920647621154785,45,1.0444444417953491,7999,200.0,200.0,1600.0,0.0,1.5198443095879135,70.01760576278522,8.939579963684082,1.0,1486.26964880103,14043.796841222069,-0.005935131572186947,0.5730669498443604
0.01,5,15.0,0.07370549440383911,0,0.010393244214355946,0.0336395800113678,0.007330536842346191,0.037607356905937195,0.009573507122695446,0.048746876418590546,0.002383549464866519,13.321009635925293,34,1.066666603088379,4400,200.0,200.0,1800.0,0.010478411335498095,1.5534491825537942,60.62811321062859,13.350459098815918,1.0,1544.3212569795228,3016.7130712311864,-0.005777464713901281,0.13938722014427185
0.01,5,30.0,0.07370549440383911,0,0.006838181056082249,0.017599016427993774,0.002530336380004883,0.02139407768845558,0.006450711749494076,0.14713269472122192,0.0010196893708780408,26.522085189819336,32,1.0444444417953491,6800,200.0,400.0,800.0,0.0032845400273799896,1.5888920493248415,65.62230364455635,26.583093643188477,1.0,1606.150518618728,44370.22484755358,-0.005611728876829147,0.20197175443172455
0.01,5,60.0,0.07370549440383911,0,0.007618915755301714,0.016962528228759766,0.003985404968261719,0.014307321980595589,0.0074973576702177525,0.2823496162891388,0.001401665504090488,52.924251556396484,37,1.0444444417953491,7800,200.0,400.0,400.0,0.003997755004093051,1.6073505579310048,69.18777788513437,53.048362731933594,1.0,1638.5863670292877,45854.76435721378,-0.005525635555386543,0.15554966032505035
0.01,10,1.0,0.10586489737033844,0,0.10660869628190994,0.8579614162445068,0.09209811687469482,0.9106324315071106,0.033429522067308426,30.763124465942383,0.32070446014404297,1.0,48,1.1555556058883667,0,nan,nan,nan,0.011195108294487,1.0,3.943430371801402,1.0,1.0,816.5168531230142,5384.869422978695,0.22016902267932892,0.5454071164131165
0.01,10,5.0,0.10586489737033844,0,0.1061890721321106,0.8558046817779541,0.07373809814453125,0.9078289270401001,0.033030275255441666,35.19340133666992,0.31207963824272156,4.2021074295043945,49,1.1555556058883667,0,nan,nan,nan,0.007635265588760376,1.3367351166300274,3.8977588908102567,4.207852840423584,1.0,1697.2984347601953,7626.220242133946,0.25041598081588745,0.593711256980896
0.01,10,10.0,0.10586489737033844,0,0.10275180637836456,0.8358936309814453,0.0021147727966308594,0.8960292339324951,0.025109928101301193,0.21934100985527039,0.0016552936285734177,8.204742431640625,24,1.0888888835906982,200,nan,nan,nan,0.016040772199630737,1.4089010162590494,3.3692779570154094,8.217670440673828,1.0,1912.5956979595533,22250.975738808513,0.25651997327804565,-0.18575696647167206
0.01,10,15.0,0.10586489737033844,0,0.10607367008924484,0.855275571346283,0.06928861141204834,0.9070491194725037,0.03292310982942581,36.060672760009766,0.3117147982120514,12.207376480102539,49,1.1555556058883667,0,nan,nan,nan,0.013133890926837921,1.4355716165150454,3.558221334139204,12.227486610412598,1.0,1994.074930557342,7954.443782108187,0.25873875617980957,0.5991945266723633
0.01,10,30.0,0.10586489737033844,0,0.10179024934768677,0.8122506737709045,0.0018513202667236328,0.8620173931121826,0.034359466284513474,0.6412092447280884,0.006878586485981941,24.215280532836914,7,1.1333333253860474,7200,nan,nan,nan,0.0,1.4637325232805205,5.542226659431106,24.25693702697754,1.0,2081.1550374151407,13752.894214665994,0.26105964183807373,0.4590756297111511
0.01,10,60.0,0.10586489737033844,0,0.10604019463062286,0.8549553155899048,0.06791520118713379,0.906771183013916,0.032909851521253586,36.279075622558594,0.3107292950153351,48.2310905456543,48,1.1555556058883667,0,nan,nan,nan,0.007518403232097626,1.478411607936591,4.101526384028492,48.315834045410156,1.0,2126.9555302604144,8111.791943659185,0.2622604966163635,0.5999051332473755
0.01,15,1.0,0.08869197964668274,0,0.07601254433393478,0.637040913105011,0.001756429672241211,0.672021746635437,0.013846215792000294,0.11065173894166946,0.0005359961651265621,1.0,24,1.066666603088379,6400,nan,nan,nan,0.002700597047805786,1.0,12.805862060706527,1.0,1.0,4936.426140655568,77075.57781939967,0.21959203481674194,0.3207002580165863
0.01,15,5.0,0.08869197964668274,0,0.0833791121840477,0.6854553818702698,0.00010192394256591797,0.7235608696937561,0.021894603967666626,0.3833787739276886,0.0018026453908532858,4.276879787445068,6,1.111111044883728,6600,nan,nan,nan,0.0042631179094314575,1.3554089203823612,10.7814326484234,4.283992290496826,1.0,8125.298704449699,94639.79894305262,0.24610678851604462,0.24265220761299133
0.01,15,10.0,0.08869197964668274,0,0.08174051344394684,0.6722491979598999,0.004005908966064453,0.7169614434242249,0.018014809116721153,0.7882964611053467,0.00801267009228468,8.372977256774902,42,1.066666603088379,5200,nan,nan,nan,0.0017595142126083374,1.4312022897968866,10.221292022866733,8.388983726501465,1.0,8750.676603511496,8213.741444653322,0.25042903423309326,0.3975154757499695
0.01,15,15.0,0.08869197964668274,0,0.07555051892995834,0.5994693636894226,5.0902366638183594e-05,0.6368731260299683,0.026405559852719307,0.4791133403778076,0.0034996855538338423,12.469077110290527,5,1.1555554866790771,5800,nan,nan,nan,0.0006914883852005005,1.459180120664967,14.254327427830694,12.493973731994629,1.0,8975.528356528552,72139.87107638312,0.2519282400608063,0.25943830609321594
0.01,15,30.0,0.08869197964668274,0,0.08670300245285034,0.6553850769996643,0.0,0.6894249320030212,0.04069572687149048,0.7298513054847717,0.005460148677229881,24.757375717163086,1,1.2666666507720947,5400,nan,nan,nan,0.0,1.4887022251959818,9.708768175340698,24.808948516845703,1.0,9209.208762371689,210361.57990927433,0.2534571886062622,0.400480717420578
0.01,15,60.0,0.08869197964668274,0,0.08302009105682373,0.6783456802368164,0.00029087066650390625,0.7224712371826172,0.020943371579051018,0.345183789730072,0.001728030969388783,49.33396911621094,11,1.0888887643814087,7800,nan,nan,nan,0.0009346827864646912,1.5040826913569358,10.290434627779653,49.43889236450195,1.0,9329.48099064763,66373.20694110738,0.2542327642440796,0.2055426985025406
0.01,20,1.0,0.06742796301841736,0,0.05864790454506874,0.48327094316482544,0.002286195755004883,0.5110191106796265,0.01451402623206377,0.08496329933404922,0.001999500673264265,1.0,31,1.0888888835906982,800,nan,nan,nan,0.003201480954885483,1.0,21.078489495132786,1.0,1.0,8548.528246839565,4609.732250366427,0.3676813542842865,0.01706266961991787
0.01,20,5.0,0.06742796301841736,0,0.040829651057720184,0.34029340744018555,0.0007433891296386719,0.3593112826347351,0.008384792134165764,0.25859972834587097,0.00039527914486825466,4.306827545166016,23,1.0444444417953491,7600,3000.0,nan,nan,0.0019245892763137817,1.3730812436041453,35.91554397721047,4.321244239807129,1.0,14334.11002525305,574205.7769800527,0.3939771056175232,0.3710460066795349
0.01,20,10.0,0.06742796301841736,0,0.05740571394562721,0.3553190231323242,0.0,0.3845556080341339,0.03851979970932007,2.040616750717163,0.007166680879890919,8.440362930297852,1,1.2666666507720947,5800,5400.0,nan,nan,0.0029106847941875458,1.453059002849979,29.585839219187655,8.472799301147461,1.0,15489.051689030739,334948.5115164753,0.3980168402194977,0.36262601613998413
0.01,20,15.0,0.06742796301841736,0,0.02529548853635788,0.19316896796226501,0.0011115074157714844,0.20468217134475708,0.011088244616985321,0.19662019610404968,0.0010480503551661968,12.573896408081055,14,1.066666603088379,7999,2400.0,nan,nan,0.0,1.4826187357773213,48.336684100599605,12.624353408813477,1.0,15906.009886578167,145050.15876054563,0.39939945936203003,0.36320266127586365
0.01,20,30.0,0.06742796301841736,0,0.04491118714213371,0.3863813877105713,0.0038301944732666016,0.40037500858306885,0.005811432842165232,0.25201621651649475,0.0006463429890573025,24.97450065612793,41,1.0222221612930298,7999,4800.0,nan,nan,0.0,1.5138317049214791,29.037204086542168,25.07901954650879,1.0,16340.30225568525,371413.7543682807,0.4007992148399353,0.1875300258398056
0.01,20,60.0,0.06742796301841736,0,0.04590156674385071,0.36803916096687317,0.0007669925689697266,0.3919016718864441,0.014455231837928295,0.6158319115638733,0.001428293762728572,49.77571487426758,16,1.0888888835906982,7600,5400.0,nan,nan,0.00503375381231308,1.5301020640501248,31.457495828797953,49.98834991455078,1.0,16564.21981580442,442976.2265897402,0.4015052616596222,0.3729323446750641
0.01,25,1.0,0.039207786321640015,1,0.024158310145139694,0.19590137898921967,0.004330873489379883,0.20129795372486115,0.009122593328356743,0.411456435918808,0.0019334444077685475,1.0,28,1.0666667222976685,200,0.0,nan,nan,0.00995299220085144,1.0,43.47088393134178,1.0,1.0,5594.017211542833,17772.986426867723,0.14489863812923431,0.3461134135723114
0.01,25,5.0,0.039207786321640015,1,0.023547498509287834,0.18235978484153748,0.008081912994384766,0.19026203453540802,0.01038561761379242,0.32537269592285156,0.003993803169578314,4.541959762573242,28,1.0666667222976685,200,0.0,nan,nan,0.009220821782946587,1.4512813327074905,44.6758423631531,4.546100616455078,1.0,12107.231111245135,9129.38063876978,0.16107001900672913,0.2928924560546875
0.01,25,10.0,0.039207786321640015,1,0.009143132716417313,0.07804616540670395,0.011869430541992188,0.08140858262777328,0.0012670530704781413,0.14743614196777344,0.0013963774545118213,8.969408988952637,47,1.0222221612930298,7800,0.0,6600.0,7800.0,0.01405520923435688,1.5485724408372565,63.45362601620046,8.97872543334961,1.0,13751.367617549582,66079.78109353856,0.16426695883274078,0.22598154842853546
0.01,25,15.0,0.039207786321640015,1,0.015386351384222507,0.07340902090072632,0.0015892982482910156,0.07814928144216537,0.01277432031929493,0.10592059046030045,0.0013816512655466795,13.396858215332031,14,1.111111044883728,7999,0.0,5600.0,nan,0.005150963552296162,1.5845809967989097,63.07325553535936,13.411352157592773,1.0,14378.446428687403,86344.31644173923,0.16542696952819824,0.11941788345575333
0.01,25,30.0,0.039207786321640015,1,0.014302341267466545,0.06336763501167297,0.0016303062438964844,0.061216801404953,0.012655629776418209,1.0045384168624878,0.0010964833199977875,26.6792049407959,17,1.0888888835906982,7600,0.0,5600.0,nan,0.0004402352496981621,1.6226319115078558,63.7065654806117,26.709228515625,1.0,15051.497863628363,791976.9094729805,0.16663947701454163,0.3047720193862915
0.01,25,60.0,0.039207786321640015,1,0.024028627201914787,0.12210738658905029,1.9073486328125e-06,0.1271716058254242,0.019544079899787903,0.16033802926540375,0.0017012336757034063,53.243900299072266,2,1.1333333253860474,7000,0.0,7400.0,nan,0.0,1.6424786585387354,60.79096638302023,53.30498123168945,1.0,15406.677908598165,157303.6492428034,0.16726654767990112,0.3719216287136078
0.01,30,1.0,0.10017174482345581,0,0.08023839443922043,0.669127881526947,0.002468109130859375,0.7046691179275513,0.017237506806850433,1.1847097873687744,0.0022365760523825884,1.0,23,1.066666603088379,3000,nan,nan,nan,0.0048414841294288635,1.0,11.276959370710195,1.0,1.0,10438.570997971821,106825.96043245538,0.40396276116371155,0.14634151756763458
0.01,30,5.0,0.10017174482345581,0,0.0965251624584198,0.6966636776924133,0.0211641788482666,0.7109037637710571,0.05569137632846832,25.265810012817383,0.1310422122478485,4.294491767883301,24,1.466666579246521,0,nan,nan,nan,0.003760203719139099,1.368680930359395,10.934812348083707,4.3078508377075195,1.0,15096.57860015036,25805.39973152733,0.4155193865299225,0.48362618684768677
0.01,30,10.0,0.10017174482345581,0,0.07955674827098846,0.641943097114563,7.82012939453125e-05,0.6791893839836121,0.025072790682315826,0.5761093497276306,0.002972540445625782,8.412605285644531,3,1.1555554866790771,4200,nan,nan,nan,0.002191774547100067,1.4477052394923402,12.384461993928815,8.442663192749023,1.0,15883.440552335021,74803.48558181051,0.41642504930496216,0.5009503364562988
0.01,30,15.0,0.10017174482345581,0,0.07452010363340378,0.6224523186683655,0.002131819725036621,0.6581827402114868,0.013960572890937328,0.11475027352571487,0.0009462151792831719,12.530719757080078,23,1.0444444417953491,7600,nan,nan,nan,0.0014838054776191711,1.4769119817598273,13.131760722369016,12.577476501464844,1.0,16157.722431016164,31533.535181243536,0.4166737496852875,0.5249798893928528
0.01,30,30.0,0.10017174482345581,0,0.07507114857435226,0.625314474105835,0.004855632781982422,0.6584965586662292,0.016528256237506866,0.2411453276872635,0.004419302102178335,24.88506317138672,31,1.0888888835906982,6400,nan,nan,nan,0.001996256411075592,1.5077514221953414,10.767380783418682,24.981916427612305,1.0,16438.12626992349,17836.607631323062,0.4168921709060669,0.41017448902130127
0.01,30,60.0,0.10017174482345581,0,0.07474882900714874,0.6114273071289062,0.0018889904022216797,0.6484994888305664,0.01969781517982483,0.13665954768657684,0.0014392321463674307,49.593746185302734,10,1.0888888835906982,7999,nan,nan,nan,0.0004276484251022339,1.523826885791896,14.389448391648813,49.79079818725586,1.0,16580.643046876183,21511.06002974225,0.41698941588401794,0.1233203187584877
0.01,35,1.0,0.034647341817617416,1,0.04043784365057945,0.20808926224708557,0.05500054359436035,0.21529127657413483,0.03278645500540733,23.644161224365234,0.08816574513912201,1.0,43,1.2222222089767456,0,0.0,nan,nan,0.01866573840379715,1.0,35.22870333520091,1.0,1.0,11950.298680356069,30900.702414004478,0.36262065172195435,0.34827175736427307
0.01,35,5.0,0.034647341817617416,1,0.042680494487285614,0.20957937836647034,0.03794384002685547,0.2169237732887268,0.0354238897562027,25.356163024902344,0.06269348412752151,4.581677436828613,40,1.2222222089767456,0,0.0,nan,nan,0.018321523442864418,1.4674241649816129,34.12493867386523,4.603244304656982,1.0,26601.922594243973,120371.27933329866,0.37073877453804016,0.39467230439186096
0.01,35,10.0,0.034647341817617416,1,0.04278338700532913,0.21024799346923828,0.036136627197265625,0.2173861712217331,0.03551393002271652,25.552392959594727,0.0598125085234642,9.058774948120117,38,1.2222222089767456,0,0.0,nan,nan,0.019297536462545395,1.5680206860530546,33.22934762155275,9.1072998046875,1.0,30452.012503508704,148658.26951727888,0.3723919689655304,0.3976591229438782
0.01,35,15.0,0.034647341817617416,1,0.042872104793787,0.21031668782234192,0.03527545928955078,0.21744094789028168,0.03561790660023689,25.64186668395996,0.05851839482784271,13.535870552062988,39,1.2222222089767456,0,0.0,nan,nan,0.006646113470196724,1.6052365941881879,38.514293995228755,13.611353874206543,1.0,31936.199793433327,161764.8156766695,0.37299421429634094,0.403083473443985
0.01,35,30.0,0.034647341817617416,1,0.04311812296509743,0.2104824185371399,0.03444409370422363,0.21762365102767944,0.03590347617864609,25.714433670043945,0.05738795921206474,26.9671630859375,39,1.2222222089767456,0,0.0,nan,nan,0.020073940977454185,1.644554295716051,44.359039100058006,27.123517990112305,1.0,33538.83862351476,175425.7429130379,0.37362515926361084,0.40591907501220703
0.01,35,60.0,0.034647341817617416,1,0.04314463213086128,0.21059805154800415,0.034200429916381836,0.21767567098140717,0.03593175858259201,25.762392044067383,0.0569911003112793,53.82975387573242,39,1.2222222089767456,0,0.0,nan,nan,0.025935150682926178,1.6650583282218645,27.29477512321069,54.147850036621094,1.0,34388.57939609397,182001.0692975803,0.3739517629146576,0.4063996970653534
0.01,40,1.0,0.0265683401376009,1,0.015219056978821754,0.12712015211582184,0.02640056610107422,0.1343381106853485,0.002898529637604952,0.0787215605378151,0.005893206689506769,1.0,42,1.0222221612930298,3800,0.0,200.0,nan,0.010274078696966171,1.0,52.62852087815478,1.0,1.0,37157.29530562112,1629.8651816509155,0.22437293827533722,0.01834367960691452
0.01,40,5.0,0.0265683401376009,1,0.019575664773583412,0.13699887692928314,0.0015971660614013672,0.1377202868461609,0.012262079864740372,0.5151101350784302,0.0016408826922997832,4.511052131652832,15,1.1111111640930176,800,0.0,400.0,nan,0.01206970401108265,1.4395396118215131,40.75784024534217,4.52438497543335,1.0,76471.89855363227,126191.81282513084,0.23223772644996643,-0.014414606615900993
0.01,40,10.0,0.0265683401376009,1,0.020574454218149185,0.09760107100009918,0.0001773834228515625,0.10331594944000244,0.01717170886695385,0.47969186305999756,0.0018577458104118705,8.89986801147461,4,1.111111044883728,6800,0.0,200.0,nan,0.01131349802017212,1.533916508119878,64.23991498760235,8.929865837097168,1.0,86102.44861236603,449113.8693966033,0.23372073471546173,0.28392815589904785
0.01,40,15.0,0.0265683401376009,1,0.01298013050109148,0.10048619657754898,0.001439213752746582,0.10753156989812851,0.005070825107395649,0.22898145020008087,0.0005248196539469063,13.288683891296387,23,1.0444444417953491,5800,0.0,1600.0,nan,0.00609129574149847,1.5688118570276988,55.55389977568181,13.335348129272461,1.0,89750.22299876908,444321.15904835454,0.23425176739692688,0.35522565245628357
0.01,40,30.0,0.0265683401376009,1,0.008174746297299862,0.06502500921487808,0.008825063705444336,0.07242508977651596,0.0013930249260738492,0.519898533821106,0.0008694608113728464,26.45512580871582,48,1.0222221612930298,6600,0.0,200.0,6600.0,0.03981068078428507,1.6056667373335398,61.700869201735934,26.551794052124023,1.0,93650.73548203954,516002.22037477314,0.2348027229309082,0.47789910435676575
0.01,40,60.0,0.0265683401376009,1,0.007075144909322262,0.03341814875602722,0.00029146671295166016,0.03370864689350128,0.0060371942818164825,0.104266457259655,0.00028449302772060037,52.78801727294922,10,1.066666603088379,7999,0.0,1400.0,4400.0,0.0009852983057498932,1.6248809966961009,65.77727505771273,52.98468017578125,1.0,95703.08674782248,687491.8669661497,0.23508594930171967,0.2587258219718933
0.01,45,1.0,0.03375113755464554,1,0.024512622505426407,0.2081904411315918,0.08812522888183594,0.20993441343307495,0.007495473604649305,34.330970764160156,0.06262023746967316,1.0,49,1.066666603088379,0,0.0,nan,nan,0.015270918607711792,1.0,37.10688178034443,1.0,1.0,11037.759297556615,48085.67464106755,0.1484992951154709,0.1725192666053772
0.01,45,5.0,0.03375113755464554,1,0.01597207598388195,0.1336650550365448,0.009140253067016602,0.13625836372375488,0.005066824145615101,0.093732088804245,0.002500270027667284,4.534662246704102,36,1.066666603088379,7800,0.0,7400.0,nan,0.007217897102236748,1.447935754703651,58.33457103814007,4.536986351013184,1.0,22647.961863965887,22520.443447151178,0.14613723754882812,0.2218983769416809
0.01,45,10.0,0.03375113755464554,1,0.024539625272154808,0.2092566192150116,0.08558106422424316,0.20953983068466187,0.007719917688518763,35.7750358581543,0.0571126714348793,8.95298957824707,52,1.0888888835906982,0,0.0,nan,nan,0.02409985102713108,1.5444703645449855,28.607974006033725,8.958218574523926,1.0,25541.985374223987,125990.27178429326,0.14586141705513,0.21618810296058655
0.01,45,15.0,0.03375113755464554,1,0.03113716095685959,0.17314165830612183,0.0,0.18863889575004578,0.023147467523813248,1.3762333393096924,0.0029658996500074863,13.371316909790039,1,1.1333333253860474,6200,0.0,nan,nan,0.0037072021514177322,1.5801954686795856,49.32568405433323,13.379451751708984,1.0,26643.548421318654,631613.0577193779,0.1457706242799759,0.4674597680568695
0.01,45,30.0,0.03375113755464554,1,0.02365424856543541,0.1556096076965332,6.115436553955078e-05,0.16451559960842133,0.015080205164849758,0.13309155404567719,0.001210516900755465,26.626296997070312,2,1.1111111640930176,7400,0.0,7000.0,nan,0.004827585071325302,1.6179453191799382,59.916823155228805,26.64314842224121,1.0,27824.704694867167,116697.1294482942,0.14568032324314117,0.5567852258682251
0.01,45,60.0,0.03375113755464554,1,0.02075505070388317,0.14554740488529205,0.00015115737915039062,0.1501055657863617,0.012403790839016438,0.1788269430398941,0.0007523910026066005,53.136260986328125,3,1.0888890027999878,6200,0.0,5800.0,nan,0.0010471679270267487,1.6376341237172147,57.40777539580085,53.17053985595703,1.0,28447.58847018169,371820.63484861807,0.14563533663749695,0.4043106138706207
0.01,50,1.0,0.03025089204311371,1,0.01677718199789524,0.14333480596542358,0.015190362930297852,0.14625005424022675,0.004123299848288298,0.231853649020195,0.00397083442658186,1.0,48,1.0444444417953491,200,0.0,200.0,nan,0.011773768812417984,1.0,45.96284034551246,1.0,1.0,18296.29601324213,5140.9030345726205,0.22926588356494904,0.1624460369348526
0.01,50,5.0,0.03025089204311371,1,0.01350304763764143,0.11750917881727219,0.003693819046020508,0.11802874505519867,0.0031730295158922672,0.2099645584821701,0.0011367462575435638,4.47585916519165,38,1.0444444417953491,7600,0.0,200.0,nan,0.0038035670295357704,1.4332201505151148,59.9477941617792,4.471839427947998,1.0,37591.57058540927,170567.59035906373,0.235732302069664,0.1670704185962677
0.01,50,10.0,0.03025089204311371,1,0.0146850710734725,0.11225207149982452,0.0003342628479003906,0.11858723312616348,0.006492214277386665,0.3220846951007843,0.00046356976963579655,8.820682525634766,21,1.066666603088379,6400,0.0,1800.0,nan,0.009845259599387646,1.5270671068103074,58.73479451745871,8.811638832092285,1.0,42359.073353890504,596021.892168252,0.23701797425746918,0.4181267321109772
0.01,50,15.0,0.03025089204311371,1,0.025678390637040138,0.11097484827041626,0.001471877098083496,0.12096984684467316,0.022006485611200333,0.5939067602157593,0.002213243395090103,13.165506362915039,5,1.1111111640930176,7600,0.0,200.0,nan,0.0,1.5618412497283256,58.34491255642002,13.151437759399414,1.0,44169.360706504216,359584.91489802575,0.2374829351902008,0.2513141334056854
0.01,50,30.0,0.03025089204311371,1,0.01932220347225666,0.14129042625427246,0.007733345031738281,0.15045149624347687,0.0097163375467062,0.1923169046640396,0.0029151826165616512,26.19997787475586,34,1.0888890027999878,200,0.0,200.0,nan,0.013012120500206947,1.5986120407474917,49.08683433223969,26.170835494995117,1.0,46107.81906663818,24210.981281481738,0.2379678338766098,0.152996227145195
0.01,50,60.0,0.03025089204311371,1,0.016975663602352142,0.13378538191318512,0.0010650157928466797,0.13682600855827332,0.007563774008303881,0.1915614753961563,0.0010092075681313872,52.268924713134766,25,1.066666603088379,6400,0.0,5800.0,nan,0.003036957234144211,1.6178004084442064,61.08708350334469,52.20962905883789,1.0,47128.95442915269,51965.25476081843,0.23821814358234406,0.5976142883300781
0.005,0,1.0,0.007907511666417122,1,0.002473933156579733,0.030694283545017242,0.012916922569274902,0.02935170754790306,0.0010945824906229973,0.6722687482833862,0.0008103044820018113,1.0,41,1.04347825050354,2800,0.0,200.0,200.0,0.002557043917477131,1.0,62.02972527479445,1.0,1.0,796474.190474866,593183.5864086902,0.17685776948928833,0.38704466819763184
0.005,0,2.0,0.007907511666417122,1,0.0056123994290828705,0.021956920623779297,0.008812785148620605,0.02487310580909252,0.005302853882312775,0.14914874732494354,0.0011308630928397179,1.9329490661621094,30,1.04347825050354,200,0.0,200.0,200.0,0.01088211964815855,1.2472282252819824,53.68386410913402,1.929324746131897,1.0,1182390.3169997297,75481.02299303397,0.18168297410011292,0.16149096190929413
0.005,0,3.0,0.007907511666417122,1,0.004398535005748272,0.02206188440322876,0.004976630210876465,0.024439964443445206,0.004002665635198355,0.044524047523736954,0.0004992673057131469,2.8658981323242188,33,1.04347825050354,600,0.0,200.0,200.0,0.007882106583565474,1.3652638458567519,55.4413978641414,2.858649253845215,1.0,1378793.6919719342,85177.37673790062,0.18360765278339386,0.2451113909482956
0.005,0,5.0,0.007907511666417122,1,0.006993222050368786,0.04867878183722496,0.0037469863891601562,0.05235865339636803,0.0057802749797701836,0.3794640600681305,0.0005326516111381352,4.7317962646484375,29,1.04347825050354,200,0.0,200.0,200.0,0.013051364105194807,1.4797117963112385,56.22020764886712,4.71729850769043,1.0,1574248.799761534,813496.9501420883,0.1852649748325348,0.3067046105861664
0.005,0,7.0,0.007907511666417122,1,0.00239586248062551,0.006484925746917725,0.0019028186798095703,0.007393329869955778,0.002336375415325165,0.04948100820183754,0.00010147092689294368,6.597694396972656,30,1.0,2800,0.0,200.0,200.0,0.003349058679305017,1.5356577893255026,61.33480780228213,6.575948238372803,1.0,1671060.6540359582,772530.0922124485,0.18600471317768097,0.22478953003883362
0.005,0,10.0,0.007907511666417122,1,0.0022632386535406113,0.009840428829193115,0.0014396905899047852,0.0103947464376688,0.0021283722016960382,0.06133199855685234,0.00011534842633409426,9.396540641784668,27,1.04347825050354,7999,0.0,200.0,200.0,0.0007502654334530234,1.5808156317574824,62.851149313569834,9.363922119140625,1.0,1749645.4831346693,1062071.2754885461,0.18656979501247406,0.1196277067065239
0.005,0,15.0,0.007907511666417122,1,0.006304650101810694,0.03725554049015045,0.006674528121948242,0.040323659777641296,0.005533612333238125,0.17405249178409576,0.0007306894985958934,14.061285972595215,32,1.04347825050354,400,0.0,200.0,200.0,0.011959141585975885,1.6180315740798996,50.08570367007787,14.01054573059082,1.0,1814638.1984496333,271200.8675686219,0.187014639377594,0.17703591287136078
0.005,0,20.0,0.007907511666417122,1,0.004011899698525667,0.014248982071876526,0.0013318061828613281,0.016719117760658264,0.0038183066062629223,0.22938399016857147,0.00023106797016225755,18.726032257080078,26,1.04347825050354,3000,0.0,200.0,200.0,0.007073360029608011,1.6373769807783094,59.7753163128566,18.657169342041016,1.0,1848486.9263608272,2301657.4587432686,0.1872386634349823,0.5047835111618042
0.005,0,30.0,0.007907511666417122,1,0.006462646648287773,0.03963440656661987,0.0006796121597290039,0.04353922978043556,0.005576551891863346,0.14646883308887482,0.00031287327874451876,28.055519104003906,17,1.04347825050354,800,0.0,200.0,200.0,0.0070173186250030994,1.6572401639488674,53.22404834873083,27.950414657592773,1.0,1883279.228489533,764956.0893727317,0.18746358156204224,0.4127209186553955
0.005,0,40.0,0.007907511666417122,1,0.004801841452717781,0.012772560119628906,0.00797891616821289,0.005887564737349749,0.004794882144778967,0.533683180809021,0.0008250095415860415,37.385005950927734,32,1.0,6800,0.0,200.0,400.0,0.005879126489162445,1.667372647756538,58.120211385987545,37.24365997314453,1.0,1901039.4386176388,1396837.1412886954,0.18757635354995728,0.34061357378959656
0.005,0,60.0,0.007907511666417122,1,0.005625907331705093,0.04728686437010765,0.004180908203125,0.053134266287088394,0.003948057536035776,0.1480374038219452,0.0004562549584079534,56.04398727416992,28,1.04347825050354,800,0.0,200.0,200.0,0.009886941406875849,1.6776425040124443,53.56476800581856,55.83015823364258,1.0,1919048.2209080914,433875.63531307655,0.18768927454948425,0.26188236474990845
0.005,0,100.0,0.007907511666417122,1,0.03108200989663601,0.06101256608963013,0.01748359203338623,0.05395675078034401,0.03090141899883747,25.3995304107666,0.016000421717762947,93.36194610595703,32,1.08695650100708,0,0.0,200.0,200.0,0.0113410959020257,1.6859591383104047,47.813007379155785,93.00314331054688,1.0,1933636.7850438545,2673577.4323885664,0.1877797544002533,0.4492000639438629
0.005,5,1.0,0.04994013160467148,1,0.036877453327178955,0.4423397183418274,0.005294322967529297,0.48112350702285767,0.0059807696379721165,0.13731910288333893,0.0003073663974646479,1.0,40,1.04347825050354,7800,200.0,nan,nan,0.0011615641415119171,1.0,23.383022844323772,1.0,1.0,31597.621627297107,390464.8458291173,0.3285074830055237,0.2924615144729614
0.005,5,2.0,0.04994013160467148,1,0.030225159600377083,0.362839013338089,0.004586696624755859,0.39450904726982117,0.004820195958018303,0.09430081397294998,0.00017149638733826578,1.8599817752838135,42,1.04347825050354,7999,200.0,nan,nan,0.0,1.200237285848516,29.761614669770502,1.8492295742034912,1.0,46353.35365578636,744695.6400504309,0.3474682569503784,0.2878413200378418
0.005,5,3.0,0.04994013160467148,1,0.018141724169254303,0.21422988176345825,0.0043152570724487305,0.23421846330165863,0.003917332272976637,0.4084751307964325,0.0005001268000341952,2.719963550567627,37,1.04347825050354,7200,200.0,7200.0,nan,0.0017934758216142654,1.29643861211758,49.17729628177296,2.6984591484069824,1.0,53891.19060874385,1536819.1484006238,0.35571572184562683,0.4433716833591461
0.005,5,5.0,0.04994013160467148,1,0.01522270031273365,0.18458962440490723,0.0033416748046875,0.19744518399238586,0.0029555517248809338,0.14690391719341278,0.0003014076210092753,4.439927101135254,40,1.0434783697128296,7999,200.0,7800.0,nan,0.0,1.3901630323350982,41.027674940222184,4.396918773651123,1.0,61421.05554181078,758007.7010370465,0.3632456958293915,0.25840625166893005
0.005,5,7.0,0.04994013160467148,1,0.013794460333883762,0.16261297464370728,0.02011275291442871,0.17643007636070251,0.003502147039398551,0.27258437871932983,0.001854497822932899,6.1598896980285645,44,1.0434783697128296,7999,200.0,7200.0,nan,0.0,1.4361260997802152,46.745720370453824,6.0953779220581055,1.0,65162.77432015989,225443.23133005688,0.36676374077796936,0.0938154011964798
0.005,5,10.0,0.04994013160467148,1,0.006219967734068632,0.016793429851531982,0.0020467042922973633,0.014078270643949509,0.0061457413248717785,0.5385224223136902,0.0005646832287311554,8.739836692810059,27,1.04347825050354,7999,200.0,6200.0,7200.0,0.00028177443891763687,1.4732969847188049,59.26859193669162,8.64306640625,1.0,68206.35018542023,2461648.579761368,0.3695273697376251,0.5325228571891785
0.005,5,15.0,0.04994013160467148,1,0.009859464131295681,0.026402413845062256,0.0018723011016845703,0.030922649428248405,0.009605524130165577,0.3656872808933258,0.0005427125724963844,13.039745330810547,10,1.04347825050354,7999,200.0,5800.0,7000.0,0.006348011316731572,1.5039783539089155,61.22143199093187,12.889214515686035,1.0,70728.00316721035,1795102.5955138255,0.371754914522171,0.37692296504974365
0.005,5,20.0,0.04994013160467148,1,0.00436733104288578,0.009675741195678711,0.0010142326354980469,0.011512026190757751,0.004291939083486795,0.0334637388586998,0.0002072183706331998,17.33965492248535,29,1.04347825050354,7999,200.0,5600.0,7400.0,0.0006895165424793959,1.5199440671126974,63.353283582351224,17.13536262512207,1.0,72042.96395416002,408354.61961692816,0.37289515137672424,0.3179290294647217
0.005,5,30.0,0.04994013160467148,1,0.005757283419370651,0.01455223560333252,0.01019597053527832,0.014682983979582787,0.0056653753854334354,0.8578172922134399,0.000827863288577646,25.939472198486328,38,1.04347825050354,7400,200.0,5200.0,6400.0,0.007464882917702198,1.5363493694246868,62.11348697032169,25.62765884399414,1.0,73395.77689170247,1867369.0711400525,0.3740535080432892,0.46201860904693604
0.005,5,40.0,0.04994013160467148,1,0.0012570546241477132,0.00416189432144165,0.00493621826171875,0.0045968107879161835,0.0012114812852814794,0.01522002276033163,0.00019727385370060802,34.53929138183594,36,1.0,7800,200.0,5600.0,7200.0,0.0015834447694942355,1.5447226656154756,61.53388216269719,34.119956970214844,1.0,74086.80618279826,141521.76993876707,0.3746395707130432,0.1181391105055809
0.005,5,60.0,0.04994013160467148,1,0.007729342672973871,0.012883424758911133,0.005906820297241211,0.01046301331371069,0.007710807491093874,0.11133583635091782,0.0006468893261626363,51.73891830444336,19,1.04347825050354,6800,200.0,5600.0,6600.0,0.0065381943713873625,1.553212881438151,60.57794493742194,51.10454559326172,1.0,74787.82727831225,246334.7375848714,0.3752302825450897,0.19117407500743866
0.005,5,100.0,0.04994013160467148,1,0.0031546081881970167,0.02323174476623535,0.0017497539520263672,0.024282800033688545,0.002572114346548915,0.09341072291135788,0.00018857576651498675,86.13819122314453,32,1.04347825050354,7999,200.0,6000.0,7000.0,0.0,1.5600906775675993,60.358483407674065,85.07373046875,1.0,75355.98154759494,928161.1511023857,0.3757062554359436,0.1296829879283905
0.005,10,1.0,0.573353111743927,0,0.0030849275644868612,0.008013784885406494,0.0076868534088134766,0.006402275059372187,0.003055433975532651,0.3626420199871063,0.0005845818668603897,1.0,48,1.0,6600,400.0,400.0,400.0,0.00011627573985606432,1.0,90.16761953930379,1.0,1.0,72.90361984479061,148252.67049928906,0.28607243299484253,0.5104042291641235
0.005,10,2.0,0.573353111743927,0,0.01533359196037054,0.18106041848659515,0.008032083511352539,0.19797945022583008,0.003305683843791485,0.18624921143054962,0.000428689963882789,1.796284794807434,45,1.0,7800,400.0,7200.0,nan,0.0035643158480525017,1.1587931637843774,72.58181754416728,1.7988287210464478,1.0,98.2576400682351,140378.48419763191,0.2821508049964905,0.42020344734191895
0.005,10,3.0,0.573353111743927,0,0.006936144549399614,0.060403190553188324,0.008388876914978027,0.06462255865335464,0.004935238976031542,0.10124821215867996,0.0006336506921797991,2.592569589614868,42,1.04347825050354,7999,1200.0,6400.0,7400.0,0.0002484843134880066,1.234241574048785,86.94840166995148,2.5976574420928955,1.0,111.60519549725221,73284.84493037674,0.2804677188396454,0.2221468687057495
0.005,10,5.0,0.573353111743927,0,0.006826890632510185,0.06591019034385681,0.03166401386260986,0.07029523700475693,0.00429421104490757,0.09093184769153595,0.0047314101830124855,4.18513822555542,39,1.04347825050354,7999,2600.0,6600.0,7600.0,0.0,1.3072297355323423,83.09042579782123,4.195314884185791,1.0,125.29239620423633,2240.188756533242,0.2789391577243805,0.18021945655345917
0.005,10,7.0,0.573353111743927,0,0.02007344365119934,0.24241365492343903,0.010666608810424805,0.26275256276130676,0.0028269863687455654,0.3097228705883026,0.0004515987238846719,5.777708053588867,52,1.04347825050354,7999,4600.0,nan,nan,0.0,1.342838184852014,59.193968593281795,5.792972087860107,1.0,132.24170705861107,540102.7750880355,0.27822616696357727,0.36972513794898987
0.005,10,10.0,0.573353111743927,0,0.02042638696730137,0.24657957255840302,0.004847168922424316,0.26566529273986816,0.0036757942289114,0.047216858714818954,0.00022903599892742932,8.1665620803833,42,1.04347825050354,7999,4600.0,nan,nan,0.0,1.371546922940548,59.15088323454852,8.189457893371582,1.0,137.97240522649088,123283.54952311105,0.27766600251197815,0.13665683567523956
0.005,10,15.0,0.573353111743927,0,0.03765067458152771,0.45314037799835205,0.011291742324829102,0.4916074573993683,0.005919921211898327,0.11526111513376236,0.0006208601407706738,12.147984504699707,51,1.04347825050354,7999,6600.0,nan,nan,0.0,1.395184150981887,31.73725410286628,12.183601379394531,1.0,142.7757310525287,67239.97368608402,0.2772142291069031,0.31261205673217773
0.005,10,20.0,0.573353111743927,0,0.044567350298166275,0.528509795665741,0.016252517700195312,0.5764361619949341,0.009254745207726955,0.1282019019126892,0.0019346174085512757,16.12940788269043,45,1.04347825050354,7400,7000.0,nan,nan,0.0,1.4074631015391448,23.86450361055371,16.177743911743164,1.0,145.3010410558195,22548.47519244175,0.27698275446891785,0.17196215689182281
0.005,10,30.0,0.573353111743927,0,0.052031565457582474,0.6165047287940979,0.0030770301818847656,0.6711854934692383,0.011428546160459518,0.1405790001153946,0.0006708260043524206,24.092252731323242,27,1.04347825050354,7999,nan,nan,nan,0.0,1.4200651012799905,15.855720107690317,24.166030883789062,1.0,147.91401852166402,117992.02761759689,0.276747465133667,0.5400559902191162
0.005,10,40.0,0.573353111743927,0,0.05067247524857521,0.598966121673584,0.0291745662689209,0.6584035754203796,0.009381750598549843,1.0116047859191895,0.0032877831254154444,32.05509948730469,47,1.04347825050354,7999,nan,nan,nan,0.0,1.426491217470727,16.203872810645485,32.15431594848633,1.0,149.25476549419537,135979.31447218647,0.27662840485572815,0.6003833413124084
0.005,10,60.0,0.573353111743927,0,0.05745561793446541,0.6799004077911377,0.0059310197830200195,0.7419559359550476,0.012345615774393082,0.1414397805929184,0.000977393938228488,47.98079299926758,36,1.0434781312942505,7999,nan,nan,nan,2.2064894437789917e-05,1.4330030492652597,13.814910545349335,48.13089370727539,1.0,150.6190874390565,61516.56618482996,0.27650824189186096,0.6138921976089478
0.005,10,100.0,0.573353111743927,0,0.04549405723810196,0.5443668365478516,0.014442205429077148,0.5929960012435913,0.007625969126820564,0.03846719488501549,0.0010043076472356915,79.8321762084961,45,1.04347825050354,7999,7800.0,nan,nan,0.0,1.4382753315626606,19.772321435411047,80.08403778076172,1.0,151.72785570602585,20333.812068496984,0.27641138434410095,0.16092753410339355
0.005,15,1.0,0.5703968405723572,0,0.5691787600517273,1.031653642654419,0.15042829513549805,0.9891490936279297,0.5658608675003052,0.13057473301887512,1.0008128881454468,1.0,24,71.2608642578125,0,nan,nan,nan,0.0032701194286346436,1.0,0.0006032091008016285,1.0,1.0,15.014724919367696,5.102023911046833,0.20173245668411255,0.039153218269348145
0.005,15,2.0,0.5703968405723572,0,0.5691394805908203,1.0324252843856812,0.15290212631225586,0.9891799688339233,0.5658208131790161,0.1222216859459877,1.002870798110962,1.7160638570785522,25,71.2608642578125,0,nan,nan,nan,0.013130679726600647,1.1007419077659057,0.001018632660211126,1.7045689821243286,1.0,17.29523400422597,4.395198196252228,0.2111135870218277,0.022417722269892693
0.005,15,3.0,0.5703968405723572,0,0.5691669583320618,1.032603144645691,0.15327703952789307,0.9893428087234497,0.5658469796180725,0.12227736413478851,1.003193974494934,2.4321279525756836,25,71.2608642578125,0,nan,nan,nan,0.02041718363761902,1.1487799554115,0.0010057361809786176,2.4091379642486572,1.0,18.426103447367545,4.533521991776137,0.21550928056240082,0.02176281251013279
0.005,15,5.0,0.5703968405723572,0,0.5691762566566467,1.032512903213501,0.15360784530639648,0.9894858002662659,0.5658550262451172,0.12185154110193253,1.0043009519577026,3.86425518989563,25,71.2608642578125,0,nan,nan,nan,0.028256207704544067,1.1953572996273907,0.0009899680178274478,3.8182761669158936,1.0,19.54698967704106,4.586099394828535,0.2197209596633911,0.01740080676972866
0.005,15,7.0,0.5703968405723572,0,0.5691767930984497,1.0324125289916992,0.15390992164611816,0.9895013570785522,0.5658553242683411,0.1219603568315506,1.0046271085739136,5.296382427215576,25,71.3043441772461,0,nan,nan,nan,0.023606151342391968,1.2181189290910501,0.001539002871962441,5.227414608001709,1.0,20.102977678481206,4.581376663437004,0.2217605859041214,0.015628864988684654
0.005,15,10.0,0.5703968405723572,0,0.5691884160041809,1.0325243473052979,0.15403413772583008,0.9895884990692139,0.565866231918335,0.12239083647727966,1.0048965215682983,7.444573402404785,25,71.3043441772461,0,nan,nan,nan,0.031089186668395996,1.2364881161248216,0.0011227520579565416,7.341121673583984,1.0,20.555441378157198,4.676405970243694,0.22339753806591034,0.01575656048953533
0.005,15,15.0,0.5703968405723572,0,0.5691871643066406,1.032606601715088,0.15440607070922852,0.9897130727767944,0.5658636689186096,0.12223181128501892,1.0049724578857422,11.024892807006836,25,71.3043441772461,0,nan,nan,nan,0.03151847422122955,1.2516244801559122,0.0014017063955953201,10.86396598815918,1.0,20.930716260268195,4.697519626043972,0.22474028170108795,0.012493019923567772
0.005,15,20.0,0.5703968405723572,0,0.569183349609375,1.0327118635177612,0.15472722053527832,0.9897460341453552,0.5658595561981201,0.12258896976709366,1.006182312965393,14.60521125793457,25,71.3043441772461,0,nan,nan,nan,0.03305646777153015,1.2594919625256553,0.0013421699071121658,14.386813163757324,1.0,21.126620532385196,4.658054720121471,0.22543595731258392,0.01171420980244875
0.005,15,30.0,0.5703968405723572,0,0.5691812634468079,1.0327082872390747,0.1551191806793213,0.9898399114608765,0.5658564567565918,0.1223372220993042,1.0070104598999023,21.765850067138672,25,71.3043441772461,0,nan,nan,nan,0.03574763238430023,1.2675692581201363,0.001495748342119168,21.432504653930664,1.0,21.328357996025623,4.64644414997919,0.22614865005016327,0.009003599174320698
0.005,15,40.0,0.5703968405723572,0,0.5691818594932556,1.03271484375,0.1552128791809082,0.9898377060890198,0.5658571124076843,0.12159983068704605,1.0071361064910889,28.92648696899414,25,71.3043441772461,0,nan,nan,nan,0.03521333634853363,1.2716892462834404,0.0016293364604847117,28.478193283081055,1.0,21.431485425141954,4.599460626766338,0.22651155292987823,0.007980110123753548
0.005,15,60.0,0.5703968405723572,0,0.5691731572151184,1.0326712131500244,0.1556093692779541,0.9898589253425598,0.5658480525016785,0.11941251903772354,1.007511019706726,43.24776077270508,25,71.3043441772461,0,nan,nan,nan,0.03557266294956207,1.2758650770639333,0.001535784977419936,42.569576263427734,1.0,21.53615887355592,4.4407625943911215,0.22687888145446777,0.0020618787966668606
0.005,15,100.0,0.5703968405723572,0,0.5691686272621155,1.0326217412948608,0.1558823585510254,0.9898732304573059,0.5658433437347412,0.1192808449268341,1.007797360420227,71.89030456542969,25,71.3043441772461,0,nan,nan,nan,0.03546871244907379,1.27924650447598,0.0017579611195232766,70.75233459472656,1.0,21.62104907720469,4.4299586593906755,0.22717608511447906,-0.0004980818484909832
0.005,20,1.0,0.5713188052177429,0,0.5721607208251953,1.001668095588684,0.10756003856658936,0.9528563022613525,0.569233775138855,2.1995701789855957,0.909935474395752,1.0,21,70.52173614501953,0,nan,nan,nan,0.0029339417815208435,1.0,2.1894670508657184,1.0,1.0,110.25497896689778,165.61444636285782,0.2074899971485138,0.013867856934666634
0.005,20,2.0,0.5713188052177429,0,0.5721058249473572,1.001343846321106,0.10763442516326904,0.9535266757011414,0.5691718459129333,2.057156562805176,0.9118852019309998,1.8133474588394165,21,70.52173614501953,0,nan,nan,nan,0.012492507696151733,1.179103224989544,0.18020891203581363,1.8238739967346191,1.0,152.481681458,211.4740313378916,0.19722630083560944,-0.0036542329471558332
0.005,20,3.0,0.5713188052177429,0,0.5720927715301514,1.0012311935424805,0.10758829116821289,0.9538513422012329,0.5691555738449097,1.9904199838638306,0.9132269620895386,2.626694917678833,21,70.52173614501953,0,nan,nan,nan,0.02622973918914795,1.2646486193239643,0.03237159802223924,2.6477479934692383,1.0,175.3392441067746,231.86623136403782,0.19304019212722778,-0.01209134329110384
0.005,20,5.0,0.5713188052177429,0,0.572085976600647,1.0012702941894531,0.10809159278869629,0.9542070627212524,0.5691452026367188,1.9227869510650635,0.9149741530418396,4.253389835357666,20,70.52173614501953,0,nan,nan,nan,0.02884495258331299,1.3476801708838329,0.008570786948823185,4.295495986938477,1.0,199.17571356204797,249.9335073985438,0.1893339306116104,-0.019453750923275948
0.005,20,7.0,0.5713188052177429,0,0.5720793008804321,1.001258373260498,0.10807299613952637,0.9543707966804504,0.5691368579864502,1.891287088394165,0.9158447980880737,5.880085468292236,20,70.52173614501953,0,nan,nan,nan,0.02151283621788025,1.3882879306527016,0.00708328998025152,5.943244934082031,1.0,211.42186935657813,258.6849798644242,0.18763382732868195,-0.022729776799678802
0.005,20,10.0,0.5713188052177429,0,0.5720778107643127,1.0012283325195312,0.10808801651000977,0.9545143246650696,0.569133996963501,1.8626679182052612,0.9167187213897705,8.320127487182617,20,70.56521606445312,0,nan,nan,nan,0.020611345767974854,1.421074191526649,0.0034607028952759536,8.414867401123047,1.0,221.59011257029934,264.39044095854524,0.18631023168563843,-0.026325566694140434
0.005,20,15.0,0.5713188052177429,0,0.5720744729042053,1.0012457370758057,0.10844540596008301,0.9545730948448181,0.5691300630569458,1.8456237316131592,0.9175642132759094,12.386866569519043,20,70.56521606445312,0,nan,nan,nan,0.021745875477790833,1.4481004334792809,0.002684512813284849,12.534236907958984,1.0,230.15995772337675,269.6791479023662,0.1852501481771469,-0.02845614030957222
0.005,20,20.0,0.5713188052177429,0,0.5720725059509277,1.0012668371200562,0.10845136642456055,0.9546143412590027,0.5691276788711548,1.8380330801010132,0.9177439212799072,16.453601837158203,20,70.56521606445312,0,nan,nan,nan,0.02172885835170746,1.4621513113589146,0.001846609986763497,16.653608322143555,1.0,234.6822713701961,273.1485873296321,0.18470962345600128,-0.02947763167321682
0.005,20,30.0,0.5713188052177429,0,0.5720682144165039,1.0012729167938232,0.10838353633880615,0.9546406865119934,0.5691230893135071,1.830745816230774,0.9177554249763489,24.58707618713379,20,70.56521606445312,0,nan,nan,nan,0.019711077213287354,1.476579752279401,0.0015849675469456663,24.89234733581543,1.0,239.37369730189974,276.6477237346303,0.18416190147399902,-0.030277471989393234
0.005,20,40.0,0.5713188052177429,0,0.572066068649292,1.0012582540512085,0.10825037956237793,0.9546874761581421,0.5691205263137817,1.8178958892822266,0.9178441762924194,32.720558166503906,20,70.56521606445312,0,nan,nan,nan,0.020642533898353577,1.4839404251582038,0.0014756823986619354,33.13108825683594,1.0,241.7855919126447,275.5104417474281,0.18388523161411285,-0.03183542564511299
0.005,20,60.0,0.5713188052177429,0,0.5720667243003845,1.00127112865448,0.10834646224975586,0.9547163844108582,0.5691208243370056,1.8134188652038574,0.9178805351257324,48.98749542236328,20,70.56521606445312,0,nan,nan,nan,0.021219074726104736,1.4914013778667665,0.000974710713965238,49.60857009887695,1.0,244.2430359743708,276.9433272394881,0.18360674381256104,-0.0325629748404026
0.005,20,100.0,0.5713188052177429,0,0.5720676779747009,1.0012634992599487,0.10829949378967285,0.9547376036643982,0.5691215395927429,1.8113791942596436,0.9178774952888489,81.52140045166016,20,70.56521606445312,0,nan,nan,nan,0.02116379141807556,1.4974437953583366,0.0010283385992891484,82.56353759765625,1.0,246.24266320277027,278.7864979677924,0.1833825260400772,-0.03307826444506645
0.005,25,1.0,0.006521126721054316,1,0.00036146282218396664,0.0021996498107910156,0.0025026798248291016,0.002549614990130067,0.00030659613548778,0.01721387915313244,3.364208168932237e-05,1.0,46,1.0,6400,0.0,0.0,200.0,0.000512087601236999,1.0,72.34389854552046,1.0,1.0,7304.462327058857,306749.8625145831,0.09042248129844666,0.1485811471939087
0.005,25,2.0,0.006521126721054316,1,0.0029134510550647974,0.012682661414146423,0.02116858959197998,0.012251646257936954,0.0027700725477188826,0.46197378635406494,0.001012788387015462,1.9400317668914795,33,1.0,2000,0.0,0.0,200.0,0.007323803147301078,1.255156591027825,68.9560552248718,1.936471939086914,1.0,11397.860614667918,421868.267244405,0.09246183186769485,0.417027086019516
0.005,25,3.0,0.006521126721054316,1,0.0038579099345952272,0.03705564886331558,0.0032492876052856445,0.043264616280794144,0.002048920141533017,0.286315381526947,0.00027161563048139215,2.880063533782959,37,1.04347825050354,3400,0.0,0.0,200.0,0.0024885330349206924,1.3776128404849577,63.441221326089455,2.872943639755249,1.0,13625.749509106632,1128586.2762015257,0.09344290941953659,0.4407821297645569
0.005,25,5.0,0.006521126721054316,1,0.0035333551932126284,0.04183724522590637,0.009293079376220703,0.04512063041329384,0.0009173006401397288,0.13054238259792328,0.0006564813666045666,4.760127067565918,44,1.04347825050354,2200,0.0,0.0,200.0,0.0048480534460395575,1.4968347708056102,66.48930588567005,4.745887279510498,1.0,15946.117294621557,179919.72976958743,0.09439007937908173,0.31390419602394104
0.005,25,7.0,0.006521126721054316,1,0.0038496514316648245,0.007845520973205566,0.0016632080078125,0.007079392671585083,0.0038231792859733105,0.11068233847618103,0.0002752783475443721,6.640191078186035,29,1.0,800,0.0,0.0,200.0,0.004654629388824105,1.5552725593418046,66.68383946861476,6.618830680847168,1.0,17135.2787086595,407531.0066941374,0.09485018998384476,0.34060972929000854
0.005,25,10.0,0.006521126721054316,1,0.003925820346921682,0.04142479598522186,0.004044651985168457,0.043089352548122406,0.002194720786064863,0.16439038515090942,0.0002894676581490785,9.460286140441895,42,1.04347825050354,200,0.0,0.0,200.0,0.004432831425219774,1.6025183780496364,68.71484072437596,9.428245544433594,1.0,18120.642095547322,554006.9279867584,0.09521986544132233,0.3322494626045227
0.005,25,15.0,0.006521126721054316,1,0.0018658527405932546,0.018061041831970215,0.007570981979370117,0.018722103908658028,0.0012183847138658166,0.12474790215492249,0.0003702396061271429,14.160445213317871,41,1.04347825050354,1800,0.0,0.0,200.0,0.0077765051973983645,1.6415061183726238,69.95616295903763,14.11060619354248,1.0,18949.500983660615,394185.9735084175,0.09552326798439026,0.24473753571510315
0.005,25,20.0,0.006521126721054316,1,0.002797965193167329,0.008822202682495117,0.002451658248901367,0.010163049213588238,0.0026980198454111814,0.016144851222634315,0.00027746413252316415,18.860605239868164,36,1.0,7200,0.0,0.0,200.0,0.005820932448841631,1.661790860984233,67.98656517173869,18.792964935302734,1.0,19386.25384180392,54827.65968651665,0.09568046778440475,0.021905073896050453
0.005,25,30.0,0.006521126721054316,1,0.0058828312903642654,0.011524796485900879,0.0078963041305542,0.01070635486394167,0.005843564867973328,0.16477815806865692,0.0010232478380203247,28.260927200317383,35,1.04347825050354,600,0.0,0.0,200.0,0.007530981441959739,1.682631349198424,63.788708405716534,28.157686233520508,1.0,19838.85702849794,149327.60199672115,0.09584151208400726,0.2059309035539627
0.005,25,40.0,0.006521126721054316,1,0.007486548740416765,0.02696068026125431,0.04362761974334717,0.02619558945298195,0.0072403233498334885,0.39514395594596863,0.009493699297308922,37.6612434387207,35,1.0,3800,0.0,0.0,200.0,0.005544797284528613,1.6932677224766597,67.14689259144129,37.522403717041016,1.0,20071.338785194323,37876.48513562951,0.0959235206246376,0.04543696343898773
0.005,25,60.0,0.006521126721054316,1,0.0044471402652561665,0.010656297206878662,0.007456302642822266,0.010157898999750614,0.0043928478844463825,0.16327328979969025,0.0004332316748332232,56.46187973022461,29,1.04347825050354,7999,0.0,0.0,200.0,0.0014345047529786825,1.7040511584970606,69.63415879473261,56.251834869384766,1.0,20308.082623333816,767326.7695171485,0.09600653499364853,0.19130513072013855
0.005,25,100.0,0.006521126721054316,1,0.0011654709232971072,0.00818893313407898,0.0037376880645751953,0.007860885933041573,0.0010052664438262582,0.06669816374778748,0.00013263232540339231,94.06314849853516,53,1.0,7400,0.0,0.0,400.0,0.0038749357918277383,1.7127869491542462,70.4401832978859,93.71070861816406,1.0,20500.610275884286,1244843.5377588184,0.0960736945271492,0.2643260061740875
0.005,30,1.0,0.045355018228292465,1,0.04343600943684578,0.5213178396224976,0.009185314178466797,0.565264105796814,0.007675411179661751,0.3439817428588867,0.0007674448424950242,1.0,27,1.04347825050354,7600,800.0,nan,nan,0.0013341158628463745,1.0,17.915252257570543,1.0,1.0,95544.6807111241,243147.240027472,0.3002740740776062,0.18255233764648438
0.005,30,2.0,0.045355018228292465,1,0.03417651727795601,0.40045496821403503,0.004407644271850586,0.43356308341026306,0.009647871367633343,0.2545245885848999,0.000736564805265516,1.8853641748428345,23,1.04347825050354,7200,600.0,nan,nan,0.0,1.2204660517485462,28.892800697117952,1.8826740980148315,1.0,138631.3202260348,358610.51935845497,0.31169402599334717,0.35231631994247437
0.005,30,3.0,0.045355018228292465,1,0.02229570969939232,0.26721468567848206,0.0050754547119140625,0.2836565375328064,0.0060797142796218395,0.8327540159225464,0.0008238895679824054,2.770728349685669,31,1.04347825050354,7999,400.0,nan,nan,0.0,1.3261964221418463,39.69718959932551,2.765348196029663,1.0,160144.92938899816,1472942.3891161974,0.3164055049419403,0.521099865436554
0.005,30,5.0,0.045355018228292465,1,0.0358009859919548,0.42950740456581116,0.014594793319702148,0.46668341755867004,0.0059865801595151424,0.48505452275276184,0.001329593127593398,4.541457176208496,32,1.04347825050354,7800,600.0,nan,nan,0.0017573721706867218,1.4290863094186153,22.422096009131568,4.530696392059326,1.0,181307.2729214328,322219.8728385278,0.32055336236953735,0.3047569990158081
0.005,30,7.0,0.045355018228292465,1,0.04141770303249359,0.4988444447517395,0.009778261184692383,0.5401164889335632,0.00682798819616437,0.21986787021160126,0.0006227417616173625,6.312185287475586,25,1.04347825050354,7600,4600.0,nan,nan,0.001781068742275238,1.4795019085177654,20.11586062172731,6.296044826507568,1.0,191703.05536578796,667632.263755763,0.32243770360946655,0.14748553931713104
0.005,30,10.0,0.045355018228292465,1,0.018911197781562805,0.2095777690410614,0.006374239921569824,0.22595936059951782,0.008117317222058773,0.15730270743370056,0.000723342236597091,8.968278884887695,26,1.04347825050354,7999,200.0,7600.0,nan,0.0,1.5202529590603044,43.44950132292705,8.944067001342773,1.0,200101.1966414874,286504.1358530607,0.32389289140701294,0.19326713681221008
0.005,30,15.0,0.045355018228292465,1,0.027082011103630066,0.3240758776664734,0.013554573059082031,0.3527897894382477,0.004633876029402018,0.31868091225624084,0.0014085975708439946,13.395097732543945,36,1.04347825050354,7999,400.0,nan,nan,0.0,1.5538760397280829,32.96350405587789,13.357438087463379,1.0,207020.1193379861,222535.83776969957,0.3250492513179779,0.17394237220287323
0.005,30,20.0,0.045355018228292465,1,0.018317680805921555,0.2181984782218933,0.01179647445678711,0.23910850286483765,0.0029118340462446213,0.42883312702178955,0.0005541032296605408,17.82192039489746,36,1.04347825050354,7999,600.0,7999.0,nan,0.0,1.5713671808130716,40.96197801919775,17.77080726623535,1.0,210614.18944903338,982692.4962039306,0.3256353735923767,0.5136709809303284
0.005,30,30.0,0.045355018228292465,1,0.03129236027598381,0.37589791417121887,0.006540536880493164,0.40782710909843445,0.005270286928862333,0.18474313616752625,0.0003508816007524729,26.675561904907227,37,1.04347825050354,7999,1000.0,nan,nan,0.0,1.5893368762421702,27.239403446739058,26.59754753112793,1.0,214301.76280524596,746302.0405659557,0.32622674107551575,0.334248811006546
0.005,30,40.0,0.045355018228292465,1,0.028945934027433395,0.3430137038230896,0.007299900054931641,0.3735889494419098,0.00629041763022542,0.1311587244272232,0.0008310271077789366,35.52920150756836,39,1.04347825050354,7999,800.0,nan,nan,0.0,1.5985069895675694,30.07916799432007,35.42428970336914,1.0,216181.59257103116,173404.28565096547,0.3265243172645569,0.5121002793312073
0.005,30,60.0,0.045355018228292465,1,0.04941888898611069,0.5844831466674805,0.003925919532775879,0.6400361657142639,0.009952675551176071,0.2642219662666321,0.0008343170629814267,53.23649597167969,28,1.04347825050354,5400,600.0,nan,nan,0.00011358410120010376,1.607804252598003,13.721605073246735,53.07777404785156,1.0,218085.9790487807,165046.60251215065,0.32682323455810547,0.6006345748901367
0.005,30,100.0,0.045355018228292465,1,0.04407420754432678,0.5297818779945374,0.0075560808181762695,0.5751281976699829,0.00709596648812294,0.7624064087867737,0.000549349351786077,88.65106964111328,43,1.04347825050354,6800,600.0,nan,nan,0.0012768320739269257,1.6153353032412847,17.79974154375674,88.38473510742188,1.0,219627.28897715278,2898056.2347588697,0.3270631730556488,0.4276408851146698
0.005,35,1.0,0.044168621301651,1,0.0263089407235384,0.32028746604919434,0.01308894157409668,0.34472277760505676,0.0035126805305480957,0.22400332987308502,0.0007243885775096714,1.0,32,1.04347825050354,7999,0.0,nan,nan,0.0,1.0,38.15593407178597,1.0,1.0,112329.22691867834,198940.2553180732,0.42501041293144226,0.11701904982328415
0.005,35,2.0,0.044168621301651,1,0.01104832161217928,0.13444417715072632,0.0037659406661987305,0.14456582069396973,0.0015834374353289604,0.04588489234447479,7.828135130694136e-05,1.8850191831588745,46,1.0434783697128296,7800,0.0,6600.0,nan,0.003432745113968849,1.2216582903411006,68.61133033747949,1.8882642984390259,1.0,172358.9342475664,604750.2616726432,0.42555585503578186,0.18682333827018738
0.005,35,3.0,0.044168621301651,1,0.020124929025769234,0.22533845901489258,0.0026999711990356445,0.2460341900587082,0.00768243707716465,0.45178696513175964,0.0005377566558308899,2.770038366317749,24,1.04347825050354,7999,0.0,7800.0,nan,0.000406511127948761,1.3276482841678672,56.23653802713613,2.7765285968780518,1.0,204649.33664349877,1934871.8593097585,0.425569623708725,0.5022345185279846
0.005,35,5.0,0.044168621301651,1,0.0017733456334099174,0.006786465644836426,0.00409090518951416,0.008822950534522533,0.0016476985765621066,0.027931097894906998,0.000279323838185519,4.540077209472656,41,1.0,7999,0.0,4400.0,6600.0,0.0,1.4305975128141626,85.91999928482049,4.5530571937561035,1.0,238014.8594253623,135764.84340476783,0.42544326186180115,0.0543644092977047
0.005,35,7.0,0.044168621301651,1,0.008759183809161186,0.09179064631462097,0.0029753446578979492,0.09916229546070099,0.004536728374660015,0.17895084619522095,0.0003101892361883074,6.310115337371826,29,1.0869566202163696,7800,0.0,5200.0,7800.0,0.0004557119682431221,1.480972266183322,69.30270800700481,6.329586029052734,1.0,255012.37730997952,1301370.3269521974,0.4253338873386383,0.10434191673994064
0.005,35,10.0,0.044168621301651,1,0.013574213720858097,0.15195101499557495,0.006463050842285156,0.1647418588399887,0.0053989579901099205,1.0777157545089722,0.0007724505849182606,8.965174674987793,36,1.0434783697128296,7999,0.0,6000.0,nan,0.0,1.5216574601234665,61.30261217875254,8.994379043579102,1.0,269045.56970250315,2506204.503069083,0.4252234995365143,0.3322732448577881
0.005,35,15.0,0.044168621301651,1,0.00396308396011591,0.00967472791671753,0.00320589542388916,0.008560504764318466,0.003921061754226685,0.12653164565563202,0.0003692357277031988,13.390270233154297,33,1.04347825050354,7200,0.0,4800.0,6400.0,0.002363743958994746,1.5552035363433037,89.11592560337994,13.435701370239258,1.0,280814.0348105089,634700.2790095379,0.42511802911758423,0.29402464628219604
0.005,35,20.0,0.044168621301651,1,0.0030386054422706366,0.017430972307920456,0.017999887466430664,0.017635706812143326,0.0027379849925637245,0.09904975444078445,0.0006550190155394375,17.815364837646484,37,1.0,7400,0.0,5200.0,6800.0,0.004675490548834205,1.572646606925599,85.83709538486556,17.87702178955078,1.0,287002.20036088355,267419.0665854764,0.42505815625190735,0.1434711217880249
0.005,35,30.0,0.044168621301651,1,0.0015314404154196382,0.008793652057647705,0.0030230283737182617,0.009413347579538822,0.0013597466750070453,0.16617156565189362,0.00011824529065052047,26.665559768676758,49,1.0,7800,0.0,5200.0,7200.0,0.004035329329781234,1.5905610282606382,80.87345879451368,26.75966453552246,1.0,293405.3785951092,3044765.4214319224,0.424993097782135,0.36246222257614136
0.005,35,40.0,0.044168621301651,1,0.010090292431414127,0.1094248816370964,0.001763463020324707,0.115882508456707,0.0050126733258366585,0.1784338504076004,0.0004846853553317487,35.515750885009766,24,1.0869566202163696,7999,0.0,6000.0,7800.0,0.00013775750994682312,1.5997010646362118,74.24789833848291,35.642311096191406,1.0,296690.8771988424,874718.2929024049,0.4249584972858429,0.2539726495742798
0.005,35,60.0,0.044168621301651,1,0.006162764970213175,0.06273244321346283,0.007961750030517578,0.071637824177742,0.002944030798971653,0.41977718472480774,0.0005609692307189107,53.21613693237305,34,1.04347825050354,7800,0.0,5200.0,7600.0,0.004300969187170267,1.608965954183507,77.55613722834424,53.4075927734375,1.0,300033.8120021132,1646468.7380567356,0.42492249608039856,0.42044171690940857
0.005,35,100.0,0.044168621301651,1,0.0032729064114391804,0.008058726787567139,0.002348661422729492,0.007677060551941395,0.0032302343752235174,0.07624201476573944,0.0002123790472978726,88.61690521240234,27,1.0,7400,0.0,4800.0,6400.0,0.002969342516735196,1.6164697288334238,88.37851884684346,88.93817138671875,1.0,302750.4599728652,793668.5819740585,0.4248926639556885,0.1995951384305954
0.005,40,1.0,0.024200094863772392,1,0.004309493582695723,0.019437462091445923,0.0014526844024658203,0.021186385303735733,0.004011946264654398,0.0294339582324028,0.00019240041729062796,1.0,27,1.04347825050354,7200,0.0,0.0,2800.0,0.0022328030318021774,1.0,70.89186579122442,1.0,1.0,10752.865151477004,49649.07977996861,0.09600840508937836,0.36332759261131287
0.005,40,2.0,0.024200094863772392,1,0.004072440788149834,0.014727532863616943,0.0032210350036621094,0.016441326588392258,0.0038890514988452196,0.17528371512889862,0.0004698251432273537,1.8901687860488892,43,1.04347825050354,5400,0.0,0.0,3400.0,0.009559280704706907,1.2254760996462757,64.59973539225757,1.8902180194854736,1.0,16343.885871148928,378610.7705687279,0.09733434021472931,0.4580249488353729
0.005,40,3.0,0.024200094863772392,1,0.0046093459241092205,0.007747352123260498,0.020236968994140625,0.008599611930549145,0.004576327279210091,0.10545309633016586,0.0018561931792646646,2.7803375720977783,46,1.0,5000,0.0,0.0,800.0,0.007579138968139887,1.3336247899271136,66.8061428316681,2.7804360389709473,1.0,19372.214616415047,110976.58899882228,0.09790892153978348,0.1805579662322998
0.005,40,5.0,0.024200094863772392,1,0.0034031891264021397,0.023638486862182617,0.0023849010467529297,0.02524484507739544,0.002825086936354637,0.08536164462566376,0.00012759932724293321,4.560676097869873,39,1.04347825050354,5400,0.0,0.0,3800.0,0.005770907271653414,1.438877641856461,69.96135872945307,4.5608720779418945,1.0,22519.283929328605,1001132.0528496966,0.098433718085289,0.325595885515213
0.005,40,7.0,0.024200094863772392,1,0.0038102471735328436,0.008382752537727356,0.001627802848815918,0.009754559025168419,0.0037488657981157303,0.15708623826503754,0.0002089166227960959,6.341012954711914,33,1.0,4200,0.0,0.0,1800.0,0.010361715219914913,1.4904542669474377,53.518179583520954,6.341308116912842,1.0,24129.886888317917,1665644.5590163623,0.09867911040782928,0.3505805432796478
0.005,40,10.0,0.024200094863772392,1,0.001031964784488082,0.009401440620422363,0.005199790000915527,0.009386969730257988,0.000751025159843266,0.15412980318069458,0.00016719238192308694,9.011519432067871,59,1.0,2000,0.0,0.0,400.0,0.025195231894031167,1.5321458346642038,53.51770495038272,9.011961936950684,1.0,25463.460215936913,1089133.2297330443,0.09887196868658066,0.41108056902885437
0.005,40,15.0,0.024200094863772392,1,0.0026502632535994053,0.009808659553527832,0.003389716148376465,0.010297514498233795,0.0025404985062777996,0.05469458922743797,0.00030750359292142093,13.462366104125977,46,1.04347825050354,2600,0.0,0.0,800.0,0.028587553184479475,1.5665459736358838,33.100156423127494,13.463052749633789,1.0,26584.55306674326,230761.5890590159,0.09902752935886383,0.25609728693962097
0.005,40,20.0,0.024200094863772392,1,0.004515321925282478,0.008974671363830566,0.0015660524368286133,0.010753968730568886,0.004454209469258785,0.10252594947814941,0.00025979618658311665,17.913209915161133,32,1.0,3200,0.0,0.0,1800.0,0.018716109916567802,1.584442045931118,35.818387232902275,17.914142608642578,1.0,27175.05746570127,655362.9853115217,0.09910718351602554,0.44517865777015686
0.005,40,30.0,0.024200094863772392,1,0.002188051352277398,0.01065593957901001,0.01897609233856201,0.013728402554988861,0.001931479200720787,0.14115267992019653,0.0022312020882964134,26.814899444580078,41,1.08695650100708,5400,0.0,0.0,2400.0,0.018142217537388206,1.6028273743021855,53.94632097135274,26.816322326660156,1.0,27786.81623417084,147297.25781269567,0.09918808192014694,-0.03562767058610916
0.005,40,40.0,0.024200094863772392,1,0.002607227535918355,0.019719213247299194,0.00423741340637207,0.020665809512138367,0.002092661801725626,0.03537372872233391,0.0002611026575323194,35.71658706665039,42,1.04347825050354,6000,0.0,0.0,3800.0,0.016606463817879558,1.6122100310470482,68.18358721956307,35.718502044677734,1.0,28100.99077439428,223162.62715840235,0.09922903776168823,0.3454107642173767
0.005,40,60.0,0.024200094863772392,1,0.004304793663322926,0.015438288450241089,0.03448379039764404,0.01870095357298851,0.004077432211488485,0.14131180942058563,0.006970207206904888,53.51996612548828,44,1.08695650100708,4800,0.0,0.0,3600.0,0.013066394021734595,1.6217229793418029,57.53894526784646,53.522865295410156,1.0,28420.87933327642,38815.23351461567,0.09927031397819519,-0.11062842607498169
0.005,40,100.0,0.024200094863772392,1,0.0010025707306340337,0.01229044795036316,0.008379697799682617,0.01192031055688858,0.0004396395233925432,0.41286978125572205,0.0003269366570748389,89.12671661376953,57,1.0,3800,0.0,0.0,2400.0,0.03090480517130345,1.6294282341402564,32.06046577707835,89.13158416748047,1.0,28680.983030087362,1918986.2543842045,0.09930356591939926,0.5106241703033447
0.005,45,1.0,0.01778133027255535,1,0.008398977108299732,0.09710881114006042,0.005097150802612305,0.1051235944032669,0.002712610410526395,0.02402666211128235,0.00031970912823453546,1.0,41,1.0,6200,0.0,800.0,6200.0,0.0007919929921627045,1.0,79.17952560860105,1.0,1.0,69519.87813703535,29811.006356775186,0.13034588098526,0.21648697555065155
0.005,45,2.0,0.01778133027255535,1,0.009902309626340866,0.11363884806632996,0.021176457405090332,0.12278441339731216,0.003445023437961936,0.08444268256425858,0.001299916417337954,1.927643895149231,39,1.0,7800,0.0,600.0,7800.0,0.005259963683784008,1.2494344001019821,77.2177364933401,1.929019808769226,1.0,102627.48171503385,30001.247864158813,0.13047683238983154,0.3088242709636688
0.005,45,3.0,0.01778133027255535,1,0.010882994160056114,0.1314055472612381,0.005969524383544922,0.14222469925880432,0.0016504762461408973,0.13022516667842865,0.00024761914392001927,2.855287790298462,43,1.0434783697128296,7999,0.0,800.0,nan,0.0,1.368905111106112,75.99378086132133,2.858039617538452,1.0,119514.04363238158,770664.60985975,0.13045737147331238,0.21771563589572906
0.005,45,5.0,0.01778133027255535,1,0.011658954434096813,0.12496897578239441,0.005529522895812988,0.1337881237268448,0.005806535016745329,0.16032752394676208,0.001394973718561232,4.710576057434082,37,1.0434783697128296,6200,0.0,400.0,nan,0.0027249734848737717,1.485071743127628,79.0188752049905,4.716079235076904,1.0,136364.95820779778,65528.75990633258,0.13038672506809235,0.3783313035964966
0.005,45,7.0,0.01778133027255535,1,0.007677305024117231,0.06123808026313782,0.004126906394958496,0.06673331558704376,0.005801239516586065,0.05407129228115082,0.00033039727713912725,6.56586217880249,23,1.04347825050354,7999,0.0,1800.0,6200.0,0.0010094968602061272,1.5419583927354548,81.25230689264203,6.574118614196777,1.0,144732.27044033082,508434.0938081042,0.13033416867256165,0.23992301523685455
0.005,45,10.0,0.01778133027255535,1,0.003142846515402198,0.027338601648807526,0.009503483772277832,0.028437163680791855,0.002298039849847555,0.06786786764860153,0.0007149107404984534,9.348794937133789,50,1.04347825050354,7800,0.0,400.0,5000.0,0.009079137118533254,1.5879240904837448,91.79420754352186,9.361177444458008,1.0,151535.6763379084,121138.53909923977,0.1302834302186966,0.23084186017513275
0.005,45,15.0,0.01778133027255535,1,0.010013335384428501,0.12243473529815674,0.019455552101135254,0.1296822875738144,0.0020176952239125967,0.24519172310829163,0.0017172115622088313,13.987015724182129,31,1.0,7800,0.0,200.0,nan,0.004544900730252266,1.6258383587347889,76.88079629770044,14.00627613067627,1.0,157170.58418849783,130498.37778026618,0.13023610413074493,0.2610742747783661
0.005,45,20.0,0.01778133027255535,1,0.0025805109180510044,0.0065503716468811035,0.0010428428649902344,0.0066120377741754055,0.0025388544891029596,0.044474054127931595,0.00015422875003423542,18.62523651123047,32,1.0,7400,0.0,600.0,4400.0,0.003363244701176882,1.6455583497518542,90.09404079333513,18.6513729095459,1.0,160108.39616602386,581522.5658870862,0.13020959496498108,0.2023020088672638
0.005,45,30.0,0.01778133027255535,1,0.0034362063743174076,0.0389908105134964,0.0031883716583251953,0.04102723300457001,0.0014797437470406294,0.09920549392700195,0.00010313578241039068,27.90167236328125,40,1.04347825050354,7999,0.0,200.0,5600.0,0.0,1.665814812885924,86.38516753121067,27.941574096679688,1.0,163130.36230879894,2561065.063834845,0.13018104434013367,0.15534648299217224
0.005,45,40.0,0.01778133027255535,1,0.006657666526734829,0.07744014263153076,0.0067937374114990234,0.08388254791498184,0.0020225646439939737,0.12508122622966766,0.00036513086524792016,37.1781120300293,51,1.04347825050354,5000,0.0,800.0,5000.0,0.0067512840032577515,1.6761507464644863,81.5813373721994,37.23176956176758,1.0,164673.87613029178,253076.21276243846,0.1301659792661667,0.42880210280418396
0.005,45,60.0,0.01778133027255535,1,0.005693039391189814,0.06420648097991943,0.012253046035766602,0.07207701355218887,0.0016441107727587223,0.31424272060394287,0.0004973933682776988,55.73098373413086,49,1.04347825050354,5200,0.0,600.0,4000.0,0.005422510672360659,1.6866292531961726,83.30143233799082,55.812164306640625,1.0,166239.56157454662,976493.6793083026,0.13015031814575195,0.41312405467033386
0.005,45,100.0,0.01778133027255535,1,0.007214358076453209,0.03394126892089844,0.0009505748748779297,0.03727291151881218,0.006659743841737509,0.1475113034248352,0.0004969347501173615,92.83675384521484,23,1.04347825050354,7999,0.0,400.0,4600.0,0.0036316493060439825,1.6951167374428717,92.18271969309275,92.97295379638672,1.0,167508.47828877857,491452.0251500949,0.13013741374015808,0.21698565781116486
0.005,50,1.0,0.010936444625258446,1,0.0023721749894320965,0.022015415132045746,0.01352071762084961,0.02382483147084713,0.0015470386715605855,0.029506215825676918,0.0007684894953854382,1.0,56,1.04347825050354,200,0.0,0.0,200.0,0.0029235128313302994,1.0,64.51549197416576,1.0,1.0,157954.47513781377,13097.028908769145,0.42052754759788513,0.1964460015296936
0.005,50,2.0,0.010936444625258446,1,0.008671686053276062,0.01879805326461792,0.012458324432373047,0.018203087151050568,0.008586276322603226,0.3596124053001404,0.0017847275594249368,1.9245436191558838,34,1.04347825050354,400,0.0,0.0,200.0,0.007560948608443141,1.2460385278974564,66.22822036791715,1.9223731756210327,1.0,244566.03099950447,144428.81092189002,0.4163336157798767,0.21207614243030548
0.005,50,3.0,0.010936444625258446,1,0.0016795090632513165,0.00779348611831665,0.0055130720138549805,0.009146353229880333,0.0015347970183938742,0.2263524830341339,0.00032814202131703496,2.8490872383117676,52,1.0,600,0.0,0.0,400.0,0.013809544849209487,1.36401007917885,57.18674778082209,2.8447461128234863,1.0,291649.2378785731,573472.0704119654,0.4142516851425171,0.4663655459880829
0.005,50,5.0,0.010936444625258446,1,0.0030451754573732615,0.025588005781173706,0.018375039100646973,0.02814604341983795,0.0021835535299032927,0.22234219312667847,0.002351836534217,4.698173999786377,53,1.04347825050354,600,0.0,0.0,200.0,0.008935888996347785,1.4787979615921572,57.03866107664443,4.689492225646973,1.0,340653.4002100492,48319.307493374254,0.41218075156211853,0.30777454376220703
0.005,50,7.0,0.010936444625258446,1,0.0067079514265060425,0.04028506577014923,0.01584303379058838,0.047621991485357285,0.005675001069903374,0.7119736075401306,0.0027253658045083284,6.5472612380981445,45,1.04347825050354,200,0.0,0.0,200.0,0.00867878645658493,1.5350382950427715,62.339925060211016,6.534239292144775,1.0,365754.4125887475,192630.7449735273,0.4111499786376953,0.3243134617805481
0.005,50,10.0,0.010936444625258446,1,0.005632797256112099,0.031320199370384216,0.0025463104248046875,0.03403254225850105,0.00502456771209836,0.18349304795265198,0.0003640737559180707,9.320890426635742,31,1.04347825050354,200,0.0,0.0,200.0,0.007717646658420563,1.5804953990579593,54.665754443609366,9.301358222961426,1.0,386546.7212676308,564275.9988401616,0.4103092849254608,0.4605792462825775
0.005,50,15.0,0.010936444625258446,1,0.006337144877761602,0.045531198382377625,0.03788113594055176,0.047571782022714615,0.005231453105807304,0.11674536764621735,0.00682699354365468,13.943608283996582,40,1.04347825050354,200,0.0,0.0,200.0,0.0061567360535264015,1.6179993514282773,53.221156484756904,13.913224220275879,1.0,404031.5841599182,12038.89763368163,0.4096107482910156,-0.03593577817082405
0.005,50,20.0,0.010936444625258446,1,0.005431240890175104,0.06353330612182617,0.025907158851623535,0.06900385022163391,0.0015062802704051137,0.26895126700401306,0.0027596501167863607,18.566326141357422,54,1.04347825050354,200,0.0,0.0,200.0,0.01674143737182021,1.6375090326598727,47.468287759914055,18.525089263916016,1.0,413243.01706516626,25694.09627553446,0.4092455208301544,0.1354178786277771
0.005,50,30.0,0.010936444625258446,1,0.0056220768019557,0.015086889266967773,0.0218275785446167,0.01626018062233925,0.005501655861735344,0.24060869216918945,0.003913406282663345,27.8117618560791,45,1.0,1200,0.0,0.0,400.0,0.013659275835379958,1.657551544224661,59.97525625932603,27.74881935119629,1.0,422787.4514633076,22267.562493628353,0.4088692367076874,0.2864598035812378
0.005,50,40.0,0.010936444625258446,1,0.0016112647717818618,0.01767420768737793,0.024106740951538086,0.018454376608133316,0.000807098753284663,0.3876666724681854,0.00214216997846961,37.057193756103516,43,1.04347825050354,400,0.0,0.0,200.0,0.004786325735040009,1.6677797951732272,68.00993096084245,36.97255325317383,1.0,427689.45551079896,197340.0478127143,0.4086765646934509,0.1482248604297638
0.005,50,60.0,0.010936444625258446,1,0.0031718872487545013,0.008947014808654785,0.005222678184509277,0.010031157173216343,0.0030886472668498755,0.1270403116941452,0.00047005200758576393,55.54806900024414,40,1.0,1000,0.0,0.0,200.0,0.0075630489736795425,1.6781494414456457,64.96981330582366,55.42001724243164,1.0,432680.71562685346,296836.02150323964,0.40848106145858765,0.17226004600524902
0.005,50,100.0,0.010936444625258446,1,0.0030845492146909237,0.03232111781835556,0.03953230381011963,0.03425018489360809,0.0016789805376902223,0.24843552708625793,0.0076750884763896465,92.5298080444336,48,1.04347825050354,200,0.0,0.0,200.0,0.01954357186332345,1.686549148104722,59.33628483835856,92.31494140625,1.0,436739.8220301713,19227.866570320795,0.40832239389419556,0.1088479533791542
0.003,0,1.0,0.04701946675777435,1,0.030266709625720978,0.4718632102012634,0.0003941059112548828,0.5119825005531311,0.004507334437221289,0.00035913698957301676,1.310378706875781e-06,1.0,134,1.0,7999,800.0,nan,nan,0.0,1.0,31.986575159834437,1.0,1.0,41525.30288697131,1184715.6560045371,0.6882992386817932,0.17482462525367737
0.003,0,5.0,0.04701946675777435,1,0.028110520914196968,0.4373539984226227,0.01714611053466797,0.4736855924129486,0.004843559581786394,0.3325749635696411,0.001922351191751659,4.7278876304626465,33,1.0,7999,200.0,nan,nan,0.0,1.462847686025405,27.61068789075715,4.717802047729492,1.0,44360.96969631056,183580.65074401238,0.6994675397872925,0.5972747206687927
0.003,0,10.0,0.04701946675777435,1,0.010708966292440891,0.1674550473690033,0.0196840763092041,0.1805085390806198,0.0018271413864567876,0.03381741791963577,0.0015927302883937955,9.387747764587402,41,1.0,7999,200.0,6800.0,nan,0.0,1.5592978466457696,67.0195689926389,9.3650541305542,1.0,44717.29484546205,14855.435518010408,0.7007169723510742,0.23701618611812592
0.003,0,15.0,0.04701946675777435,1,0.02085212990641594,0.3050795793533325,0.005910277366638184,0.33115696907043457,0.007760966662317514,0.11413160711526871,0.0009607836254872382,14.047606468200684,31,1.0,7999,200.0,nan,nan,0.0,1.5947060333471061,41.04191115852413,14.012309074401855,1.0,44835.96440855626,276401.4198248155,0.7011246681213379,0.673311173915863
0.003,0,30.0,0.04701946675777435,1,0.020292285829782486,0.29862675070762634,0.0029211044311523438,0.3232777714729309,0.0074028209783136845,2.0071372985839844,0.0023020748049020767,28.027185440063477,24,1.0,7999,200.0,7600.0,nan,0.0007202662527561188,1.63195410772807,60.51649259497837,27.954065322875977,1.0,44954.557304019785,996742.4256041531,0.7015274167060852,0.7591426372528076
0.003,0,60.0,0.04701946675777435,1,0.018385594710707664,0.28654181957244873,0.009277820587158203,0.3115624487400055,0.002511335536837578,0.27010366320610046,0.0004951768787577748,55.98634338378906,38,1.0,7999,600.0,7999.0,nan,0.0,1.6513140094926575,41.533752300822655,55.837581634521484,1.0,45013.813617456675,781111.6874768501,0.7017270922660828,0.7513334155082703
0.003,5,1.0,0.05481051653623581,1,0.049269743263721466,0.7529592514038086,0.006567716598510742,0.8262776732444763,0.009723981842398643,0.01824728026986122,0.0003348199534229934,1.0,52,1.0,7400,7400.0,nan,nan,0.00045383721590042114,1.0,8.066244754086886,1.0,1.0,55525.50255218323,15871.94459733199,0.2446593940258026,0.5626094341278076
0.003,5,5.0,0.05481051653623581,1,0.023699486628174782,0.3718627989292145,0.010025262832641602,0.4015657603740692,0.003256651572883129,0.6911779642105103,0.0007181012770161033,4.455564975738525,42,1.0,7999,800.0,nan,nan,0.0,1.3952730812059544,23.5145636024813,4.445518493652344,1.0,60602.28544881719,1266671.1419312453,0.23933808505535126,0.6053877472877502
0.003,5,10.0,0.05481051653623581,1,0.02799381874501705,0.43651217222213745,0.011300325393676758,0.47124165296554565,0.00498090498149395,0.4085918068885803,0.0008919815300032496,8.77502155303955,34,0.9333332777023315,7800,1800.0,nan,nan,0.0022416673600673676,1.4787515071381512,19.809465563624766,8.752416610717773,1.0,61193.41340125204,647089.5793599323,0.23836427927017212,0.31599777936935425
0.003,5,15.0,0.05481051653623581,1,0.014701549895107746,0.20901399850845337,0.015240907669067383,0.22879555821418762,0.006112593226134777,0.43872547149658203,0.002701610792428255,13.094477653503418,39,1.0,7999,400.0,7000.0,nan,0.0,1.5094946361217152,43.819980990889,13.059314727783203,1.0,61386.8811115998,563257.5113480475,0.23802201449871063,0.08025216311216354
0.003,5,30.0,0.05481051653623581,1,0.018516603857278824,0.2783633768558502,0.0049048662185668945,0.30145263671875,0.005693045910447836,0.1062406525015831,0.0005099299014545977,26.052846908569336,34,1.0,7999,1600.0,7999.0,nan,0.0,1.5418926272304143,31.565508123512647,25.980009078979492,1.0,61578.409257857864,406825.36464638193,0.23767060041427612,0.47523531317710876
0.003,5,60.0,0.05481051653623581,1,0.01593751460313797,0.24902692437171936,0.0070945024490356445,0.27012279629707336,0.002157490234822035,0.07585406303405762,0.00018026726320385933,51.96958541870117,42,0.9333333373069763,7999,1200.0,7600.0,nan,0.0,1.5587546089662077,38.632237368008596,51.82139587402344,1.0,61673.44908067529,846314.9807272126,0.2374914139509201,0.03653667867183685
0.003,10,1.0,0.5756769776344299,0,0.000602924614213407,0.004346489906311035,0.02464604377746582,0.0043047945946455,0.0005488316528499126,0.33108144998550415,0.001372003578580916,1.0,53,1.0,4800,400.0,400.0,400.0,0.0028805037727579474,1.0,71.34726467603831,1.0,1.0,74.23115655275518,65625.29807946918,0.28859713673591614,0.21890711784362793
0.003,10,5.0,0.5756769776344299,0,0.5748766660690308,0.9872454404830933,0.16520333290100098,0.9797698855400085,0.5729961395263672,0.7164852619171143,0.6596274971961975,4.20088005065918,21,109.0,0,nan,nan,nan,0.008113071322441101,1.3040218910395978,0.0007702839173297804,4.186041831970215,1.0,141.38435337712866,179.2183276778534,0.30531230568885803,0.17639102041721344
0.003,10,10.0,0.5756769776344299,0,0.5748664140701294,0.9870569109916687,0.1653003692626953,0.9798049926757812,0.5729855895042419,0.6929057836532593,0.6601741909980774,8.20197868347168,21,109.0,0,nan,nan,nan,0.012467816472053528,1.3676488645201816,5.655026492838307e-05,8.168594360351562,1.0,158.20527061294962,195.5357548198342,0.308950275182724,0.17499031126499176
0.003,10,15.0,0.5756769776344299,0,0.574864387512207,0.9869669079780579,0.1653372049331665,0.9798139929771423,0.5729835033416748,0.6846686005592346,0.6604231595993042,12.203080177307129,21,109.0,0,nan,nan,nan,0.01440894603729248,1.3910305629572552,2.1852076645257307e-05,12.151144981384277,1.0,164.6236456750738,201.4020432694975,0.3102952241897583,0.1749838888645172
0.003,10,30.0,0.5756769776344299,0,0.5748584270477295,0.9868109226226807,0.1653958559036255,0.9798092842102051,0.5729774832725525,0.6742838025093079,0.6606220602989197,24.20638084411621,21,109.0,0,nan,nan,nan,0.015263736248016357,1.4156417922220728,6.88230647092009e-06,24.098800659179688,1.0,171.51626786664366,206.64160310837534,0.3117150068283081,0.17369139194488525
0.003,10,60.0,0.5756769776344299,0,0.5748578310012817,0.9867958426475525,0.1654527187347412,0.9798234105110168,0.57297682762146,0.6703589558601379,0.6607414484024048,48.21297836303711,21,109.0,0,nan,nan,nan,0.013540178537368774,1.4284390779737222,6.594635531549831e-06,47.994117736816406,1.0,175.15552892815754,209.75721650106843,0.3124547302722931,0.17339734733104706
0.003,15,1.0,0.5731616020202637,0,0.5720280408859253,1.0352956056594849,0.15024495124816895,0.9959468841552734,0.5700321197509766,0.04670773074030876,0.6629166007041931,1.0,26,109.33332824707031,0,nan,nan,nan,0.0038763433694839478,1.0,5.233732996244036e-07,1.0,1.0,19.451873669396143,4.916306505486102,0.22940053045749664,0.04062714800238609
0.003,15,5.0,0.5731616020202637,0,0.5720371007919312,1.0355255603790283,0.1509091854095459,0.9953067302703857,0.5700451135635376,0.03659255430102348,0.6635490655899048,3.97680926322937,25,109.26666259765625,0,nan,nan,nan,0.0166960209608078,1.237432176873597,7.986215982670945e-08,3.980470895767212,1.0,28.465436489196595,4.6117397930698,0.2510823607444763,0.02921353653073311
0.003,15,10.0,0.5731616020202637,0,0.5720444321632385,1.0355602502822876,0.15115833282470703,0.9953294396400452,0.570052444934845,0.03619871288537979,0.6640329957008362,7.697820663452148,25,109.26666259765625,0,nan,nan,nan,0.017205744981765747,1.2869994143478563,7.288371557014884e-08,7.706058979034424,1.0,30.486208617887907,4.834781333275245,0.25538915395736694,0.031192392110824585
0.003,15,15.0,0.5731616020202637,0,0.5720407962799072,1.0354470014572144,0.1511383056640625,0.9952715039253235,0.5700490474700928,0.03615235537290573,0.6640918254852295,11.418832778930664,25,109.26666259765625,0,nan,nan,nan,0.01708349585533142,1.30520388298349,7.425060203144575e-09,11.431648254394531,1.0,31.2388407454218,4.870381469851156,0.2569520175457001,0.033570434898138046
0.003,15,30.0,0.5731616020202637,0,0.5720369815826416,1.0353214740753174,0.15115571022033691,0.9951935410499573,0.5700455904006958,0.036060940474271774,0.6642775535583496,22.581867218017578,25,109.26666259765625,0,nan,nan,nan,0.017390653491020203,1.3243591143066586,6.77655159468295e-08,22.608413696289062,1.0,32.03660485152768,4.904114332548627,0.25858545303344727,0.03412788361310959
0.003,15,60.0,0.5731616020202637,0,0.5720436573028564,1.0353344678878784,0.15112709999084473,0.9952021241188049,0.5700523853302002,0.03566376864910126,0.6643453240394592,44.90793991088867,25,109.26666259765625,0,nan,nan,nan,0.02101951837539673,1.3343168773112661,1.8570300360804487e-08,44.961944580078125,1.0,32.45362058726138,4.889367030372314,0.2594301998615265,0.03532705083489418
0.003,20,1.0,0.5729953050613403,0,0.5739706158638,1.0052324533462524,0.10884666442871094,0.9650713801383972,0.5721696615219116,0.9763159155845642,0.6241269707679749,1.0,21,108.19999694824219,0,nan,nan,nan,0.003980487585067749,1.0,0.38791233340166265,1.0,1.0,92.51483841470522,165.77912735804574,0.2525654435157776,0.07609573006629944
0.003,20,5.0,0.5729953050613403,0,0.5739784836769104,1.0059382915496826,0.10895252227783203,0.9657405018806458,0.5721737146377563,0.8980085849761963,0.6248887777328491,3.9583380222320557,21,108.19999694824219,0,nan,nan,nan,0.009717077016830444,1.2443716129679225,4.2609539620242256e-08,3.9525928497314453,1.0,141.04260542872026,204.07960527658452,0.2953227758407593,0.09129665046930313
0.003,20,10.0,0.5729953050613403,0,0.5739808678627014,1.005890965461731,0.10919320583343506,0.9658471941947937,0.5721754431724548,0.888139545917511,0.625097393989563,7.656260013580322,21,108.19999694824219,0,nan,nan,nan,0.009928703308105469,1.2961726866250718,4.925060945511267e-08,7.6433329582214355,1.0,152.8566112488942,213.40100714403303,0.30313342809677124,0.09588470309972763
0.003,20,15.0,0.5729953050613403,0,0.5739714503288269,1.0058642625808716,0.10925769805908203,0.9659156203269958,0.5721656084060669,0.8819530606269836,0.6253591179847717,11.354183197021484,21,108.19999694824219,0,nan,nan,nan,0.006757587194442749,1.3152669796621548,4.970743005925959e-08,11.334074020385742,1.0,157.34152967346643,215.64355255685277,0.3059273958206177,0.09584220498800278
0.003,20,30.0,0.5729953050613403,0,0.5739790797233582,1.0057904720306396,0.10940670967102051,0.9660428166389465,0.5721726417541504,0.8700549602508545,0.6255806684494019,22.447952270507812,22,108.19999694824219,0,nan,nan,nan,0.0017566680908203125,1.3353988746246257,6.630461131789234e-08,22.40629768371582,1.0,162.1452537351562,216.4558771060722,0.3088268041610718,0.09370234608650208
0.003,20,60.0,0.5729953050613403,0,0.5739783644676208,1.0058616399765015,0.10937988758087158,0.9660666584968567,0.5721717476844788,0.8700860738754272,0.6256248950958252,44.6354866027832,22,108.19999694824219,0,nan,nan,nan,0.0006969571113586426,1.3458804472412966,2.9719057554169957e-08,44.55073547363281,1.0,164.67670673229753,218.72893180705697,0.3103182315826416,0.09432487934827805
0.003,25,1.0,0.024804512038826942,1,0.004704485181719065,0.07394299656152725,0.0009289979934692383,0.0798620656132698,0.0005800168146379292,0.0007448479882441461,2.7764551759901224e-06,1.0,87,0.9333333373069763,7600,0.0,2000.0,6000.0,0.003077232278883457,1.0,62.837202996096394,1.0,1.0,238564.56617182307,439007.91849411593,0.17451554536819458,0.09470302611589432
0.003,25,5.0,0.024804512038826942,1,0.002651131246238947,0.005740523338317871,0.0030972957611083984,0.006226828321814537,0.002630519913509488,0.13271723687648773,0.00014678457228001207,4.748477458953857,40,1.0,7400,0.0,1000.0,2800.0,0.0,1.4814585413303463,62.62321897821569,4.7386298179626465,1.0,515344.50459460303,6085948.396430762,0.18303239345550537,0.29841849207878113
0.003,25,10.0,0.024804512038826942,1,0.0014488199958577752,0.015312105417251587,0.00388336181640625,0.01583002135157585,0.0011166648473590612,0.16552966833114624,0.0002370978327235207,9.434074401855469,56,1.0,6400,0.0,1400.0,3800.0,0.0024454976664856076,1.5827710083111162,59.71994418002528,9.411916732788086,1.0,584007.3578557847,1941078.7295099103,0.18470799922943115,0.40253785252571106
0.003,25,15.0,0.024804512038826942,1,0.0033283238299191,0.0083046555519104,0.005558013916015625,0.010396391153335571,0.003277968382462859,0.24755457043647766,0.000283414643490687,14.119670867919922,43,1.0,5800,0.0,1000.0,3400.0,0.005171491648070514,1.6200496708867265,63.080482696449074,14.085204124450684,1.0,610086.1126175658,5140688.2241776185,0.1853146106004715,0.09874957799911499
0.003,25,30.0,0.024804512038826942,1,0.0009706327691674232,0.00839322805404663,0.004698753356933594,0.008572423830628395,0.0008326791576109827,0.19703048467636108,0.00024390332691837102,28.176462173461914,40,1.0,7600,0.0,2400.0,4600.0,0.005486572626978159,1.6593163640200774,61.75685164968435,28.105064392089844,1.0,638012.8780769358,2449507.770270813,0.18594790995121002,0.6782166957855225
0.003,25,60.0,0.024804512038826942,1,0.004054423421621323,0.010556042194366455,0.0006040334701538086,0.012298762798309326,0.003997000399976969,0.13047248125076294,0.00014473126793745905,56.2900390625,16,1.0,6000,0.0,1400.0,3600.0,0.004388193367049098,1.679745507283536,58.61896331180945,56.1447868347168,1.0,652724.5051162449,2823583.7207651637,0.18627503514289856,0.702978253364563
0.003,30,1.0,0.016120992600917816,1,0.00028108619153499603,0.004046604037284851,0.000919342041015625,0.00446121534332633,0.00010502232180442661,0.0008183231693692505,4.214773525745841e-06,1.0,64,1.0,6800,0.0,0.0,200.0,0.005988570861518383,1.0,61.61493490835401,1.0,1.0,268444.7184351689,226335.16719741267,0.33244308829307556,0.09754408150911331
0.003,30,5.0,0.016120992600917816,1,0.0010032228892669082,0.0017421245574951172,0.008439064025878906,0.0014108158648014069,0.0010015398729592562,0.037163157016038895,0.000202006587642245,4.742003917694092,44,1.0,6200,0.0,0.0,200.0,0.004346956615336239,1.490140091335294,62.62902705732483,4.744091987609863,1.0,524803.1573327157,410264.58616047184,0.3596092760562897,0.09089533984661102
0.003,30,10.0,0.016120992600917816,1,0.0006336513324640691,0.005959987640380859,0.006957292556762695,0.006082761567085981,0.0005253648851066828,0.1334843784570694,0.0002647005603648722,9.419508934020996,52,1.0,3400,0.0,0.0,200.0,0.006879451277200133,1.5937510810682005,61.64037418485023,9.424206733703613,1.0,582917.3810054222,954936.2043378818,0.3645978569984436,0.5541979074478149
0.003,30,15.0,0.016120992600917816,1,0.0012780620018020272,0.005503833293914795,0.009363651275634766,0.0065383221954107285,0.001221656333655119,0.047380633652210236,0.0004176784714218229,14.097014427185059,49,1.0,2400,0.0,0.0,200.0,0.013336668140254915,1.631916911490876,58.94021751356124,14.10431957244873,1.0,604513.4354372402,119233.09221233819,0.36637410521507263,0.08852866291999817
0.003,30,30.0,0.016120992600917816,1,0.004814635496586561,0.010902762413024902,0.009763598442077637,0.012705666944384575,0.004765145014971495,0.12278616428375244,0.0008013353799469769,28.129528045654297,34,1.0,3400,0.0,0.0,200.0,0.0033469756599515676,1.6721423736703718,61.9612925333383,28.144662857055664,1.0,627363.1546381284,435923.94406851823,0.3682115375995636,0.279173880815506
0.003,30,60.0,0.016120992600917816,1,0.003772351425141096,0.016099348664283752,0.015089035034179688,0.016191240400075912,0.0036579270381480455,0.19898425042629242,0.0007699697744101286,56.19456481933594,33,1.0,2000,0.0,0.0,200.0,0.002781432820484042,1.6930800671482156,60.11919285461572,56.2253532409668,1.0,639288.1330865618,398589.6204806624,0.36915409564971924,-0.022303346544504166
0.003,35,1.0,0.05835660919547081,1,0.054954543709754944,0.8325392603874207,0.014942646026611328,0.9161995649337769,0.012319168075919151,0.22692564129829407,0.001128996373154223,1.0,40,0.9333333373069763,1000,nan,nan,nan,0.005355905741453171,1.0,5.311343474484767,1.0,1.0,18645.49797509192,117728.48235506273,0.39778196811676025,0.03187219798564911
0.003,35,5.0,0.05835660919547081,1,0.013629449531435966,0.19575387239456177,0.004542112350463867,0.21136151254177094,0.005762041080743074,0.18135887384414673,0.0004347599169705063,4.437317848205566,23,1.0,7999,1000.0,7200.0,nan,0.0006783874705433846,1.3895269515739552,55.361737479332234,4.420330047607422,1.0,27198.635948644773,577294.3983021857,0.4639589786529541,0.5359005331993103
0.003,35,10.0,0.05835660919547081,1,0.0086897611618042,0.1364849954843521,0.006140708923339844,0.14722417294979095,0.001200745697133243,0.08422046899795532,0.00035928026773035526,8.733965873718262,48,1.0,7999,1800.0,7200.0,7800.0,0.0,1.4719470908285517,56.14785022031079,8.6957426071167,1.0,28550.824036273527,327899.9367568714,0.47312766313552856,0.5942189693450928
0.003,35,15.0,0.05835660919547081,1,0.012778581120073795,0.19471150636672974,0.004123687744140625,0.2109297215938568,0.003358517773449421,0.10407184809446335,0.0001552601024741307,13.03061294555664,34,1.0,7999,1200.0,7000.0,nan,0.0,1.5023141809816218,55.004943549870184,12.971155166625977,1.0,29014.4771104361,1962635.4049861948,0.4762004017829895,0.4704236388206482
0.003,35,30.0,0.05835660919547081,1,0.0063804322853684425,0.09801739454269409,0.005057573318481445,0.1069495752453804,0.0012747111031785607,0.16196104884147644,0.00017921249673236161,25.920557022094727,53,0.9333333373069763,7800,800.0,6400.0,7600.0,0.0034290235489606857,1.534323713887373,74.62965322453756,25.797391891479492,1.0,29484.18776084208,2096366.969492007,0.47927695512771606,0.2998501658439636
0.003,35,60.0,0.05835660919547081,1,0.008936396799981594,0.10378756374120712,0.013984203338623047,0.11051419377326965,0.006184671074151993,0.36064469814300537,0.0018057746347039938,51.700443267822266,36,1.0,7999,1400.0,6600.0,7999.0,0.0,1.5509867142475355,66.82647413333312,51.44987106323242,1.0,29721.239179899927,659941.0269248212,0.4808157980442047,0.11335549503564835
0.003,40,1.0,0.03312864899635315,1,0.008240913040935993,0.11705600470304489,0.0031594038009643555,0.12674570083618164,0.0036133432295173407,0.27768558263778687,0.00030223053181543946,1.0,39,1.0,7800,0.0,4000.0,7200.0,0.0,1.0,49.9415428357543,1.0,1.0,68291.83814872646,1026788.699704386,0.0520082451403141,0.6583055257797241
0.003,40,5.0,0.03312864899635315,1,0.0012845556484535336,0.005288109183311462,0.012852787971496582,0.004873641300946474,0.001254706527106464,0.3913000524044037,0.0005324794910848141,4.646795272827148,52,1.0,5400,0.0,1200.0,4200.0,0.008178401621989906,1.4592646374204419,68.5923641181274,4.6342339515686035,1.0,128707.33891096673,904305.0719118199,0.012392625212669373,0.47767212986946106
0.003,40,10.0,0.03312864899635315,1,0.008453006856143475,0.01509791612625122,0.004945516586303711,0.014842027798295021,0.008422763086855412,0.8825522065162659,0.0009913444519042969,9.205288887023926,29,1.0,5000,0.0,2000.0,3800.0,0.00513477111235261,1.556642496682181,65.92623636610755,9.17702579498291,1.0,141186.36395817052,1893696.3382377136,0.004969294182956219,0.6137449741363525
0.003,40,15.0,0.03312864899635315,1,0.0020960858091712,0.011080622673034668,0.003436565399169922,0.011435802094638348,0.0019900179468095303,0.21018117666244507,0.0001319044386036694,13.763784408569336,46,1.0,4800,0.0,1200.0,3200.0,0.01930187246762216,1.5925382806401205,48.514006960346165,13.719817161560059,1.0,145708.0902947188,4552188.912977455,0.002321061212569475,0.6184675097465515
0.003,40,30.0,0.03312864899635315,1,0.0021283712703734636,0.031126972287893295,0.017651677131652832,0.03344948589801788,0.0008417873759754002,0.16585031151771545,0.001073952647857368,27.439268112182617,44,1.0,5000,0.0,1400.0,3600.0,0.0185953329782933,1.6303862736879833,38.598736187469676,27.348196029663086,1.0,150424.51937130865,179884.68143807937,-0.00042018439853563905,0.28817328810691833
0.003,40,60.0,0.03312864899635315,1,0.007792073301970959,0.016111373901367188,0.02832794189453125,0.015997840091586113,0.007748997770249844,1.1293835639953613,0.004447314888238907,54.79023361206055,43,1.0,5000,0.0,1600.0,2800.0,0.02067815442569554,1.6500927620686945,43.59000004538008,54.604949951171875,1.0,152858.46813426705,537552.6268088471,-0.0018268892308697104,0.31306061148643494
0.003,45,1.0,0.01876775175333023,1,0.0038973174523562193,0.059593409299850464,0.007836461067199707,0.06386083364486694,0.0011206840863451362,0.1961338073015213,0.0002775770262815058,1.0,47,0.9333333373069763,5000,0.0,200.0,200.0,0.004847700009122491,1.0,66.56901575298119,1.0,1.0,414795.4528781045,1004791.4429690787,0.5752822160720825,0.6197747588157654
0.003,45,5.0,0.01876775175333023,1,0.004702313337475061,0.008169293403625488,0.0031534433364868164,0.006662399508059025,0.004694183822721243,0.2863030433654785,0.0002287282404722646,4.788049697875977,29,1.0,7600,0.0,0.0,800.0,0.0023361772764474154,1.499472507005346,79.00126668093542,4.7848310470581055,1.0,609395.3836087493,3881002.1425710116,0.6022364497184753,0.598491907119751
0.003,45,10.0,0.01876775175333023,1,0.003622971009463072,0.005852818489074707,0.008838653564453125,0.003003721358254552,0.0036249125842005014,0.1420373022556305,0.00039619291783310473,9.523113250732422,42,1.0,5000,0.0,0.0,400.0,0.0034672091715037823,1.6047616723268807,72.51545795349682,9.515869140625,1.0,642715.4792691,764965.6118751249,0.6058231592178345,0.3760407269001007
0.003,45,15.0,0.01876775175333023,1,0.001675059669651091,0.003859303891658783,0.011636018753051758,0.004040207248181105,0.001661165151745081,0.049048811197280884,0.0004075044416822493,14.258173942565918,45,1.0,5000,0.0,0.0,400.0,0.0,1.6435202151026198,80.17274052384485,14.246908187866211,1.0,654389.2482543893,182838.95739713524,0.6070189476013184,0.4165031611919403
0.003,45,30.0,0.01876775175333023,1,0.0019317609257996082,0.00814935564994812,0.006119370460510254,0.009101729840040207,0.001860218239016831,0.13674160838127136,0.0004467974358703941,28.463361740112305,62,1.0,3200,0.0,0.0,400.0,0.0032545701833441854,1.684354761385135,79.38049287534244,28.440025329589844,1.0,666358.8309737657,336063.1191089151,0.6082130670547485,0.22935813665390015
0.003,45,60.0,0.01876775175333023,1,0.0022184988483786583,0.022884558886289597,0.0055773258209228516,0.02507522702217102,0.001668055192567408,0.01798546127974987,9.852471703197807e-05,56.87373733520508,37,1.0,7800,0.0,0.0,200.0,0.0005935479421168566,1.705603636749591,80.87943222907906,56.826255798339844,1.0,672457.0889866982,439600.5788374306,0.6088092923164368,0.06302784383296967
0.003,50,1.0,0.007383047137409449,1,0.00023367539688479155,0.0025919675827026367,0.0024338960647583008,0.002638184931129217,0.0001758513826644048,0.004142621532082558,2.191547719121445e-05,1.0,56,1.0,7200,0.0,0.0,200.0,0.003495352284517139,1.0,72.46356281646065,1.0,1.0,120241.44933611521,175277.24906738068,0.1990969330072403,0.08089354634284973
0.003,50,5.0,0.007383047137409449,1,0.0020196663681417704,0.005592048168182373,0.011211991310119629,0.005230280105024576,0.001999807544052601,0.07511996477842331,0.0001900001079775393,4.7816619873046875,39,1.0,7200,0.0,0.0,200.0,0.010906394920311868,1.5137106754183152,68.04294287952007,4.770472526550293,1.0,259174.56036547408,1288617.1108269012,0.2062600553035736,0.5412818789482117
0.003,50,10.0,0.007383047137409449,1,0.011040285229682922,0.028315961360931396,0.0017096996307373047,0.03293668478727341,0.010889708064496517,0.48591354489326477,0.0008309137774631381,9.508739471435547,14,1.0,6000,0.0,0.0,200.0,0.0,1.6236492328546344,63.5614444650251,9.483563423156738,1.0,293445.3112940928,3218298.1512645027,0.20756326615810394,0.3454473614692688
0.003,50,15.0,0.007383047137409449,1,0.0010130186565220356,0.012095421552658081,0.00934135913848877,0.013448777608573437,0.0006399034755304456,0.10052870959043503,0.00035970794851891696,14.23581600189209,45,1.0,7999,0.0,0.0,200.0,0.0,1.6642656775611155,65.53613658713738,14.19665241241455,1.0,306433.7190469384,1375383.8199134325,0.2080255001783371,0.17403772473335266
0.003,50,30.0,0.007383047137409449,1,0.0047761015594005585,0.02768866717815399,0.004162311553955078,0.030973125249147415,0.0044271391816437244,0.13572371006011963,0.00030107671045698225,28.417049407958984,36,1.0,4600,0.0,0.0,200.0,0.006237655412405729,1.7071438765705218,61.47319348814094,28.335922241210938,1.0,320324.42982003925,1671967.391570642,0.20850242674350739,0.4089074432849884
0.003,50,60.0,0.007383047137409449,1,0.0018493212992325425,0.0073424577713012695,0.0174102783203125,0.005362313240766525,0.0018256809562444687,0.21424001455307007,0.0013891803100705147,56.779510498046875,39,1.0,7000,0.0,0.0,200.0,0.0023911938769742846,1.7294914311697942,63.95032539905407,56.61446762084961,1.0,327633.9970823729,570148.0289760575,0.20874664187431335,0.16161546111106873
0.001,0,1.0,0.017312264069914818,1,0.002559129148721695,0.0042378902435302734,0.0051305294036865234,0.004671524278819561,0.0025557554326951504,0.2195659875869751,0.0004518181667663157,1.0,39,1.0,5800,0.0,200.0,3000.0,0.009649374580476433,1.0,68.06047004619454,1.0,1.0,1260091.7979376174,8053057.773829532,0.3183654248714447,0.3692318797111511
0.001,0,5.0,0.017312264069914818,1,0.0068175308406353,0.022833943367004395,0.002630949020385742,0.0263060312718153,0.006763827987015247,2.094738721847534,0.0007753748795948923,4.844224452972412,37,1.0,1200,0.0,200.0,600.0,0.005763177992776036,1.5534530262485802,57.75038694614881,4.855643272399902,1.0,1722734.1774543086,18621915.474781383,0.49548211693763733,0.8541389107704163
0.001,0,10.0,0.017312264069914818,1,0.005598317366093397,0.022130504250526428,0.011193990707397461,0.024555543437600136,0.0055403332225978374,1.0287967920303345,0.0010512585286051035,9.649504661560059,31,1.0,6400,0.0,200.0,1000.0,0.0027870903722941875,1.6730106197136185,67.60335707776862,9.675198554992676,1.0,1775862.297591619,5834213.876949308,0.5194798707962036,0.8478099703788757
0.001,0,15.0,0.017312264069914818,1,0.008268863894045353,0.015598341822624207,0.012105703353881836,0.01739777997136116,0.008252840489149094,0.5275120735168457,0.001069532474502921,14.454785346984863,24,1.0,5800,0.0,1000.0,1800.0,0.002146602375432849,1.7172819268444903,59.10172967025177,14.494751930236816,1.0,1792649.3772673223,3284286.7231436865,0.5274671912193298,0.5480690598487854
0.001,0,30.0,0.017312264069914818,1,0.007381484843790531,0.015563726425170898,0.0004553794860839844,0.019228152930736542,0.007357319816946983,0.8257930278778076,0.0004823053313884884,28.870628356933594,20,1.0,1600,0.0,200.0,1000.0,0.00482871662825346,1.7640770046420662,72.75856716813821,28.953413009643555,1.0,1808896.2579239667,25294427.65312831,0.5354347229003906,0.518803060054779
0.001,0,60.0,0.017312264069914818,1,0.003053027205169201,0.02375394105911255,0.00501251220703125,0.02578112855553627,0.002929253736510873,1.0723837614059448,0.0006175196613185108,57.70231246948242,48,1.0,2000,0.0,400.0,600.0,0.02358062332496047,1.7884894568139023,17.25258971557428,57.8707389831543,1.0,1816800.4959478963,25558965.180107225,0.5394086837768555,0.3365250527858734
0.001,5,1.0,0.03110417351126671,1,0.006380164530128241,0.04051385819911957,0.005052804946899414,0.044744350016117096,0.006204067729413509,0.7292993664741516,0.0014927043812349439,1.0,40,1.0,7999,200.0,200.0,200.0,0.002576257335022092,1.0,63.8697957336773,1.0,1.0,857658.8376223663,2888824.660366052,0.7014132738113403,0.5160853862762451
0.001,5,5.0,0.03110417351126671,1,0.011151079088449478,0.02682673931121826,0.004839777946472168,0.035128265619277954,0.011094720102846622,0.7648041248321533,0.0011554914526641369,4.808595180511475,35,1.0,1400,200.0,200.0,200.0,0.04567422345280647,1.519986038935037,3.645102096055012,4.801080226898193,1.0,939463.7923443461,16144852.553942898,0.733704686164856,-0.0881911888718605
0.001,5,10.0,0.03110417351126671,1,0.009281964972615242,0.04463373124599457,0.014075636863708496,0.048499878495931625,0.009143004193902016,2.379220724105835,0.0020618527196347713,9.56933879852295,41,1.0,2200,200.0,200.0,1600.0,0.08795955358073115,1.630962573236153,0.06052302763602166,9.552430152893066,1.0,948899.401689099,21228948.564552438,0.7373254299163818,0.5112590193748474
0.001,5,15.0,0.03110417351126671,1,0.009536917321383953,0.020576179027557373,0.008731961250305176,0.025606008246541023,0.009503406472504139,0.6425334811210632,0.0012618694454431534,14.330084800720215,43,1.0,1600,200.0,400.0,1000.0,0.04032405512407422,1.6719357996985553,4.8555178720844925,14.303779602050781,1.0,951985.6989360931,10775940.667468429,0.7385051250457764,0.1068984791636467
0.001,5,30.0,0.03110417351126671,1,0.005661807022988796,0.024162471294403076,0.0489727258682251,0.028677094727754593,0.005582393147051334,0.6834657192230225,0.008954241871833801,28.61231803894043,45,1.0,1000,200.0,200.0,1000.0,0.08641273621469736,1.7151748558642947,0.05421284637343527,28.557830810546875,1.0,955040.5921947279,793213.3812827766,0.7396706342697144,0.1004747599363327
0.001,5,60.0,0.03110417351126671,1,0.008682655170559883,0.020761966705322266,0.012212038040161133,0.023917458951473236,0.0086502805352211,1.5877913236618042,0.0017399279167875648,57.176788330078125,41,1.0,1600,200.0,200.0,1000.0,0.12289568409323692,1.7377031546772113,3.878224442887733e-05,57.06593322753906,1.0,956556.3795760329,15310235.69154055,0.7402478456497192,0.4742700755596161
0.001,10,1.0,0.008769395761191845,1,0.003934879787266254,0.010468825697898865,0.003124833106994629,0.012244218960404396,0.0039155310951173306,0.3746815025806427,0.00021849264157935977,1.0,33,1.0,3000,0.0,0.0,200.0,0.007551170885562897,1.0,63.175555438378495,1.0,1.0,355212.82590753766,6358291.330214189,0.0655708760023117,0.7033573389053345
0.001,10,5.0,0.008769395761191845,1,0.00296004768460989,0.022131145000457764,0.0029511451721191406,0.02514362335205078,0.0028385710902512074,1.2610199451446533,0.00037274605710990727,4.887034893035889,60,1.0,6800,0.0,0.0,600.0,0.008091548457741737,1.5578236389642202,56.75314501281369,4.8826093673706055,1.0,689804.1988895785,38976602.848821364,0.05104437470436096,-0.24140743911266327
0.001,10,10.0,0.008769395761191845,1,0.012249459512531757,0.06506900489330292,0.0035026073455810547,0.07115951180458069,0.0120207155123353,0.6083081364631653,0.001041741226799786,9.745829582214355,27,1.2000000476837158,1800,0.0,0.0,800.0,0.0104279606603086,1.6780013558726965,54.236277132480765,9.735870361328125,1.0,760321.8011230652,7667359.764867746,0.048157162964344025,0.6024810671806335
0.001,10,15.0,0.008769395761191845,1,0.010017154738307,0.025704026222229004,0.006594300270080566,0.03142552077770233,0.00996699370443821,0.7713420987129211,0.0010275404201820493,14.60462474822998,41,1.0,400,0.0,0.0,200.0,0.023321568965911865,1.722473117419966,9.159404524401339,14.589134216308594,1.0,785970.6914964383,22241576.72009771,0.04711419343948364,0.24107980728149414
0.001,10,30.0,0.008769395761191845,1,0.003869334002956748,0.01797783374786377,0.027968287467956543,0.019960414618253708,0.0038129391614347696,0.9388296008110046,0.003275563009083271,29.181005477905273,54,1.0,5400,0.0,0.0,400.0,0.010015083942562342,1.769462675942674,59.15216655878455,29.14891815185547,1.0,812776.4062890533,7101310.460127107,0.04602733626961708,0.7046526670455933
0.001,10,60.0,0.008769395761191845,1,0.005537144839763641,0.019823789596557617,0.017046451568603516,0.022488955408334732,0.00548845948651433,0.14566896855831146,0.002027257112786174,58.333770751953125,42,1.0,800,0.0,0.0,600.0,0.01400854904204607,1.7939695500223207,32.76472662535031,58.26848602294922,1.0,826629.5452111168,515702.58223448833,0.0454668290913105,0.5945405960083008
0.001,15,1.0,0.5754832029342651,0,0.5749817490577698,1.0512816905975342,0.164764404296875,1.0024346113204956,0.5743189454078674,0.00213768077082932,0.49441757798194885,1.0,27,327.5999755859375,0,nan,nan,nan,0.0045705512166023254,1.0,0.006160832417011686,1.0,1.0,0.9185133027903595,0.07846580141178829,0.1958882361650467,0.013636037707328796
0.001,15,5.0,0.5754832029342651,0,0.5751095414161682,1.0508376359939575,0.16214120388031006,1.0024203062057495,0.5744470357894897,0.0016610181191936135,0.49362891912460327,3.308185577392578,27,327.5999755859375,0,nan,nan,nan,0.01168123260140419,1.0512149067065542,0.19270989614738637,3.307919502258301,1.0,1.0239795104539422,0.0399888370681492,0.1944161057472229,0.08574612438678741
0.001,15,10.0,0.5754832029342651,0,0.5751380920410156,1.0507475137710571,0.16155767440795898,1.0024089813232422,0.5744756460189819,0.0016725138993933797,0.49358999729156494,6.193417072296143,27,327.5999755859375,0,nan,nan,nan,0.00800180435180664,1.0621954392263113,0.09830891770502745,6.192818641662598,1.0,1.047094402439291,0.041036415184816065,0.19407282769680023,0.08865215629339218
0.001,15,15.0,0.5754832029342651,0,0.5751409530639648,1.0507919788360596,0.16154003143310547,1.0024194717407227,0.5744785070419312,0.0016241963021457195,0.49363815784454346,9.078649520874023,27,327.5999755859375,0,nan,nan,nan,0.011220216751098633,1.0662538092787057,0.12263372667454579,9.077717781066895,1.0,1.0556794651405441,0.03822848761723429,0.19394348561763763,0.09859603643417358
0.001,15,30.0,0.5754832029342651,0,0.575144350528717,1.0508291721343994,0.1614006757736206,1.002431869506836,0.5744819045066833,0.0016442876076325774,0.49362242221832275,17.734344482421875,27,327.5999755859375,0,nan,nan,nan,0.0095132477581501,1.070539545704631,0.09518148661345799,17.7324161529541,1.0,1.0647688753319118,0.03941288882520766,0.1938055157661438,0.09731031209230423
0.001,15,60.0,0.5754832029342651,0,0.5751460194587708,1.0507489442825317,0.16137611865997314,1.002420425415039,0.5744835734367371,0.0016454403521493077,0.49365150928497314,35.04573440551758,27,327.5999755859375,0,nan,nan,nan,0.021341614425182343,1.0727734170811314,0.029087389539928933,35.04180908203125,1.0,1.069516852947962,0.039520098061429414,0.19373300671577454,0.09812656790018082
0.001,20,1.0,0.5748717784881592,0,0.001789407106116414,0.019137606024742126,0.010628819465637207,0.020142722874879837,0.0016574616311118007,1.0291824340820312,0.0015651012072339654,1.0,46,1.0,7200,400.0,600.0,1200.0,0.0028333382215350866,1.0,82.37552680087413,1.0,1.0,17.727815747583044,3179559.452975486,0.042782824486494064,0.6314241290092468
0.001,20,5.0,0.5748717784881592,0,0.5756132006645203,1.0068773031234741,0.12555861473083496,0.9854299426078796,0.5749849677085876,0.3508850634098053,0.4625818133354187,4.639650821685791,21,324.1999816894531,0,nan,nan,nan,0.022788405418395996,1.491981157107141,3.3483021692294193e-09,4.645270347595215,1.0,39.60463407818371,175.19700820684488,0.04502596706151962,-0.029980506747961044
0.001,20,10.0,0.5748717784881592,0,0.5755952596664429,1.0066983699798584,0.12571632862091064,0.9854214191436768,0.5749670267105103,0.34728002548217773,0.46262234449386597,9.189213752746582,22,324.1999816894531,0,nan,nan,nan,0.016886577010154724,1.59883425267613,2.6291128582391994e-09,9.201858520507812,1.0,45.544943669809115,198.57635557666612,0.04564882442355156,-0.031923823058605194
0.001,20,15.0,0.5748717784881592,0,0.5755916237831116,1.006617784500122,0.1258866786956787,0.9854126572608948,0.574963390827179,0.3460794985294342,0.4626227021217346,13.738776206970215,22,324.1999816894531,0,nan,nan,nan,0.023476436734199524,1.6384529368247254,2.9214821958562457e-08,13.758447647094727,1.0,47.856092544616665,207.78887042117435,0.04588719457387924,-0.03211679309606552
0.001,20,30.0,0.5748717784881592,0,0.5755898952484131,1.0066460371017456,0.1260770559310913,0.9854049682617188,0.5749616622924805,0.3443198502063751,0.46276408433914185,27.38746452331543,22,324.1999816894531,0,nan,nan,nan,0.018180176615715027,1.6803608708444897,1.2699734175393848e-08,27.428213119506836,1.0,50.36478693243139,216.84209179228648,0.04614322632551193,-0.033509980887174606
0.001,20,60.0,0.5748717784881592,0,0.575585126876831,1.006587028503418,0.12633681297302246,0.9853994250297546,0.5749568939208984,0.34307026863098145,0.46287262439727783,54.68484115600586,22,324.3999938964844,0,nan,nan,nan,0.015324264764785767,1.7022362470981311,8.522120897383396e-10,54.76774215698242,1.0,51.700478020513756,221.13439062995067,0.04627831280231476,-0.034446053206920624
0.001,25,1.0,0.5755805373191833,0,0.5755274891853333,1.0156705379486084,0.16792082786560059,0.9973592758178711,0.5748758912086487,0.24277575314044952,0.5015838742256165,1.0,29,327.5999755859375,0,nan,nan,nan,0.005744308233261108,1.0,9.210793133535084e-10,1.0,1.0,9.83697575115395,31.694771893936817,0.18406987190246582,0.2755817472934723
0.001,25,5.0,0.5755805373191833,0,0.5755338072776794,1.0157854557037354,0.1679248809814453,0.9974680542945862,0.5748819708824158,0.2337280958890915,0.5023291110992432,3.520688772201538,28,327.5999755859375,0,nan,nan,nan,0.00315934419631958,1.127457378820397,1.3556038666252702e-09,3.5149519443511963,1.0,12.369306381755026,39.16970272696941,0.18613207340240479,0.2759664058685303
0.001,25,10.0,0.5755805373191833,0,0.5755472183227539,1.0158840417861938,0.16800320148468018,0.9974969029426575,0.5748953223228455,0.23021768033504486,0.5027354955673218,6.671549320220947,28,327.79998779296875,0,nan,nan,nan,0.005361616611480713,1.1550954057851948,2.4208857157455176e-09,6.658641815185547,1.0,12.951180523190377,40.511475803245474,0.1866416335105896,0.27458876371383667
0.001,25,15.0,0.5755805373191833,0,0.5755480527877808,1.0159286260604858,0.1682504415512085,0.9975051283836365,0.5748961567878723,0.22954796254634857,0.5029217004776001,9.822410583496094,28,327.79998779296875,0,nan,nan,nan,0.008143424987792969,1.1653388391972401,5.804388485414368e-09,9.80233097076416,1.0,13.169696264595167,41.136512986645606,0.18683505058288574,0.27470862865448
0.001,25,30.0,0.5755805373191833,0,0.5755496621131897,1.0160105228424072,0.16862797737121582,0.9975214600563049,0.5748977661132812,0.2291799634695053,0.5031712651252747,19.274995803833008,28,327.79998779296875,0,nan,nan,nan,0.011996150016784668,1.1761718339028828,5.757392342135969e-09,19.233400344848633,1.0,13.4024403654051,41.84788192023418,0.18704213201999664,0.2750535309314728
0.001,25,60.0,0.5755805373191833,0,0.5755494832992554,1.01602041721344,0.16876649856567383,0.9975293874740601,0.5748975872993469,0.22865800559520721,0.503296434879303,38.18016052246094,28,327.79998779296875,0,nan,nan,nan,0.01206427812576294,1.181825701922681,5.208807183778686e-09,38.09553909301758,1.0,13.524582072118159,42.14222590967404,0.1871512085199356,0.27463799715042114
0.001,30,1.0,0.577232837677002,0,0.5775237679481506,1.1197872161865234,0.14401042461395264,1.0250165462493896,0.5768218636512756,0.5025034546852112,0.47091665863990784,1.0,26,326.79998779296875,0,nan,nan,nan,0.0006324350833892822,1.0,5.669243174008043e-09,1.0,1.0,69.07166160994447,137.03544928644914,0.32226118445396423,0.26327720284461975
0.001,30,5.0,0.577232837677002,0,0.5774685144424438,1.1189404726028442,0.14447307586669922,1.0245171785354614,0.5767675042152405,0.44377031922340393,0.47372910380363464,3.151087522506714,27,326.79998779296875,0,nan,nan,nan,0.0,1.0109327215019195,8.047436739964131e-05,3.1503963470458984,1.0,70.22086515621358,121.17216870730468,0.34400367736816406,0.2689625322818756
0.001,30,10.0,0.577232837677002,0,0.5774779319763184,1.1188421249389648,0.1452775001525879,1.024449348449707,0.5767771005630493,0.43639111518859863,0.4743991792201996,5.839946746826172,27,326.79998779296875,0,nan,nan,nan,0.0015613436698913574,1.0133054164489799,0.026146107050085455,5.8383917808532715,1.0,70.42008541913911,119.37626952626799,0.34849828481674194,0.2708487808704376
0.001,30,15.0,0.577232837677002,0,0.5774739980697632,1.1187843084335327,0.14545214176177979,1.024418830871582,0.5767732262611389,0.4331132173538208,0.4746367037296295,8.52880573272705,27,326.79998779296875,0,nan,nan,nan,0.0005123540759086609,1.0141847810361233,0.026794245981203557,8.526388168334961,1.0,70.48945360142602,118.60319729920626,0.35014382004737854,0.2713247835636139
0.001,30,30.0,0.577232837677002,0,0.5774751305580139,1.1187297105789185,0.14561724662780762,1.0243898630142212,0.5767743587493896,0.4300815761089325,0.47489047050476074,16.59538459777832,27,326.79998779296875,0,nan,nan,nan,0.001049324870109558,1.0151151830345895,0.047739920195099754,16.590373992919922,1.0,70.56020105600383,117.84184389809917,0.3518722355365753,0.271644651889801
0.001,30,60.0,0.577232837677002,0,0.5774766802787781,1.1186485290527344,0.14578700065612793,1.0243480205535889,0.5767760276794434,0.42606672644615173,0.47509336471557617,32.72854232788086,27,326.79998779296875,0,nan,nan,nan,0.0,1.0156005600869247,0.11180911185695529,32.718345642089844,1.0,70.59607434987075,116.62077300504444,0.3527693450450897,0.2710166275501251
0.001,35,1.0,0.5720704197883606,0,0.24085137248039246,0.7459022402763367,0.0,0.7815618515014648,0.23955117166042328,0.624208390712738,0.14053870737552643,1.0,1,194.79998779296875,200,400.0,nan,nan,0.002529159188270569,1.0,9.109033014295544,1.0,1.0,7.243044334808439,2405.8553555994226,0.1023368090391159,-0.04853165149688721
0.001,35,5.0,0.5720704197883606,0,0.5725342035293579,0.9854522943496704,0.17183661460876465,0.9914695620536804,0.5718873739242554,0.23449058830738068,0.508976399898529,3.286914110183716,18,329.5999755859375,0,nan,nan,nan,0.0,1.0344169284515647,7.345078097513509e-05,3.2886712551116943,1.0,7.556843792491124,32.45362333650006,0.10148206353187561,0.15111461281776428
0.001,35,10.0,0.5720704197883606,0,0.5725294351577759,0.9853138327598572,0.17263340950012207,0.9914878606796265,0.5718824863433838,0.23469816148281097,0.5093085765838623,6.145557403564453,18,329.5999755859375,0,nan,nan,nan,0.0006259307265281677,1.041710529102642,7.334982113960379e-06,6.149510383605957,1.0,7.618796670231854,32.646695828837345,0.10127556324005127,0.14951978623867035
0.001,35,15.0,0.5720704197883606,0,0.5725281238555908,0.9852026104927063,0.17285466194152832,0.9915037751197815,0.5718811750411987,0.23598463833332062,0.509415864944458,9.004199981689453,18,329.5999755859375,0,nan,nan,nan,0.0009387731552124023,1.0443986264332603,1.5024660758649196e-06,9.01034927368164,1.0,7.641223060381391,32.907681487607135,0.10119736939668655,0.1489678919315338
0.001,35,30.0,0.5720704197883606,0,0.5725318789482117,0.9851429462432861,0.17300057411193848,0.9915094375610352,0.5718849897384644,0.2370450645685196,0.5094709992408752,17.580129623413086,18,329.5999755859375,0,nan,nan,nan,0.0,1.0472329264647893,2.6528111549157734e-07,17.592866897583008,1.0,7.664630744455624,33.11500242060922,0.10111366957426071,0.14817266166210175
0.001,35,60.0,0.5720704197883606,0,0.5725342631340027,0.9851865768432617,0.17295944690704346,0.9915180802345276,0.5718873143196106,0.23738421499729156,0.509486198425293,34.73198318481445,18,329.5999755859375,0,nan,nan,nan,0.0,1.0487086511759722,1.5810886706786017e-07,34.75790023803711,1.0,7.676722801167369,33.22496922535172,0.10106964409351349,0.1484450250864029
0.001,40,1.0,0.04934167116880417,1,0.0005506066372618079,0.011862918734550476,0.010370969772338867,0.012313660234212875,0.0003635849861893803,0.5528058409690857,0.0002761852229014039,1.0,50,1.0,5600,0.0,200.0,200.0,0.0029185739113017917,1.0,104.57037325765933,1.0,1.0,1011941.2237622832,13326661.60459804,-0.22067490220069885,0.5186601877212524
0.001,40,5.0,0.04934167116880417,1,0.009777868166565895,0.02309054136276245,0.012908935546875,0.026752706617116928,0.00974197592586279,4.379397869110107,0.0025388735812157393,4.925102233886719,38,1.0,1000,0.0,200.0,200.0,0.01433519134297967,1.56141257565233,27.266654935736515,4.925079822540283,1.0,2422455.1871137596,7226836.128187652,-0.17038269340991974,0.7225343585014343
0.001,40,10.0,0.04934167116880417,1,0.0051070512272417545,0.013350069522857666,0.016847610473632812,0.011102074757218361,0.005096291191875935,3.6760499477386475,0.0021220888011157513,9.831480979919434,36,1.0,7800,0.0,200.0,1200.0,0.009431075537577271,1.6813340451821945,99.02164086061303,9.83143138885498,1.0,2793285.0557152727,23352533.02966335,-0.15963630378246307,0.7761359214782715
0.001,40,15.0,0.04934167116880417,1,0.005848607048392296,0.013056457042694092,0.009111166000366211,0.014819908887147903,0.00583066837862134,1.056308388710022,0.0010213602799922228,14.737858772277832,51,1.0,800,0.0,200.0,200.0,0.006978590041399002,1.7256187855339482,39.70091089570939,14.737781524658203,1.0,2935928.375843633,4974431.211351499,-0.1556723564863205,0.6527537107467651
0.001,40,30.0,0.04934167116880417,1,0.008188859559595585,0.028179705142974854,0.01396489143371582,0.03146412596106529,0.008124939166009426,1.5350589752197266,0.001739668077789247,29.456993103027344,45,1.0,1000,0.0,200.0,1000.0,0.013445972464978695,1.7723579044340447,86.96849082387597,29.456832885742188,1.0,3089720.809751596,6075570.238559739,-0.15149220824241638,0.6594147682189941
0.001,40,60.0,0.04934167116880417,1,0.004861032590270042,0.012990832328796387,0.005140066146850586,0.01730528101325035,0.004828868433833122,0.45030316710472107,0.0005368290585465729,58.895259857177734,33,1.0,5600,0.0,200.0,200.0,0.019458733033388853,1.7967122890733547,34.02699860145355,58.894935607910156,1.0,3171158.0083000646,10861734.397920003,-0.14931559562683105,0.6562266945838928
0.001,45,1.0,0.5728732943534851,0,0.5734437108039856,1.0184153318405151,0.26839327812194824,0.9900690317153931,0.5728015899658203,0.3976191580295563,0.5635973215103149,1.0,25,328.1999816894531,0,nan,nan,nan,0.0032330751419067383,1.0,6.50773813550804e-09,1.0,1.0,6.398763613937195,18.83062103624021,0.2156515121459961,0.23415854573249817
0.001,45,5.0,0.5728732943534851,0,0.5734156966209412,1.018746018409729,0.27340447902679443,0.9895585179328918,0.5727745294570923,0.4017769396305084,0.5646623969078064,2.9738662242889404,27,328.3999938964844,0,nan,nan,nan,0.00415492057800293,0.9682205795231842,1.5953748375247256e-09,2.9847702980041504,1.0,5.7521438909009746,17.150619332310654,0.2153695970773697,0.22989076375961304
0.001,45,10.0,0.5728732943534851,0,0.5734063386917114,1.0186712741851807,0.2742452621459961,0.9895253777503967,0.5727651715278625,0.401623010635376,0.5648368000984192,5.441198348999023,27,328.3999938964844,0,nan,nan,nan,0.002488940954208374,0.9612344685332003,2.147809650228449e-09,5.465733528137207,1.0,5.615343435850551,16.75036119640511,0.21529161930084229,0.22834376990795135
0.001,45,15.0,0.5728732943534851,0,0.5734047293663025,1.0186773538589478,0.2745685577392578,0.9894953966140747,0.5727636814117432,0.4021766185760498,0.5649729371070862,7.908531188964844,27,328.1999816894531,0,nan,nan,nan,0.0004367530345916748,0.9586366348809061,2.058759501557499e-09,7.946697235107422,1.0,5.564968886597632,16.62075816844595,0.21526122093200684,0.22787699103355408
0.001,45,30.0,0.5728732943534851,0,0.5734054446220398,1.0187122821807861,0.27496981620788574,0.9894787073135376,0.5727644562721252,0.4015550911426544,0.5651136636734009,15.310528755187988,27,328.1999816894531,0,nan,nan,nan,0.003864973783493042,0.9558839174415985,8.642593769540177e-09,15.38958740234375,1.0,5.511890326268672,16.440489441682733,0.21522828936576843,0.22750993072986603
0.001,45,60.0,0.5728732943534851,0,0.5734046697616577,1.018710732460022,0.2753300666809082,0.9894635081291199,0.5727636814117432,0.4011852741241455,0.5652667880058289,30.114524841308594,27,328.1999816894531,0,nan,nan,nan,0.0005075633525848389,0.9544451630655172,7.696029117630366e-09,30.275365829467773,1.0,5.484272119167865,16.353398502345154,0.21521079540252686,0.22693246603012085
0.001,50,1.0,0.03573840856552124,1,0.008219565264880657,0.01613384485244751,0.019623279571533203,0.019013334065675735,0.008199337869882584,1.6557544469833374,0.002832062542438507,1.0,52,1.0,200,0.0,200.0,200.0,0.0002254799474030733,1.0,64.32263726650504,1.0,1.0,43509674.870667964,4757875.300751977,0.29918092489242554,0.5879726409912109
0.001,50,5.0,0.03573840856552124,1,0.002924293279647827,0.012425899505615234,0.015864014625549316,0.013479669578373432,0.0028906497173011303,6.563231945037842,0.002901323838159442,4.892186641693115,50,1.0,7200,0.0,200.0,800.0,0.011675134301185608,1.5854451493425008,58.12144172141925,4.889117240905762,1.0,67793422.32827005,8973529.305742122,0.46023669838905334,0.8274955749511719
0.001,50,10.0,0.03573840856552124,1,0.004470692947506905,0.009030401706695557,0.002566814422607422,0.010949934832751751,0.004458049777895212,0.32169580459594727,0.0002887083974201232,9.75741958618164,31,1.0,6400,0.0,200.0,800.0,0.014707206515595317,1.71399498971575,42.026996371088245,9.750513076782227,1.0,71179429.63173957,8928104.177459065,0.4829632043838501,0.6286215782165527
0.001,50,15.0,0.03573840856552124,1,0.002246167976409197,0.016081541776657104,0.012236595153808594,0.01789710856974125,0.0021654260344803333,0.9958086013793945,0.0009743733680807054,14.622653007507324,46,1.0,6800,0.0,200.0,1600.0,0.0008258630987256765,1.7617864730491655,58.43669064537957,14.611909866333008,1.0,72295676.89132124,8961599.564736621,0.4905693233013153,0.42235636711120605
0.001,50,30.0,0.03573840856552124,1,0.0019528487464413047,0.01767212152481079,0.0028542280197143555,0.019301673397421837,0.001843093428760767,4.261740207672119,0.001295385300181806,29.218353271484375,51,1.0,7400,0.0,200.0,600.0,0.01667214056942612,1.8124153396582672,66.10973848065193,29.196096420288086,1.0,73401375.6037323,12349360.104220606,0.4981761574745178,0.8188748359680176
0.001,50,60.0,0.03573840856552124,1,0.009640776552259922,0.021832942962646484,0.005071878433227539,0.02423526532948017,0.009611763060092926,3.164196252822876,0.0015043130842968822,58.40975570678711,42,1.0,600,0.0,200.0,600.0,0.013755802065134048,1.838873983691018,75.99820143276841,58.36447525024414,1.0,73949366.49125715,10717465.754463691,0.501976728439331,0.683569073677063
