nu,seed,beta,step,L2
0.005,0,1.0,0,0.030693229287862778
0.005,0,1.0,200,0.0034495540894567966
0.005,0,1.0,400,0.004131441004574299
0.005,0,1.0,600,0.0057782968506217
0.005,0,1.0,800,0.007602287922054529
0.005,0,1.0,1000,0.007021219935268164
0.005,0,1.0,1200,0.003842355916276574
0.005,0,1.0,1400,0.004783082753419876
0.005,0,1.0,1600,0.005609888583421707
0.005,0,1.0,1800,0.0056516812182962894
0.005,0,1.0,2000,0.005897158291190863
0.005,0,1.0,2200,0.006157541647553444
0.005,0,1.0,2400,0.006180885713547468
0.005,0,1.0,2600,0.003461381420493126
0.005,0,1.0,2800,0.002473933156579733
0.005,0,1.0,3000,0.00372008653357625
0.005,0,1.0,3200,0.004214024171233177
0.005,0,1.0,3400,0.006196761038154364
0.005,0,1.0,3600,0.006527348887175322
0.005,0,1.0,3800,0.009725089184939861
0.005,0,1.0,4000,0.006977733224630356
0.005,0,1.0,4200,0.005126187577843666
0.005,0,1.0,4400,0.005439522676169872
0.005,0,1.0,4600,0.004966752137988806
0.005,0,1.0,4800,0.005858066491782665
0.005,0,1.0,5000,0.005265601444989443
0.005,0,1.0,5200,0.00558475311845541
0.005,0,1.0,5400,0.005129258148372173
0.005,0,1.0,5600,0.004056109581142664
0.005,0,1.0,5800,0.00689835287630558
0.005,0,1.0,6000,0.006599897518754005
0.005,0,1.0,6200,0.006520088762044907
0.005,0,1.0,6400,0.006205081008374691
0.005,0,1.0,6600,0.006202773191034794
0.005,0,1.0,6800,0.006309820339083672
0.005,0,1.0,7000,0.0048545487225055695
0.005,0,1.0,7200,0.009350476786494255
0.005,0,1.0,7400,0.007398722693324089
0.005,0,1.0,7600,0.006590038537979126
0.005,0,1.0,7800,0.006882048677653074
0.005,0,1.0,7999,0.005030977074056864
0.005,0,3.0,0,0.030920477584004402
0.005,0,3.0,200,0.00577330868691206
0.005,0,3.0,400,0.0038349791429936886
0.005,0,3.0,600,0.004398535005748272
0.005,0,3.0,800,0.003815022762864828
0.005,0,3.0,1000,0.00484732910990715
0.005,0,3.0,1200,0.006400821730494499
0.005,0,3.0,1400,0.003529548179358244
0.005,0,3.0,1600,0.006328690331429243
0.005,0,3.0,1800,0.005952928215265274
0.005,0,3.0,2000,0.007012888323515654
0.005,0,3.0,2200,0.005112027283757925
0.005,0,3.0,2400,0.0071933213621377945
0.005,0,3.0,2600,0.012581671588122845
0.005,0,3.0,2800,0.0137617914006114
0.005,0,3.0,3000,0.0152257289737463
0.005,0,3.0,3200,0.013834262266755104
0.005,0,3.0,3400,0.011184543371200562
0.005,0,3.0,3600,0.012635339051485062
0.005,0,3.0,3800,0.009985452517867088
0.005,0,3.0,4000,0.008295872248709202
0.005,0,3.0,4200,0.010747158899903297
0.005,0,3.0,4400,0.01346809882670641
0.005,0,3.0,4600,0.011104446835815907
0.005,0,3.0,4800,0.011030254885554314
0.005,0,3.0,5000,0.01221595611423254
0.005,0,3.0,5200,0.010800162330269814
0.005,0,3.0,5400,0.009854576550424099
0.005,0,3.0,5600,0.009462614543735981
0.005,0,3.0,5800,0.009440318681299686
0.005,0,3.0,6000,0.009389925748109818
0.005,0,3.0,6200,0.011270432732999325
0.005,0,3.0,6400,0.011889107525348663
0.005,0,3.0,6600,0.013344003818929195
0.005,0,3.0,6800,0.012287131510674953
0.005,0,3.0,7000,0.013561277650296688
0.005,0,3.0,7200,0.012750457972288132
0.005,0,3.0,7400,0.012359000742435455
0.005,0,3.0,7600,0.011846345849335194
0.005,0,3.0,7800,0.012087144888937473
0.005,0,3.0,7999,0.011411654762923717
0.005,0,8.0,0,0.031022973358631134
0.005,0,8.0,200,0.0030603399500250816
0.005,0,8.0,400,0.005118199624121189
0.005,0,8.0,600,0.005753171164542437
0.005,0,8.0,800,0.005402698181569576
0.005,0,8.0,1000,0.0035247330088168383
0.005,0,8.0,1200,0.006022884976118803
0.005,0,8.0,1400,0.008490233682096004
0.005,0,8.0,1600,0.009007247164845467
0.005,0,8.0,1800,0.005448371171951294
0.005,0,8.0,2000,0.0013379415031522512
0.005,0,8.0,2200,0.006990560796111822
0.005,0,8.0,2400,0.0026937706861644983
0.005,0,8.0,2600,0.004765484016388655
0.005,0,8.0,2800,0.0055773211643099785
0.005,0,8.0,3000,0.008058181963860989
0.005,0,8.0,3200,0.0031350115314126015
0.005,0,8.0,3400,0.002227467717602849
0.005,0,8.0,3600,0.0034152637235820293
0.005,0,8.0,3800,0.004241587594151497
0.005,0,8.0,4000,0.004183055367320776
0.005,0,8.0,4200,0.009716227650642395
0.005,0,8.0,4400,0.005151617806404829
0.005,0,8.0,4600,0.005006861872971058
0.005,0,8.0,4800,0.005159817636013031
0.005,0,8.0,5000,0.012348647229373455
0.005,0,8.0,5200,0.008545206859707832
0.005,0,8.0,5400,0.003997408784925938
0.005,0,8.0,5600,0.003892331849783659
0.005,0,8.0,5800,0.007972468622028828
0.005,0,8.0,6000,0.002770333783701062
0.005,0,8.0,6200,0.004924714099615812
0.005,0,8.0,6400,0.002383942250162363
0.005,0,8.0,6600,0.00405957130715251
0.005,0,8.0,6800,0.003513706848025322
0.005,0,8.0,7000,0.007296358235180378
0.005,0,8.0,7200,0.006481703836470842
0.005,0,8.0,7400,0.004876755643635988
0.005,0,8.0,7600,0.006289071869105101
0.005,0,8.0,7800,0.009115115739405155
0.005,0,8.0,7999,0.010320110246539116
0.005,5,1.0,0,0.05305703356862068
0.005,5,1.0,200,0.04643699526786804
0.005,5,1.0,400,0.048483848571777344
0.005,5,1.0,600,0.047568581998348236
0.005,5,1.0,800,0.046932533383369446
0.005,5,1.0,1000,0.045733433216810226
0.005,5,1.0,1200,0.045610811561346054
0.005,5,1.0,1400,0.04681851342320442
0.005,5,1.0,1600,0.04500943794846535
0.005,5,1.0,1800,0.04582161828875542
0.005,5,1.0,2000,0.04629495367407799
0.005,5,1.0,2200,0.04479267820715904
0.005,5,1.0,2400,0.043778400868177414
0.005,5,1.0,2600,0.04562445357441902
0.005,5,1.0,2800,0.043526679277420044
0.005,5,1.0,3000,0.045271363109350204
0.005,5,1.0,3200,0.04550553485751152
0.005,5,1.0,3400,0.044323135167360306
0.005,5,1.0,3600,0.044290006160736084
0.005,5,1.0,3800,0.04176270216703415
0.005,5,1.0,4000,0.042682942003011703
0.005,5,1.0,4200,0.04350593686103821
0.005,5,1.0,4400,0.042440757155418396
0.005,5,1.0,4600,0.04404706507921219
0.005,5,1.0,4800,0.04460388049483299
0.005,5,1.0,5000,0.043527450412511826
0.005,5,1.0,5200,0.04372113198041916
0.005,5,1.0,5400,0.04285382851958275
0.005,5,1.0,5600,0.04258137568831444
0.005,5,1.0,5800,0.04191513732075691
0.005,5,1.0,6000,0.04241422563791275
0.005,5,1.0,6200,0.04136680066585541
0.005,5,1.0,6400,0.040583766996860504
0.005,5,1.0,6600,0.03882789611816406
0.005,5,1.0,6800,0.04029172286391258
0.005,5,1.0,7000,0.03950035199522972
0.005,5,1.0,7200,0.03868107870221138
0.005,5,1.0,7400,0.03771508112549782
0.005,5,1.0,7600,0.037075985223054886
0.005,5,1.0,7800,0.036877453327178955
0.005,5,1.0,7999,0.03803901746869087
0.005,5,3.0,0,0.05314735695719719
0.005,5,3.0,200,0.046673621982336044
0.005,5,3.0,400,0.045551054179668427
0.005,5,3.0,600,0.04584420099854469
0.005,5,3.0,800,0.04318656772375107
0.005,5,3.0,1000,0.04462510347366333
0.005,5,3.0,1200,0.04342619329690933
0.005,5,3.0,1400,0.04232412204146385
0.005,5,3.0,1600,0.04601467400789261
0.005,5,3.0,1800,0.043006252497434616
0.005,5,3.0,2000,0.04213752970099449
0.005,5,3.0,2200,0.044229526072740555
0.005,5,3.0,2400,0.042341671884059906
0.005,5,3.0,2600,0.04267561435699463
0.005,5,3.0,2800,0.042793430387973785
0.005,5,3.0,3000,0.04222612455487251
0.005,5,3.0,3200,0.04094109311699867
0.005,5,3.0,3400,0.041379664093256
0.005,5,3.0,3600,0.04140964895486832
0.005,5,3.0,3800,0.038876645267009735
0.005,5,3.0,4000,0.03622828796505928
0.005,5,3.0,4200,0.03874220326542854
0.005,5,3.0,4400,0.0362207368016243
0.005,5,3.0,4600,0.03410487249493599
0.005,5,3.0,4800,0.03270598128437996
0.005,5,3.0,5000,0.032816678285598755
0.005,5,3.0,5200,0.03198356553912163
0.005,5,3.0,5400,0.028865022584795952
0.005,5,3.0,5600,0.027729235589504242
0.005,5,3.0,5800,0.026263445615768433
0.005,5,3.0,6000,0.02393496222794056
0.005,5,3.0,6200,0.023613087832927704
0.005,5,3.0,6400,0.023068184033036232
0.005,5,3.0,6600,0.02273985557258129
0.005,5,3.0,6800,0.02121603675186634
0.005,5,3.0,7000,0.020994311198592186
0.005,5,3.0,7200,0.018141724169254303
0.005,5,3.0,7400,0.020398598164319992
0.005,5,3.0,7600,0.019174501299858093
0.005,5,3.0,7800,0.020062753930687904
0.005,5,3.0,7999,0.01993519999086857
0.005,5,8.0,0,0.05323898792266846
0.005,5,8.0,200,0.04502961039543152
0.005,5,8.0,400,0.04404029622673988
0.005,5,8.0,600,0.045172009617090225
0.005,5,8.0,800,0.04454224929213524
0.005,5,8.0,1000,0.04316265136003494
0.005,5,8.0,1200,0.04342813417315483
0.005,5,8.0,1400,0.04337096959352493
0.005,5,8.0,1600,0.042303796857595444
0.005,5,8.0,1800,0.04049686715006828
0.005,5,8.0,2000,0.04061971977353096
0.005,5,8.0,2200,0.041447605937719345
0.005,5,8.0,2400,0.040171828120946884
0.005,5,8.0,2600,0.03959010913968086
0.005,5,8.0,2800,0.03950275853276253
0.005,5,8.0,3000,0.04080291464924812
0.005,5,8.0,3200,0.03963332623243332
0.005,5,8.0,3400,0.039668891578912735
0.005,5,8.0,3600,0.03964950516819954
0.005,5,8.0,3800,0.037423841655254364
0.005,5,8.0,4000,0.03565674275159836
0.005,5,8.0,4200,0.036026518791913986
0.005,5,8.0,4400,0.03561091050505638
0.005,5,8.0,4600,0.03313549607992172
0.005,5,8.0,4800,0.03131016343832016
0.005,5,8.0,5000,0.03173970803618431
0.005,5,8.0,5200,0.03039625473320484
0.005,5,8.0,5400,0.029341138899326324
0.005,5,8.0,5600,0.027806127443909645
0.005,5,8.0,5800,0.024747610092163086
0.005,5,8.0,6000,0.02426612749695778
0.005,5,8.0,6200,0.02360064722597599
0.005,5,8.0,6400,0.022638307884335518
0.005,5,8.0,6600,0.022332612425088882
0.005,5,8.0,6800,0.022640801966190338
0.005,5,8.0,7000,0.021294590085744858
0.005,5,8.0,7200,0.01629861444234848
0.005,5,8.0,7400,0.01642535626888275
0.005,5,8.0,7600,0.015297187492251396
0.005,5,8.0,7800,0.01336955651640892
0.005,5,8.0,7999,0.010175357572734356
0.005,10,1.0,0,0.5724427103996277
0.005,10,1.0,200,0.39978522062301636
0.005,10,1.0,400,0.00904117338359356
0.005,10,1.0,600,0.006696213502436876
0.005,10,1.0,800,0.009721287526190281
0.005,10,1.0,1000,0.007229553069919348
0.005,10,1.0,1200,0.007647155784070492
0.005,10,1.0,1400,0.006396612152457237
0.005,10,1.0,1600,0.005751023534685373
0.005,10,1.0,1800,0.008675126358866692
0.005,10,1.0,2000,0.007885357365012169
0.005,10,1.0,2200,0.006643497385084629
0.005,10,1.0,2400,0.0059876712039113045
0.005,10,1.0,2600,0.00799561757594347
0.005,10,1.0,2800,0.0078035094775259495
0.005,10,1.0,3000,0.008748650550842285
0.005,10,1.0,3200,0.007979665882885456
0.005,10,1.0,3400,0.006016747560352087
0.005,10,1.0,3600,0.009139064699411392
0.005,10,1.0,3800,0.0072635202668607235
0.005,10,1.0,4000,0.005087275989353657
0.005,10,1.0,4200,0.00626177154481411
0.005,10,1.0,4400,0.006448039319366217
0.005,10,1.0,4600,0.006252090912312269
0.005,10,1.0,4800,0.006894173100590706
0.005,10,1.0,5000,0.004974771291017532
0.005,10,1.0,5200,0.00716919032856822
0.005,10,1.0,5400,0.0031150144059211016
0.005,10,1.0,5600,0.0031589288264513016
0.005,10,1.0,5800,0.0018340589012950659
0.005,10,1.0,6000,0.004151806700974703
0.005,10,1.0,6200,0.003972369246184826
0.005,10,1.0,6400,0.0023647767957299948
0.005,10,1.0,6600,0.0030849275644868612
0.005,10,1.0,6800,0.002291689394041896
0.005,10,1.0,7000,0.00122235924936831
0.005,10,1.0,7200,0.003157103667035699
0.005,10,1.0,7400,0.0033344649709761143
0.005,10,1.0,7600,0.003992867190390825
0.005,10,1.0,7800,0.001441698637790978
0.005,10,1.0,7999,0.0013386349892243743
0.005,10,3.0,0,0.572417140007019
0.005,10,3.0,200,0.3800565302371979
0.005,10,3.0,400,0.061100177466869354
0.005,10,3.0,600,0.05433136597275734
0.005,10,3.0,800,0.050551820546388626
0.005,10,3.0,1000,0.05056701600551605
0.005,10,3.0,1200,0.04894294589757919
0.005,10,3.0,1400,0.047031648457050323
0.005,10,3.0,1600,0.04664195328950882
0.005,10,3.0,1800,0.046332843601703644
0.005,10,3.0,2000,0.04766082391142845
0.005,10,3.0,2200,0.045710157603025436
0.005,10,3.0,2400,0.04476764053106308
0.005,10,3.0,2600,0.04263656213879585
0.005,10,3.0,2800,0.04181988909840584
0.005,10,3.0,3000,0.03958906978368759
0.005,10,3.0,3200,0.03984185308218002
0.005,10,3.0,3400,0.03787501901388168
0.005,10,3.0,3600,0.03527325019240379
0.005,10,3.0,3800,0.0345948189496994
0.005,10,3.0,4000,0.03507455438375473
0.005,10,3.0,4200,0.03306444734334946
0.005,10,3.0,4400,0.03254282474517822
0.005,10,3.0,4600,0.03153751417994499
0.005,10,3.0,4800,0.03194056823849678
0.005,10,3.0,5000,0.029267244040966034
0.005,10,3.0,5200,0.028735719621181488
0.005,10,3.0,5400,0.027670321986079216
0.005,10,3.0,5600,0.025033146142959595
0.005,10,3.0,5800,0.022508658468723297
0.005,10,3.0,6000,0.02163516730070114
0.005,10,3.0,6200,0.0207060519605875
0.005,10,3.0,6400,0.018473990261554718
0.005,10,3.0,6600,0.01651368848979473
0.005,10,3.0,6800,0.013963262550532818
0.005,10,3.0,7000,0.011482671834528446
0.005,10,3.0,7200,0.012356610968708992
0.005,10,3.0,7400,0.008698427118360996
0.005,10,3.0,7600,0.008235367015004158
0.005,10,3.0,7800,0.006687660235911608
0.005,10,3.0,7999,0.006936144549399614
0.005,10,8.0,0,0.5724233388900757
0.005,10,8.0,200,0.37465569376945496
0.005,10,8.0,400,0.07559532672166824
0.005,10,8.0,600,0.06582038104534149
0.005,10,8.0,800,0.06554383039474487
0.005,10,8.0,1000,0.06667403876781464
0.005,10,8.0,1200,0.07041023671627045
0.005,10,8.0,1400,0.06824896484613419
0.005,10,8.0,1600,0.06560847908258438
0.005,10,8.0,1800,0.06322197616100311
0.005,10,8.0,2000,0.06259535253047943
0.005,10,8.0,2200,0.06120550259947777
0.005,10,8.0,2400,0.05958399549126625
0.005,10,8.0,2600,0.05979311093688011
0.005,10,8.0,2800,0.058607038110494614
0.005,10,8.0,3000,0.05797463655471802
0.005,10,8.0,3200,0.059892687946558
0.005,10,8.0,3400,0.05650347098708153
0.005,10,8.0,3600,0.05409836396574974
0.005,10,8.0,3800,0.05434175953269005
0.005,10,8.0,4000,0.05277179554104805
0.005,10,8.0,4200,0.051840364933013916
0.005,10,8.0,4400,0.048717327415943146
0.005,10,8.0,4600,0.04922502115368843
0.005,10,8.0,4800,0.04628405719995499
0.005,10,8.0,5000,0.04491265490651131
0.005,10,8.0,5200,0.043959617614746094
0.005,10,8.0,5400,0.04281643405556679
0.005,10,8.0,5600,0.041691139340400696
0.005,10,8.0,5800,0.040398482233285904
0.005,10,8.0,6000,0.03862772136926651
0.005,10,8.0,6200,0.034658826887607574
0.005,10,8.0,6400,0.034723397344350815
0.005,10,8.0,6600,0.03327174857258797
0.005,10,8.0,6800,0.03108477033674717
0.005,10,8.0,7000,0.027749190106987953
0.005,10,8.0,7200,0.02635783888399601
0.005,10,8.0,7400,0.022166423499584198
0.005,10,8.0,7600,0.021834708750247955
0.005,10,8.0,7800,0.020879168063402176
0.005,10,8.0,7999,0.01829606108367443
0.005,15,1.0,0,0.5691787600517273
0.005,15,1.0,200,0.22486740350723267
0.005,15,1.0,400,0.2265276461839676
0.005,15,1.0,600,0.22834396362304688
0.005,15,1.0,800,0.22563230991363525
0.005,15,1.0,1000,0.22693011164665222
0.005,15,1.0,1200,0.22862330079078674
0.005,15,1.0,1400,0.22955143451690674
0.005,15,1.0,1600,0.2297898679971695
0.005,15,1.0,1800,0.22889158129692078
0.005,15,1.0,2000,0.22848688066005707
0.005,15,1.0,2200,0.22800470888614655
0.005,15,1.0,2400,0.22712451219558716
0.005,15,1.0,2600,0.22848954796791077
0.005,15,1.0,2800,0.2285172939300537
0.005,15,1.0,3000,0.22790135443210602
0.005,15,1.0,3200,0.22875289618968964
0.005,15,1.0,3400,0.22905854880809784
0.005,15,1.0,3600,0.22863386571407318
0.005,15,1.0,3800,0.22767293453216553
0.005,15,1.0,4000,0.2273404598236084
0.005,15,1.0,4200,0.2275075614452362
0.005,15,1.0,4400,0.22798141837120056
0.005,15,1.0,4600,0.2287587821483612
0.005,15,1.0,4800,0.22859464585781097
0.005,15,1.0,5000,0.22862671315670013
0.005,15,1.0,5200,0.22910134494304657
0.005,15,1.0,5400,0.2273700088262558
0.005,15,1.0,5600,0.2284654676914215
0.005,15,1.0,5800,0.22786617279052734
0.005,15,1.0,6000,0.22837130725383759
0.005,15,1.0,6200,0.2286711484193802
0.005,15,1.0,6400,0.22806416451931
0.005,15,1.0,6600,0.22837457060813904
0.005,15,1.0,6800,0.2295326441526413
0.005,15,1.0,7000,0.22827337682247162
0.005,15,1.0,7200,0.22830860316753387
0.005,15,1.0,7400,0.2282114326953888
0.005,15,1.0,7600,0.2280592918395996
0.005,15,1.0,7800,0.2280569225549698
0.005,15,1.0,7999,0.2281375229358673
0.005,15,3.0,0,0.5691669583320618
0.005,15,3.0,200,0.20416612923145294
0.005,15,3.0,400,0.2058851718902588
0.005,15,3.0,600,0.20591123402118683
0.005,15,3.0,800,0.20874281227588654
0.005,15,3.0,1000,0.20847883820533752
0.005,15,3.0,1200,0.21015840768814087
0.005,15,3.0,1400,0.210279643535614
0.005,15,3.0,1600,0.2108132690191269
0.005,15,3.0,1800,0.21168860793113708
0.005,15,3.0,2000,0.21196600794792175
0.005,15,3.0,2200,0.21329589188098907
0.005,15,3.0,2400,0.2130860984325409
0.005,15,3.0,2600,0.21324871480464935
0.005,15,3.0,2800,0.21450203657150269
0.005,15,3.0,3000,0.2149873673915863
0.005,15,3.0,3200,0.21394477784633636
0.005,15,3.0,3400,0.2147839367389679
0.005,15,3.0,3600,0.21565794944763184
0.005,15,3.0,3800,0.2151937037706375
0.005,15,3.0,4000,0.21592198312282562
0.005,15,3.0,4200,0.2170914113521576
0.005,15,3.0,4400,0.2175062894821167
0.005,15,3.0,4600,0.21813935041427612
0.005,15,3.0,4800,0.21733446419239044
0.005,15,3.0,5000,0.21863365173339844
0.005,15,3.0,5200,0.21772724390029907
0.005,15,3.0,5400,0.21903905272483826
0.005,15,3.0,5600,0.2191527932882309
0.005,15,3.0,5800,0.2193809151649475
0.005,15,3.0,6000,0.22039808332920074
0.005,15,3.0,6200,0.22062358260154724
0.005,15,3.0,6400,0.21962080895900726
0.005,15,3.0,6600,0.2214186191558838
0.005,15,3.0,6800,0.22259652614593506
0.005,15,3.0,7000,0.22221693396568298
0.005,15,3.0,7200,0.22226929664611816
0.005,15,3.0,7400,0.22145028412342072
0.005,15,3.0,7600,0.2234608381986618
0.005,15,3.0,7800,0.22518402338027954
0.005,15,3.0,7999,0.22458331286907196
0.005,15,8.0,0,0.5691815614700317
0.005,15,8.0,200,0.19251300394535065
0.005,15,8.0,400,0.19741420447826385
0.005,15,8.0,600,0.1983773112297058
0.005,15,8.0,800,0.20087189972400665
0.005,15,8.0,1000,0.2015029937028885
0.005,15,8.0,1200,0.20218144357204437
0.005,15,8.0,1400,0.20320828258991241
0.005,15,8.0,1600,0.20329242944717407
0.005,15,8.0,1800,0.2048787772655487
0.005,15,8.0,2000,0.20604830980300903
0.005,15,8.0,2200,0.206795334815979
0.005,15,8.0,2400,0.2069433182477951
0.005,15,8.0,2600,0.20808421075344086
0.005,15,8.0,2800,0.2092258781194687
0.005,15,8.0,3000,0.20938247442245483
0.005,15,8.0,3200,0.20919103920459747
0.005,15,8.0,3400,0.20956407487392426
0.005,15,8.0,3600,0.21081680059432983
0.005,15,8.0,3800,0.21237048506736755
0.005,15,8.0,4000,0.21216659247875214
0.005,15,8.0,4200,0.21358078718185425
0.005,15,8.0,4400,0.21398767828941345
0.005,15,8.0,4600,0.21566888689994812
0.005,15,8.0,4800,0.21568889915943146
0.005,15,8.0,5000,0.21533571183681488
0.005,15,8.0,5200,0.21672895550727844
0.005,15,8.0,5400,0.21665941178798676
0.005,15,8.0,5600,0.21740379929542542
0.005,15,8.0,5800,0.21891579031944275
0.005,15,8.0,6000,0.21794651448726654
0.005,15,8.0,6200,0.22058871388435364
0.005,15,8.0,6400,0.22109071910381317
0.005,15,8.0,6600,0.2206604927778244
0.005,15,8.0,6800,0.22267696261405945
0.005,15,8.0,7000,0.22209076583385468
0.005,15,8.0,7200,0.2227220982313156
0.005,15,8.0,7400,0.22409912943840027
0.005,15,8.0,7600,0.22296109795570374
0.005,15,8.0,7800,0.22467444837093353
0.005,15,8.0,7999,0.22592677175998688
0.005,20,1.0,0,0.5721607208251953
0.005,20,1.0,200,0.0970870852470398
0.005,20,1.0,400,0.10010317713022232
0.005,20,1.0,600,0.10179048776626587
0.005,20,1.0,800,0.10105720907449722
0.005,20,1.0,1000,0.10016155987977982
0.005,20,1.0,1200,0.10020159184932709
0.005,20,1.0,1400,0.09811435639858246
0.005,20,1.0,1600,0.09826318919658661
0.005,20,1.0,1800,0.10114697366952896
0.005,20,1.0,2000,0.1005537360906601
0.005,20,1.0,2200,0.09904015809297562
0.005,20,1.0,2400,0.09839429706335068
0.005,20,1.0,2600,0.09936705231666565
0.005,20,1.0,2800,0.09907730668783188
0.005,20,1.0,3000,0.09950128942728043
0.005,20,1.0,3200,0.09891276061534882
0.005,20,1.0,3400,0.09773261845111847
0.005,20,1.0,3600,0.0992637425661087
0.005,20,1.0,3800,0.09830431640148163
0.005,20,1.0,4000,0.09875369817018509
0.005,20,1.0,4200,0.10022996366024017
0.005,20,1.0,4400,0.09962982684373856
0.005,20,1.0,4600,0.09952808916568756
0.005,20,1.0,4800,0.09779791533946991
0.005,20,1.0,5000,0.09879208356142044
0.005,20,1.0,5200,0.10097038745880127
0.005,20,1.0,5400,0.09980425983667374
0.005,20,1.0,5600,0.10008721798658371
0.005,20,1.0,5800,0.1007252112030983
0.005,20,1.0,6000,0.10043541342020035
0.005,20,1.0,6200,0.1013956218957901
0.005,20,1.0,6400,0.09981299936771393
0.005,20,1.0,6600,0.10211034119129181
0.005,20,1.0,6800,0.09832929074764252
0.005,20,1.0,7000,0.09950531274080276
0.005,20,1.0,7200,0.09965510666370392
0.005,20,1.0,7400,0.09948809444904327
0.005,20,1.0,7600,0.10001949965953827
0.005,20,1.0,7800,0.10048332065343857
0.005,20,1.0,7999,0.10002102702856064
0.005,20,3.0,0,0.5720927715301514
0.005,20,3.0,200,0.15489089488983154
0.005,20,3.0,400,0.1626581996679306
0.005,20,3.0,600,0.16597892343997955
0.005,20,3.0,800,0.16554974019527435
0.005,20,3.0,1000,0.16598832607269287
0.005,20,3.0,1200,0.166995108127594
0.005,20,3.0,1400,0.16809870302677155
0.005,20,3.0,1600,0.1673390120267868
0.005,20,3.0,1800,0.16903240978717804
0.005,20,3.0,2000,0.16892065107822418
0.005,20,3.0,2200,0.16983598470687866
0.005,20,3.0,2400,0.170872300863266
0.005,20,3.0,2600,0.17173288762569427
0.005,20,3.0,2800,0.1717982441186905
0.005,20,3.0,3000,0.1722104251384735
0.005,20,3.0,3200,0.17250385880470276
0.005,20,3.0,3400,0.17251402139663696
0.005,20,3.0,3600,0.17380769550800323
0.005,20,3.0,3800,0.17404940724372864
0.005,20,3.0,4000,0.17362837493419647
0.005,20,3.0,4200,0.1742914468050003
0.005,20,3.0,4400,0.1756315380334854
0.005,20,3.0,4600,0.1759621649980545
0.005,20,3.0,4800,0.1769830882549286
0.005,20,3.0,5000,0.17708319425582886
0.005,20,3.0,5200,0.17748357355594635
0.005,20,3.0,5400,0.1783583164215088
0.005,20,3.0,5600,0.17748431861400604
0.005,20,3.0,5800,0.17717345058918
0.005,20,3.0,6000,0.17917686700820923
0.005,20,3.0,6200,0.178761824965477
0.005,20,3.0,6400,0.17831595242023468
0.005,20,3.0,6600,0.18029196560382843
0.005,20,3.0,6800,0.1800415813922882
0.005,20,3.0,7000,0.18004284799098969
0.005,20,3.0,7200,0.1807336062192917
0.005,20,3.0,7400,0.1823427379131317
0.005,20,3.0,7600,0.18256674706935883
0.005,20,3.0,7800,0.18435707688331604
0.005,20,3.0,7999,0.1811206340789795
0.005,20,8.0,0,0.5720790028572083
0.005,20,8.0,200,0.18466737866401672
0.005,20,8.0,400,0.19049543142318726
0.005,20,8.0,600,0.1928754448890686
0.005,20,8.0,800,0.19194276630878448
0.005,20,8.0,1000,0.19488689303398132
0.005,20,8.0,1200,0.19439443945884705
0.005,20,8.0,1400,0.19602185487747192
0.005,20,8.0,1600,0.1981065720319748
0.005,20,8.0,1800,0.19978244602680206
0.005,20,8.0,2000,0.2004370540380478
0.005,20,8.0,2200,0.19984613358974457
0.005,20,8.0,2400,0.19896110892295837
0.005,20,8.0,2600,0.1994166225194931
0.005,20,8.0,2800,0.19991086423397064
0.005,20,8.0,3000,0.20147106051445007
0.005,20,8.0,3200,0.20166277885437012
0.005,20,8.0,3400,0.20060375332832336
0.005,20,8.0,3600,0.20251384377479553
0.005,20,8.0,3800,0.2019723504781723
0.005,20,8.0,4000,0.2018042653799057
0.005,20,8.0,4200,0.20336531102657318
0.005,20,8.0,4400,0.20262406766414642
0.005,20,8.0,4600,0.2019995003938675
0.005,20,8.0,4800,0.20301245152950287
0.005,20,8.0,5000,0.20374850928783417
0.005,20,8.0,5200,0.20282237231731415
0.005,20,8.0,5400,0.20233120024204254
0.005,20,8.0,5600,0.2022290974855423
0.005,20,8.0,5800,0.2020512819290161
0.005,20,8.0,6000,0.20301887392997742
0.005,20,8.0,6200,0.20163418352603912
0.005,20,8.0,6400,0.20395313203334808
0.005,20,8.0,6600,0.20322470366954803
0.005,20,8.0,6800,0.2036156803369522
0.005,20,8.0,7000,0.20466871559619904
0.005,20,8.0,7200,0.20470328629016876
0.005,20,8.0,7400,0.20377568900585175
0.005,20,8.0,7600,0.20645074546337128
0.005,20,8.0,7800,0.2039690464735031
0.005,20,8.0,7999,0.20473986864089966
0.005,25,1.0,0,0.018583418801426888
0.005,25,1.0,200,0.004187983460724354
0.005,25,1.0,400,0.01392095722258091
0.005,25,1.0,600,0.0032385592348873615
0.005,25,1.0,800,0.0018542410107329488
0.005,25,1.0,1000,0.0027903502341359854
0.005,25,1.0,1200,0.003640432609245181
0.005,25,1.0,1400,0.0007170633180066943
0.005,25,1.0,1600,0.002758687362074852
0.005,25,1.0,1800,0.003349614329636097
0.005,25,1.0,2000,0.002562405075877905
0.005,25,1.0,2200,0.000921092287171632
0.005,25,1.0,2400,0.006581171881407499
0.005,25,1.0,2600,0.0017458193469792604
0.005,25,1.0,2800,0.001904608798213303
0.005,25,1.0,3000,0.0018864598823711276
0.005,25,1.0,3200,0.0011450831079855561
0.005,25,1.0,3400,0.0032694111578166485
0.005,25,1.0,3600,0.0032630760688334703
0.005,25,1.0,3800,0.004469597712159157
0.005,25,1.0,4000,0.0011387286940589547
0.005,25,1.0,4200,0.0009395351517014205
0.005,25,1.0,4400,0.0021131830289959908
0.005,25,1.0,4600,0.002351508243009448
0.005,25,1.0,4800,0.004066731780767441
0.005,25,1.0,5000,0.002208952559158206
0.005,25,1.0,5200,0.0017800036584958434
0.005,25,1.0,5400,0.0024796745274215937
0.005,25,1.0,5600,0.001944364164955914
0.005,25,1.0,5800,0.001967701129615307
0.005,25,1.0,6000,0.003623932832852006
0.005,25,1.0,6200,0.0017728727543726563
0.005,25,1.0,6400,0.00036146282218396664
0.005,25,1.0,6600,0.0005565342144109309
0.005,25,1.0,6800,0.0005992582882754505
0.005,25,1.0,7000,0.002446318743750453
0.005,25,1.0,7200,0.002050923416391015
0.005,25,1.0,7400,0.00277928845025599
0.005,25,1.0,7600,0.0010085898684337735
0.005,25,1.0,7800,0.0007153550395742059
0.005,25,1.0,7999,0.0008735504234209657
0.005,25,3.0,0,0.01763801835477352
0.005,25,3.0,200,0.003971277270466089
0.005,25,3.0,400,0.006383589468896389
0.005,25,3.0,600,0.006250082980841398
0.005,25,3.0,800,0.007979548536241055
0.005,25,3.0,1000,0.007336907088756561
0.005,25,3.0,1200,0.008947771042585373
0.005,25,3.0,1400,0.007091957610100508
0.005,25,3.0,1600,0.00830492191016674
0.005,25,3.0,1800,0.008426557295024395
0.005,25,3.0,2000,0.007826296612620354
0.005,25,3.0,2200,0.006429419387131929
0.005,25,3.0,2400,0.007806051056832075
0.005,25,3.0,2600,0.006414418108761311
0.005,25,3.0,2800,0.007908955216407776
0.005,25,3.0,3000,0.007887651212513447
0.005,25,3.0,3200,0.003794750664383173
0.005,25,3.0,3400,0.0038579099345952272
0.005,25,3.0,3600,0.006567016243934631
0.005,25,3.0,3800,0.005077071487903595
0.005,25,3.0,4000,0.004985497333109379
0.005,25,3.0,4200,0.006893340032547712
0.005,25,3.0,4400,0.011167160235345364
0.005,25,3.0,4600,0.015584666281938553
0.005,25,3.0,4800,0.015314273536205292
0.005,25,3.0,5000,0.014330669306218624
0.005,25,3.0,5200,0.013028888031840324
0.005,25,3.0,5400,0.010891457088291645
0.005,25,3.0,5600,0.01025423500686884
0.005,25,3.0,5800,0.010022849775850773
0.005,25,3.0,6000,0.008168390020728111
0.005,25,3.0,6200,0.009559135884046555
0.005,25,3.0,6400,0.012014036066830158
0.005,25,3.0,6600,0.010893980041146278
0.005,25,3.0,6800,0.01144756842404604
0.005,25,3.0,7000,0.011519980616867542
0.005,25,3.0,7200,0.010287630371749401
0.005,25,3.0,7400,0.008894612081348896
0.005,25,3.0,7600,0.007971975021064281
0.005,25,3.0,7800,0.006271008867770433
0.005,25,3.0,7999,0.006283283699303865
0.005,25,8.0,0,0.017470087856054306
0.005,25,8.0,200,0.005720364395529032
0.005,25,8.0,400,0.003741310443729162
0.005,25,8.0,600,0.005300979129970074
0.005,25,8.0,800,0.0032194459345191717
0.005,25,8.0,1000,0.012251459062099457
0.005,25,8.0,1200,0.009325309656560421
0.005,25,8.0,1400,0.005631307605654001
0.005,25,8.0,1600,0.006636789534240961
0.005,25,8.0,1800,0.01221853494644165
0.005,25,8.0,2000,0.01009542215615511
0.005,25,8.0,2200,0.008701901882886887
0.005,25,8.0,2400,0.009723384864628315
0.005,25,8.0,2600,0.006857513915747404
0.005,25,8.0,2800,0.008076033554971218
0.005,25,8.0,3000,0.010010341182351112
0.005,25,8.0,3200,0.010897151194512844
0.005,25,8.0,3400,0.010962164960801601
0.005,25,8.0,3600,0.00904919859021902
0.005,25,8.0,3800,0.006663869600743055
0.005,25,8.0,4000,0.005287157371640205
0.005,25,8.0,4200,0.006349457427859306
0.005,25,8.0,4400,0.008171739056706429
0.005,25,8.0,4600,0.0069159590639173985
0.005,25,8.0,4800,0.010277753695845604
0.005,25,8.0,5000,0.00744354585185647
0.005,25,8.0,5200,0.0036689776461571455
0.005,25,8.0,5400,0.006294244434684515
0.005,25,8.0,5600,0.006984654348343611
0.005,25,8.0,5800,0.006104572210460901
0.005,25,8.0,6000,0.00578106427565217
0.005,25,8.0,6200,0.007134897634387016
0.005,25,8.0,6400,0.010116157121956348
0.005,25,8.0,6600,0.007818411104381084
0.005,25,8.0,6800,0.008284596726298332
0.005,25,8.0,7000,0.004587277770042419
0.005,25,8.0,7200,0.008389238268136978
0.005,25,8.0,7400,0.0052969204261898994
0.005,25,8.0,7600,0.007895378395915031
0.005,25,8.0,7800,0.012170813977718353
0.005,25,8.0,7999,0.01019507460296154
0.005,30,1.0,0,0.057560995221138
0.005,30,1.0,200,0.050964973866939545
0.005,30,1.0,400,0.052167680114507675
0.005,30,1.0,600,0.052178528159856796
0.005,30,1.0,800,0.049686964601278305
0.005,30,1.0,1000,0.05004379153251648
0.005,30,1.0,1200,0.048255592584609985
0.005,30,1.0,1400,0.04865282401442528
0.005,30,1.0,1600,0.04950081557035446
0.005,30,1.0,1800,0.049060944467782974
0.005,30,1.0,2000,0.047878947108983994
0.005,30,1.0,2200,0.04810985550284386
0.005,30,1.0,2400,0.04642106220126152
0.005,30,1.0,2600,0.04679354652762413
0.005,30,1.0,2800,0.047891728579998016
0.005,30,1.0,3000,0.04804294928908348
0.005,30,1.0,3200,0.048286911100149155
0.005,30,1.0,3400,0.04828865826129913
0.005,30,1.0,3600,0.048045288771390915
0.005,30,1.0,3800,0.04718827083706856
0.005,30,1.0,4000,0.04999639093875885
0.005,30,1.0,4200,0.04999193176627159
0.005,30,1.0,4400,0.04780341312289238
0.005,30,1.0,4600,0.04721348360180855
0.005,30,1.0,4800,0.046172864735126495
0.005,30,1.0,5000,0.04776368662714958
0.005,30,1.0,5200,0.04767215996980667
0.005,30,1.0,5400,0.04664895310997963
0.005,30,1.0,5600,0.04736294224858284
0.005,30,1.0,5800,0.048945292830467224
0.005,30,1.0,6000,0.04703396558761597
0.005,30,1.0,6200,0.04771912097930908
0.005,30,1.0,6400,0.04660608619451523
0.005,30,1.0,6600,0.0463007353246212
0.005,30,1.0,6800,0.04554186388850212
0.005,30,1.0,7000,0.046889156103134155
0.005,30,1.0,7200,0.04740253835916519
0.005,30,1.0,7400,0.0443907305598259
0.005,30,1.0,7600,0.04343600943684578
0.005,30,1.0,7800,0.044728830456733704
0.005,30,1.0,7999,0.044770125299692154
0.005,30,3.0,0,0.05769484117627144
0.005,30,3.0,200,0.05036923661828041
0.005,30,3.0,400,0.04832198843359947
0.005,30,3.0,600,0.045816291123628616
0.005,30,3.0,800,0.047028057277202606
0.005,30,3.0,1000,0.04566371440887451
0.005,30,3.0,1200,0.04585491865873337
0.005,30,3.0,1400,0.04565054550766945
0.005,30,3.0,1600,0.04242893308401108
0.005,30,3.0,1800,0.04330173134803772
0.005,30,3.0,2000,0.04223388060927391
0.005,30,3.0,2200,0.04258226603269577
0.005,30,3.0,2400,0.03855142369866371
0.005,30,3.0,2600,0.03693681210279465
0.005,30,3.0,2800,0.038219619542360306
0.005,30,3.0,3000,0.03833243250846863
0.005,30,3.0,3200,0.03600112721323967
0.005,30,3.0,3400,0.03724953532218933
0.005,30,3.0,3600,0.03544105961918831
0.005,30,3.0,3800,0.03661958873271942
0.005,30,3.0,4000,0.03789597377181053
0.005,30,3.0,4200,0.03591475635766983
0.005,30,3.0,4400,0.03666846081614494
0.005,30,3.0,4600,0.034157298505306244
0.005,30,3.0,4800,0.03355085849761963
0.005,30,3.0,5000,0.03418123349547386
0.005,30,3.0,5200,0.033927325159311295
0.005,30,3.0,5400,0.03642726689577103
0.005,30,3.0,5600,0.03517572954297066
0.005,30,3.0,5800,0.033651698380708694
0.005,30,3.0,6000,0.032041456550359726
0.005,30,3.0,6200,0.030518552288413048
0.005,30,3.0,6400,0.02813132107257843
0.005,30,3.0,6600,0.02928381972014904
0.005,30,3.0,6800,0.029400328174233437
0.005,30,3.0,7000,0.027466949075460434
0.005,30,3.0,7200,0.025866368785500526
0.005,30,3.0,7400,0.023406680673360825
0.005,30,3.0,7600,0.02295013703405857
0.005,30,3.0,7800,0.022777855396270752
0.005,30,3.0,7999,0.02229570969939232
0.005,30,8.0,0,0.05770174413919449
0.005,30,8.0,200,0.051155850291252136
0.005,30,8.0,400,0.05087215453386307
0.005,30,8.0,600,0.050631649792194366
0.005,30,8.0,800,0.05054236948490143
0.005,30,8.0,1000,0.047999631613492966
0.005,30,8.0,1200,0.04684180021286011
0.005,30,8.0,1400,0.047334399074316025
0.005,30,8.0,1600,0.04641170799732208
0.005,30,8.0,1800,0.04688578471541405
0.005,30,8.0,2000,0.04728241264820099
0.005,30,8.0,2200,0.04721424728631973
0.005,30,8.0,2400,0.04606964811682701
0.005,30,8.0,2600,0.04431857168674469
0.005,30,8.0,2800,0.04892725870013237
0.005,30,8.0,3000,0.05165085196495056
0.005,30,8.0,3200,0.045360684394836426
0.005,30,8.0,3400,0.044255081564188004
0.005,30,8.0,3600,0.04651821777224541
0.005,30,8.0,3800,0.045576777309179306
0.005,30,8.0,4000,0.04058145731687546
0.005,30,8.0,4200,0.04181238263845444
0.005,30,8.0,4400,0.04116791486740112
0.005,30,8.0,4600,0.039300765842199326
0.005,30,8.0,4800,0.03857152536511421
0.005,30,8.0,5000,0.03696679323911667
0.005,30,8.0,5200,0.03720121830701828
0.005,30,8.0,5400,0.0375719889998436
0.005,30,8.0,5600,0.0366896316409111
0.005,30,8.0,5800,0.038367003202438354
0.005,30,8.0,6000,0.0374072901904583
0.005,30,8.0,6200,0.03705797344446182
0.005,30,8.0,6400,0.037637025117874146
0.005,30,8.0,6600,0.03599255159497261
0.005,30,8.0,6800,0.032502781599760056
0.005,30,8.0,7000,0.03461785614490509
0.005,30,8.0,7200,0.03131026402115822
0.005,30,8.0,7400,0.029819227755069733
0.005,30,8.0,7600,0.031397055834531784
0.005,30,8.0,7800,0.027187636122107506
0.005,30,8.0,7999,0.02861878089606762
0.005,35,1.0,0,0.04812116548418999
0.005,35,1.0,200,0.04432722181081772
0.005,35,1.0,400,0.044044751673936844
0.005,35,1.0,600,0.04294614866375923
0.005,35,1.0,800,0.04261203855276108
0.005,35,1.0,1000,0.04240281507372856
0.005,35,1.0,1200,0.04173339530825615
0.005,35,1.0,1400,0.04286276176571846
0.005,35,1.0,1600,0.04249079152941704
0.005,35,1.0,1800,0.04193266108632088
0.005,35,1.0,2000,0.04366417974233627
0.005,35,1.0,2200,0.044315990060567856
0.005,35,1.0,2400,0.04238834232091904
0.005,35,1.0,2600,0.03965139389038086
0.005,35,1.0,2800,0.040114227682352066
0.005,35,1.0,3000,0.04108516499400139
0.005,35,1.0,3200,0.04108983650803566
0.005,35,1.0,3400,0.04045965522527695
0.005,35,1.0,3600,0.039317965507507324
0.005,35,1.0,3800,0.0385306254029274
0.005,35,1.0,4000,0.03790709003806114
0.005,35,1.0,4200,0.039530545473098755
0.005,35,1.0,4400,0.03827185183763504
0.005,35,1.0,4600,0.03856698051095009
0.005,35,1.0,4800,0.037129878997802734
0.005,35,1.0,5000,0.038755062967538834
0.005,35,1.0,5200,0.038032714277505875
0.005,35,1.0,5400,0.037300094962120056
0.005,35,1.0,5600,0.03694682940840721
0.005,35,1.0,5800,0.03775674104690552
0.005,35,1.0,6000,0.036652226001024246
0.005,35,1.0,6200,0.03846622630953789
0.005,35,1.0,6400,0.03389706835150719
0.005,35,1.0,6600,0.03291894495487213
0.005,35,1.0,6800,0.03366044908761978
0.005,35,1.0,7000,0.03168966621160507
0.005,35,1.0,7200,0.032641083002090454
0.005,35,1.0,7400,0.031924113631248474
0.005,35,1.0,7600,0.03013809770345688
0.005,35,1.0,7800,0.02988358400762081
0.005,35,1.0,7999,0.0263089407235384
0.005,35,3.0,0,0.04764002934098244
0.005,35,3.0,200,0.04212484136223793
0.005,35,3.0,400,0.043152712285518646
0.005,35,3.0,600,0.041849490255117416
0.005,35,3.0,800,0.03979706019163132
0.005,35,3.0,1000,0.03943246603012085
0.005,35,3.0,1200,0.04154890030622482
0.005,35,3.0,1400,0.04222702234983444
0.005,35,3.0,1600,0.0408463329076767
0.005,35,3.0,1800,0.0421256422996521
0.005,35,3.0,2000,0.03949379920959473
0.005,35,3.0,2200,0.0420466773211956
0.005,35,3.0,2400,0.04030971974134445
0.005,35,3.0,2600,0.040682464838027954
0.005,35,3.0,2800,0.04232461377978325
0.005,35,3.0,3000,0.03816502168774605
0.005,35,3.0,3200,0.03846078738570213
0.005,35,3.0,3400,0.03890344128012657
0.005,35,3.0,3600,0.03771843761205673
0.005,35,3.0,3800,0.034522149711847305
0.005,35,3.0,4000,0.033166807144880295
0.005,35,3.0,4200,0.03209148347377777
0.005,35,3.0,4400,0.030467011034488678
0.005,35,3.0,4600,0.030691077932715416
0.005,35,3.0,4800,0.03130055591464043
0.005,35,3.0,5000,0.03203034773468971
0.005,35,3.0,5200,0.031750235706567764
0.005,35,3.0,5400,0.029636254534125328
0.005,35,3.0,5600,0.03010055422782898
0.005,35,3.0,5800,0.030374398455023766
0.005,35,3.0,6000,0.02767217718064785
0.005,35,3.0,6200,0.02802087739109993
0.005,35,3.0,6400,0.025643957778811455
0.005,35,3.0,6600,0.02557760663330555
0.005,35,3.0,6800,0.02375088445842266
0.005,35,3.0,7000,0.021259725093841553
0.005,35,3.0,7200,0.02415837161242962
0.005,35,3.0,7400,0.020749807357788086
0.005,35,3.0,7600,0.02313331328332424
0.005,35,3.0,7800,0.019718417897820473
0.005,35,3.0,7999,0.020124929025769234
0.005,35,8.0,0,0.04746203124523163
0.005,35,8.0,200,0.042015548795461655
0.005,35,8.0,400,0.040833599865436554
0.005,35,8.0,600,0.039265282452106476
0.005,35,8.0,800,0.03762311115860939
0.005,35,8.0,1000,0.037891436368227005
0.005,35,8.0,1200,0.03799518570303917
0.005,35,8.0,1400,0.03716838359832764
0.005,35,8.0,1600,0.035537343472242355
0.005,35,8.0,1800,0.03512870520353317
0.005,35,8.0,2000,0.03404584154486656
0.005,35,8.0,2200,0.03295568376779556
0.005,35,8.0,2400,0.03170791640877724
0.005,35,8.0,2600,0.0317554734647274
0.005,35,8.0,2800,0.032101795077323914
0.005,35,8.0,3000,0.032563380897045135
0.005,35,8.0,3200,0.031034881249070168
0.005,35,8.0,3400,0.03107745572924614
0.005,35,8.0,3600,0.03356850892305374
0.005,35,8.0,3800,0.025906607508659363
0.005,35,8.0,4000,0.02942955493927002
0.005,35,8.0,4200,0.026443563401699066
0.005,35,8.0,4400,0.023630328476428986
0.005,35,8.0,4600,0.02328384481370449
0.005,35,8.0,4800,0.02105259709060192
0.005,35,8.0,5000,0.021529123187065125
0.005,35,8.0,5200,0.02070876955986023
0.005,35,8.0,5400,0.021812064573168755
0.005,35,8.0,5600,0.019893977791070938
0.005,35,8.0,5800,0.017331581562757492
0.005,35,8.0,6000,0.016207799315452576
0.005,35,8.0,6200,0.018500033766031265
0.005,35,8.0,6400,0.01642232947051525
0.005,35,8.0,6600,0.014500519260764122
0.005,35,8.0,6800,0.01626027747988701
0.005,35,8.0,7000,0.018866315484046936
0.005,35,8.0,7200,0.01626621000468731
0.005,35,8.0,7400,0.013411091640591621
0.005,35,8.0,7600,0.016429975628852844
0.005,35,8.0,7800,0.012525933794677258
0.005,35,8.0,7999,0.013954157009720802
0.005,40,1.0,0,0.015707949176430702
0.005,40,1.0,200,0.013717778958380222
0.005,40,1.0,400,0.012441003695130348
0.005,40,1.0,600,0.010776643641293049
0.005,40,1.0,800,0.012220256961882114
0.005,40,1.0,1000,0.011857263743877411
0.005,40,1.0,1200,0.012005546130239964
0.005,40,1.0,1400,0.0122523857280612
0.005,40,1.0,1600,0.013192915357649326
0.005,40,1.0,1800,0.011284632608294487
0.005,40,1.0,2000,0.014313791878521442
0.005,40,1.0,2200,0.01040315069258213
0.005,40,1.0,2400,0.011034028604626656
0.005,40,1.0,2600,0.010391369462013245
0.005,40,1.0,2800,0.009970877319574356
0.005,40,1.0,3000,0.009471854194998741
0.005,40,1.0,3200,0.008187136612832546
0.005,40,1.0,3400,0.008559044450521469
0.005,40,1.0,3600,0.007689540274441242
0.005,40,1.0,3800,0.007207483518868685
0.005,40,1.0,4000,0.011198614723980427
0.005,40,1.0,4200,0.011657330207526684
0.005,40,1.0,4400,0.010452669113874435
0.005,40,1.0,4600,0.012370984070003033
0.005,40,1.0,4800,0.015174868516623974
0.005,40,1.0,5000,0.00845744926482439
0.005,40,1.0,5200,0.008227360434830189
0.005,40,1.0,5400,0.007886961102485657
0.005,40,1.0,5600,0.0064858547411859035
0.005,40,1.0,5800,0.0065977247431874275
0.005,40,1.0,6000,0.00640110345557332
0.005,40,1.0,6200,0.008340050466358662
0.005,40,1.0,6400,0.006054018624126911
0.005,40,1.0,6600,0.007149895653128624
0.005,40,1.0,6800,0.006757692433893681
0.005,40,1.0,7000,0.004448505584150553
0.005,40,1.0,7200,0.004309493582695723
0.005,40,1.0,7400,0.00870396289974451
0.005,40,1.0,7600,0.00717958016321063
0.005,40,1.0,7800,0.005740165710449219
0.005,40,1.0,7999,0.0065422966144979
0.005,40,3.0,0,0.015727950260043144
0.005,40,3.0,200,0.01584821380674839
0.005,40,3.0,400,0.011656738817691803
0.005,40,3.0,600,0.011372007429599762
0.005,40,3.0,800,0.006547176279127598
0.005,40,3.0,1000,0.007520042359828949
0.005,40,3.0,1200,0.013371584936976433
0.005,40,3.0,1400,0.012521171942353249
0.005,40,3.0,1600,0.011528251692652702
0.005,40,3.0,1800,0.010062271729111671
0.005,40,3.0,2000,0.009773164056241512
0.005,40,3.0,2200,0.012088409624993801
0.005,40,3.0,2400,0.010770227760076523
0.005,40,3.0,2600,0.004285307601094246
0.005,40,3.0,2800,0.008057203143835068
0.005,40,3.0,3000,0.0071007260121405125
0.005,40,3.0,3200,0.009554724209010601
0.005,40,3.0,3400,0.0025532308500260115
0.005,40,3.0,3600,0.0048359413631260395
0.005,40,3.0,3800,0.019704675301909447
0.005,40,3.0,4000,0.0033558907452970743
0.005,40,3.0,4200,0.0025133721064776182
0.005,40,3.0,4400,0.0020179119892418385
0.005,40,3.0,4600,0.006482284050434828
0.005,40,3.0,4800,0.0028116561006754637
0.005,40,3.0,5000,0.0046093459241092205
0.005,40,3.0,5200,0.002581699751317501
0.005,40,3.0,5400,0.005830810405313969
0.005,40,3.0,5600,0.0073576695285737514
0.005,40,3.0,5800,0.005814054049551487
0.005,40,3.0,6000,0.005139792338013649
0.005,40,3.0,6200,0.004965141415596008
0.005,40,3.0,6400,0.005542272701859474
0.005,40,3.0,6600,0.009002898819744587
0.005,40,3.0,6800,0.012029757723212242
0.005,40,3.0,7000,0.010024956427514553
0.005,40,3.0,7200,0.011450989171862602
0.005,40,3.0,7400,0.012654660269618034
0.005,40,3.0,7600,0.009827787056565285
0.005,40,3.0,7800,0.009907931089401245
0.005,40,3.0,7999,0.009597050957381725
0.005,40,8.0,0,0.01563381776213646
0.005,40,8.0,200,0.012241742573678493
0.005,40,8.0,400,0.009660179726779461
0.005,40,8.0,600,0.00811196118593216
0.005,40,8.0,800,0.008931056596338749
0.005,40,8.0,1000,0.007457878906279802
0.005,40,8.0,1200,0.004684180021286011
0.005,40,8.0,1400,0.006720890291035175
0.005,40,8.0,1600,0.0063949874602258205
0.005,40,8.0,1800,0.03411536291241646
0.005,40,8.0,2000,0.005467856302857399
0.005,40,8.0,2200,0.004276677500456572
0.005,40,8.0,2400,0.004583932459354401
0.005,40,8.0,2600,0.002833237173035741
0.005,40,8.0,2800,0.004668769892305136
0.005,40,8.0,3000,0.004583736415952444
0.005,40,8.0,3200,0.007041312288492918
0.005,40,8.0,3400,0.014401908032596111
0.005,40,8.0,3600,0.005294507369399071
0.005,40,8.0,3800,0.011390826664865017
0.005,40,8.0,4000,0.01026441901922226
0.005,40,8.0,4200,0.008276780135929585
0.005,40,8.0,4400,0.012602860108017921
0.005,40,8.0,4600,0.00923228170722723
0.005,40,8.0,4800,0.011289031244814396
0.005,40,8.0,5000,0.018884576857089996
0.005,40,8.0,5200,0.014883573167026043
0.005,40,8.0,5400,0.01767772063612938
0.005,40,8.0,5600,0.01933051273226738
0.005,40,8.0,5800,0.018199972808361053
0.005,40,8.0,6000,0.022753356024622917
0.005,40,8.0,6200,0.02224954403936863
0.005,40,8.0,6400,0.02449921704828739
0.005,40,8.0,6600,0.02590395137667656
0.005,40,8.0,6800,0.023776408284902573
0.005,40,8.0,7000,0.030589954927563667
0.005,40,8.0,7200,0.028342174366116524
0.005,40,8.0,7400,0.03198675438761711
0.005,40,8.0,7600,0.030308078974485397
0.005,40,8.0,7800,0.029481191188097
0.005,40,8.0,7999,0.02665785886347294
0.005,45,1.0,0,0.03893157094717026
0.005,45,1.0,200,0.022935261949896812
0.005,45,1.0,400,0.02195221558213234
0.005,45,1.0,600,0.022637296468019485
0.005,45,1.0,800,0.019949201494455338
0.005,45,1.0,1000,0.016578759998083115
0.005,45,1.0,1200,0.01486807782202959
0.005,45,1.0,1400,0.01565288007259369
0.005,45,1.0,1600,0.020292283967137337
0.005,45,1.0,1800,0.017722250893712044
0.005,45,1.0,2000,0.01929471269249916
0.005,45,1.0,2200,0.01773982308804989
0.005,45,1.0,2400,0.018214713782072067
0.005,45,1.0,2600,0.01704966276884079
0.005,45,1.0,2800,0.01797482930123806
0.005,45,1.0,3000,0.016210004687309265
0.005,45,1.0,3200,0.016286157071590424
0.005,45,1.0,3400,0.015992404893040657
0.005,45,1.0,3600,0.016212517395615578
0.005,45,1.0,3800,0.013840042985975742
0.005,45,1.0,4000,0.015453552827239037
0.005,45,1.0,4200,0.015637995675206184
0.005,45,1.0,4400,0.015322180464863777
0.005,45,1.0,4600,0.012977092526853085
0.005,45,1.0,4800,0.014268890023231506
0.005,45,1.0,5000,0.014297213405370712
0.005,45,1.0,5200,0.012720131315290928
0.005,45,1.0,5400,0.012268572114408016
0.005,45,1.0,5600,0.01191671472042799
0.005,45,1.0,5800,0.011836979538202286
0.005,45,1.0,6000,0.01068851724267006
0.005,45,1.0,6200,0.008398977108299732
0.005,45,1.0,6400,0.008609923534095287
0.005,45,1.0,6600,0.008927290327847004
0.005,45,1.0,6800,0.008800755254924297
0.005,45,1.0,7000,0.010122832842171192
0.005,45,1.0,7200,0.010797723196446896
0.005,45,1.0,7400,0.009502622298896313
0.005,45,1.0,7600,0.011094224639236927
0.005,45,1.0,7800,0.012655324302613735
0.005,45,1.0,7999,0.009190970100462437
0.005,45,3.0,0,0.039221763610839844
0.005,45,3.0,200,0.020077234134078026
0.005,45,3.0,400,0.020260093733668327
0.005,45,3.0,600,0.02232854627072811
0.005,45,3.0,800,0.019849669188261032
0.005,45,3.0,1000,0.018598061054944992
0.005,45,3.0,1200,0.022522885352373123
0.005,45,3.0,1400,0.029027801007032394
0.005,45,3.0,1600,0.022224659100174904
0.005,45,3.0,1800,0.01913738064467907
0.005,45,3.0,2000,0.022428223863244057
0.005,45,3.0,2200,0.021243734285235405
0.005,45,3.0,2400,0.02227175422012806
0.005,45,3.0,2600,0.02334062196314335
0.005,45,3.0,2800,0.023836709558963776
0.005,45,3.0,3000,0.02006792463362217
0.005,45,3.0,3200,0.0213618166744709
0.005,45,3.0,3400,0.02019168809056282
0.005,45,3.0,3600,0.020152786746621132
0.005,45,3.0,3800,0.0173087939620018
0.005,45,3.0,4000,0.018130451440811157
0.005,45,3.0,4200,0.017160935327410698
0.005,45,3.0,4400,0.0176404882222414
0.005,45,3.0,4600,0.015449929982423782
0.005,45,3.0,4800,0.016877399757504463
0.005,45,3.0,5000,0.018147077411413193
0.005,45,3.0,5200,0.018634436652064323
0.005,45,3.0,5400,0.014748810790479183
0.005,45,3.0,5600,0.015190349891781807
0.005,45,3.0,5800,0.017973357811570168
0.005,45,3.0,6000,0.01938406564295292
0.005,45,3.0,6200,0.016391493380069733
0.005,45,3.0,6400,0.017444852739572525
0.005,45,3.0,6600,0.017855152487754822
0.005,45,3.0,6800,0.02001168392598629
0.005,45,3.0,7000,0.01430233009159565
0.005,45,3.0,7200,0.014166917651891708
0.005,45,3.0,7400,0.015858681872487068
0.005,45,3.0,7600,0.01345105655491352
0.005,45,3.0,7800,0.015189621597528458
0.005,45,3.0,7999,0.010882994160056114
0.005,45,8.0,0,0.0393286757171154
0.005,45,8.0,200,0.022450951859354973
0.005,45,8.0,400,0.022856462746858597
0.005,45,8.0,600,0.02273746021091938
0.005,45,8.0,800,0.020570894703269005
0.005,45,8.0,1000,0.01831698603928089
0.005,45,8.0,1200,0.017215095460414886
0.005,45,8.0,1400,0.01520894281566143
0.005,45,8.0,1600,0.015423605218529701
0.005,45,8.0,1800,0.016585005447268486
0.005,45,8.0,2000,0.01620628871023655
0.005,45,8.0,2200,0.01645675301551819
0.005,45,8.0,2400,0.016517257317900658
0.005,45,8.0,2600,0.013631399720907211
0.005,45,8.0,2800,0.016028594225645065
0.005,45,8.0,3000,0.01752094365656376
0.005,45,8.0,3200,0.018878262490034103
0.005,45,8.0,3400,0.01833481527864933
0.005,45,8.0,3600,0.01599275693297386
0.005,45,8.0,3800,0.013230791315436363
0.005,45,8.0,4000,0.023227356374263763
0.005,45,8.0,4200,0.012532258406281471
0.005,45,8.0,4400,0.013153379783034325
0.005,45,8.0,4600,0.014108583331108093
0.005,45,8.0,4800,0.01134804543107748
0.005,45,8.0,5000,0.012883740477263927
0.005,45,8.0,5200,0.011372551321983337
0.005,45,8.0,5400,0.010493259876966476
0.005,45,8.0,5600,0.008145973086357117
0.005,45,8.0,5800,0.009000481106340885
0.005,45,8.0,6000,0.010541592724621296
0.005,45,8.0,6200,0.0072317966260015965
0.005,45,8.0,6400,0.008806014433503151
0.005,45,8.0,6600,0.004744301550090313
0.005,45,8.0,6800,0.009223504923284054
0.005,45,8.0,7000,0.00852680392563343
0.005,45,8.0,7200,0.005804561544209719
0.005,45,8.0,7400,0.007354272063821554
0.005,45,8.0,7600,0.004726483020931482
0.005,45,8.0,7800,0.014300504699349403
0.005,45,8.0,7999,0.0031114211305975914
0.005,50,1.0,0,0.015221589244902134
0.005,50,1.0,200,0.0023721749894320965
0.005,50,1.0,400,0.0038660962600260973
0.005,50,1.0,600,0.004446588456630707
0.005,50,1.0,800,0.005514166783541441
0.005,50,1.0,1000,0.005447060335427523
0.005,50,1.0,1200,0.004742504563182592
0.005,50,1.0,1400,0.006611697841435671
0.005,50,1.0,1600,0.006047656759619713
0.005,50,1.0,1800,0.006096293684095144
0.005,50,1.0,2000,0.008403994143009186
0.005,50,1.0,2200,0.00734878471121192
0.005,50,1.0,2400,0.0081323878839612
0.005,50,1.0,2600,0.011096524074673653
0.005,50,1.0,2800,0.00875512883067131
0.005,50,1.0,3000,0.006714858580380678
0.005,50,1.0,3200,0.008072426542639732
0.005,50,1.0,3400,0.008791504427790642
0.005,50,1.0,3600,0.007846226915717125
0.005,50,1.0,3800,0.006053520366549492
0.005,50,1.0,4000,0.007587885018438101
0.005,50,1.0,4200,0.009012234397232533
0.005,50,1.0,4400,0.006681087426841259
0.005,50,1.0,4600,0.006029135547578335
0.005,50,1.0,4800,0.006488032639026642
0.005,50,1.0,5000,0.0054171266965568066
0.005,50,1.0,5200,0.00777803361415863
0.005,50,1.0,5400,0.005986199248582125
0.005,50,1.0,5600,0.0076703573577106
0.005,50,1.0,5800,0.009112699888646603
0.005,50,1.0,6000,0.007024697493761778
0.005,50,1.0,6200,0.006268012337386608
0.005,50,1.0,6400,0.00614867452532053
0.005,50,1.0,6600,0.005559724755585194
0.005,50,1.0,6800,0.010987736284732819
0.005,50,1.0,7000,0.00984674971550703
0.005,50,1.0,7200,0.006310298573225737
0.005,50,1.0,7400,0.0051229167729616165
0.005,50,1.0,7600,0.007340921554714441
0.005,50,1.0,7800,0.006559791509062052
0.005,50,1.0,7999,0.005295687820762396
0.005,50,3.0,0,0.015301782637834549
0.005,50,3.0,200,0.010375311598181725
0.005,50,3.0,400,0.003338812617585063
0.005,50,3.0,600,0.0016795090632513165
0.005,50,3.0,800,0.0058965072967112064
0.005,50,3.0,1000,0.005161431152373552
0.005,50,3.0,1200,0.006555826868861914
0.005,50,3.0,1400,0.009163574315607548
0.005,50,3.0,1600,0.008268657140433788
0.005,50,3.0,1800,0.007980474270880222
0.005,50,3.0,2000,0.011098835617303848
0.005,50,3.0,2200,0.011258072219789028
0.005,50,3.0,2400,0.00859603751450777
0.005,50,3.0,2600,0.02254510670900345
0.005,50,3.0,2800,0.020644357427954674
0.005,50,3.0,3000,0.018557583913207054
0.005,50,3.0,3200,0.02305644005537033
0.005,50,3.0,3400,0.018848655745387077
0.005,50,3.0,3600,0.0181718822568655
0.005,50,3.0,3800,0.013792408630251884
0.005,50,3.0,4000,0.017247110605239868
0.005,50,3.0,4200,0.016773365437984467
0.005,50,3.0,4400,0.01638014055788517
0.005,50,3.0,4600,0.01821708306670189
0.005,50,3.0,4800,0.014847766607999802
0.005,50,3.0,5000,0.0181867778301239
0.005,50,3.0,5200,0.02042093500494957
0.005,50,3.0,5400,0.018548324704170227
0.005,50,3.0,5600,0.01645852066576481
0.005,50,3.0,5800,0.015771940350532532
0.005,50,3.0,6000,0.011675441637635231
0.005,50,3.0,6200,0.013742150738835335
0.005,50,3.0,6400,0.022860389202833176
0.005,50,3.0,6600,0.016935249790549278
0.005,50,3.0,6800,0.016719019040465355
0.005,50,3.0,7000,0.013000679202377796
0.005,50,3.0,7200,0.015206769108772278
0.005,50,3.0,7400,0.01570456102490425
0.005,50,3.0,7600,0.01597263664007187
0.005,50,3.0,7800,0.01644301414489746
0.005,50,3.0,7999,0.015489053912460804
0.005,50,8.0,0,0.015317710116505623
0.005,50,8.0,200,0.0010906339157372713
0.005,50,8.0,400,0.005307343788444996
0.005,50,8.0,600,0.010800862684845924
0.005,50,8.0,800,0.010176306590437889
0.005,50,8.0,1000,0.011256667785346508
0.005,50,8.0,1200,0.01245664432644844
0.005,50,8.0,1400,0.010495026595890522
0.005,50,8.0,1600,0.010266745463013649
0.005,50,8.0,1800,0.011050335131585598
0.005,50,8.0,2000,0.011073572561144829
0.005,50,8.0,2200,0.014368400909006596
0.005,50,8.0,2400,0.009715200401842594
0.005,50,8.0,2600,0.009790363721549511
0.005,50,8.0,2800,0.008554208092391491
0.005,50,8.0,3000,0.00963688176125288
0.005,50,8.0,3200,0.00881984829902649
0.005,50,8.0,3400,0.006183527410030365
0.005,50,8.0,3600,0.009370136074721813
0.005,50,8.0,3800,0.008383519016206264
0.005,50,8.0,4000,0.01172659546136856
0.005,50,8.0,4200,0.008982925675809383
0.005,50,8.0,4400,0.005274859257042408
0.005,50,8.0,4600,0.010098532773554325
0.005,50,8.0,4800,0.013386713340878487
0.005,50,8.0,5000,0.00438294792547822
0.005,50,8.0,5200,0.0030666240490972996
0.005,50,8.0,5400,0.005192792508751154
0.005,50,8.0,5600,0.008119332604110241
0.005,50,8.0,5800,0.006011012475937605
0.005,50,8.0,6000,0.007688386365771294
0.005,50,8.0,6200,0.00988492090255022
0.005,50,8.0,6400,0.009412778541445732
0.005,50,8.0,6600,0.0077722263522446156
0.005,50,8.0,6800,0.014136059209704399
0.005,50,8.0,7000,0.010676486417651176
0.005,50,8.0,7200,0.011554509401321411
0.005,50,8.0,7400,0.010166534222662449
0.005,50,8.0,7600,0.013396539725363255
0.005,50,8.0,7800,0.012815376743674278
0.005,50,8.0,7999,0.010520282201468945
0.1,0,1.0,0,0.07737185060977936
0.1,0,1.0,200,0.061316702514886856
0.1,0,1.0,400,0.057568471878767014
0.1,0,1.0,600,0.05579302832484245
0.1,0,1.0,800,0.05236334353685379
0.1,0,1.0,1000,0.04745166748762131
0.1,0,1.0,1200,0.04927338287234306
0.1,0,1.0,1400,0.05033367499709129
0.1,0,1.0,1600,0.052122533321380615
0.1,0,1.0,1800,0.05268340930342674
0.1,0,1.0,2000,0.050070445984601974
0.1,0,1.0,2200,0.052092839032411575
0.1,0,1.0,2400,0.04918736591935158
0.1,0,1.0,2600,0.04958529397845268
0.1,0,1.0,2800,0.0542624369263649
0.1,0,1.0,3000,0.05233220383524895
0.1,0,1.0,3200,0.052365779876708984
0.1,0,1.0,3400,0.04798616096377373
0.1,0,1.0,3600,0.049754515290260315
0.1,0,1.0,3800,0.04741659015417099
0.1,0,1.0,4000,0.04971984773874283
0.1,0,1.0,4200,0.050496503710746765
0.1,0,1.0,4400,0.05297059193253517
0.1,0,1.0,4600,0.0442635603249073
0.1,0,1.0,4800,0.04683680459856987
0.1,0,1.0,5000,0.0498165525496006
0.1,0,1.0,5200,0.04923412948846817
0.1,0,1.0,5400,0.04886994510889053
0.1,0,1.0,5600,0.05053650960326195
0.1,0,1.0,5800,0.04715760052204132
0.1,0,1.0,6000,0.04853158816695213
0.1,0,1.0,6200,0.04610553756356239
0.1,0,1.0,6400,0.049418721348047256
0.1,0,1.0,6600,0.05035591870546341
0.1,0,1.0,6800,0.05003323778510094
0.1,0,1.0,7000,0.05205361172556877
0.1,0,1.0,7200,0.04857726767659187
0.1,0,1.0,7400,0.04996595159173012
0.1,0,1.0,7600,0.05014997720718384
0.1,0,1.0,7800,0.05318622663617134
0.1,0,1.0,7999,0.04931121692061424
0.1,0,3.0,0,0.07868391275405884
0.1,0,3.0,200,0.06443063914775848
0.1,0,3.0,400,0.05932553485035896
0.1,0,3.0,600,0.060169074684381485
0.1,0,3.0,800,0.053603168576955795
0.1,0,3.0,1000,0.056044530123472214
0.1,0,3.0,1200,0.058981750160455704
0.1,0,3.0,1400,0.05722508206963539
0.1,0,3.0,1600,0.055027034133672714
0.1,0,3.0,1800,0.05612557753920555
0.1,0,3.0,2000,0.05515666306018829
0.1,0,3.0,2200,0.051344648003578186
0.1,0,3.0,2400,0.05531390383839607
0.1,0,3.0,2600,0.056439757347106934
0.1,0,3.0,2800,0.05644065886735916
0.1,0,3.0,3000,0.04924405738711357
0.1,0,3.0,3200,0.052381761372089386
0.1,0,3.0,3400,0.05021936446428299
0.1,0,3.0,3600,0.05404962599277496
0.1,0,3.0,3800,0.0571000836789608
0.1,0,3.0,4000,0.0527728870511055
0.1,0,3.0,4200,0.05465761572122574
0.1,0,3.0,4400,0.05307181924581528
0.1,0,3.0,4600,0.052146341651678085
0.1,0,3.0,4800,0.054357774555683136
0.1,0,3.0,5000,0.05766388773918152
0.1,0,3.0,5200,0.05106616020202637
0.1,0,3.0,5400,0.05342241749167442
0.1,0,3.0,5600,0.05187375098466873
0.1,0,3.0,5800,0.05095502734184265
0.1,0,3.0,6000,0.053413502871990204
0.1,0,3.0,6200,0.056939393281936646
0.1,0,3.0,6400,0.05105597898364067
0.1,0,3.0,6600,0.05216725543141365
0.1,0,3.0,6800,0.05020112544298172
0.1,0,3.0,7000,0.05248275771737099
0.1,0,3.0,7200,0.05241113156080246
0.1,0,3.0,7400,0.04880096763372421
0.1,0,3.0,7600,0.054720085114240646
0.1,0,3.0,7800,0.05403947830200195
0.1,0,3.0,7999,0.05115979537367821
0.1,0,8.0,0,0.07931739836931229
0.1,0,8.0,200,0.060422368347644806
0.1,0,8.0,400,0.06068601459264755
0.1,0,8.0,600,0.05445776507258415
0.1,0,8.0,800,0.05085719749331474
0.1,0,8.0,1000,0.058532971888780594
0.1,0,8.0,1200,0.058672863990068436
0.1,0,8.0,1400,0.05343201756477356
0.1,0,8.0,1600,0.052273210138082504
0.1,0,8.0,1800,0.05316787585616112
0.1,0,8.0,2000,0.056063152849674225
0.1,0,8.0,2200,0.05163927003741264
0.1,0,8.0,2400,0.055693067610263824
0.1,0,8.0,2600,0.05534069612622261
0.1,0,8.0,2800,0.052330318838357925
0.1,0,8.0,3000,0.04894934222102165
0.1,0,8.0,3200,0.054315805435180664
0.1,0,8.0,3400,0.05296136811375618
0.1,0,8.0,3600,0.04979202151298523
0.1,0,8.0,3800,0.04979121312499046
0.1,0,8.0,4000,0.052838001400232315
0.1,0,8.0,4200,0.053452733904123306
0.1,0,8.0,4400,0.055029772222042084
0.1,0,8.0,4600,0.05181337893009186
0.1,0,8.0,4800,0.054911673069000244
0.1,0,8.0,5000,0.048695504665374756
0.1,0,8.0,5200,0.05122692883014679
0.1,0,8.0,5400,0.04900706186890602
0.1,0,8.0,5600,0.04598288610577583
0.1,0,8.0,5800,0.04622689262032509
0.1,0,8.0,6000,0.04857080802321434
0.1,0,8.0,6200,0.0479411818087101
0.1,0,8.0,6400,0.04521774500608444
0.1,0,8.0,6600,0.047246258705854416
0.1,0,8.0,6800,0.053765732795000076
0.1,0,8.0,7000,0.050081606954336166
0.1,0,8.0,7200,0.050694771111011505
0.1,0,8.0,7400,0.054524656385183334
0.1,0,8.0,7600,0.047308992594480515
0.1,0,8.0,7800,0.05029771104454994
0.1,0,8.0,7999,0.04950086027383804
0.1,5,1.0,0,0.10415608435869217
0.1,5,1.0,200,0.20834514498710632
0.1,5,1.0,400,0.0891818106174469
0.1,5,1.0,600,0.05890747904777527
0.1,5,1.0,800,0.059686947613954544
0.1,5,1.0,1000,0.06444934755563736
0.1,5,1.0,1200,0.04171094298362732
0.1,5,1.0,1400,0.04616016149520874
0.1,5,1.0,1600,0.04261559247970581
0.1,5,1.0,1800,0.03884997218847275
0.1,5,1.0,2000,0.04716954752802849
0.1,5,1.0,2200,0.03887246549129486
0.1,5,1.0,2400,0.040286947041749954
0.1,5,1.0,2600,0.04396343231201172
0.1,5,1.0,2800,0.04337664321064949
0.1,5,1.0,3000,0.03992905467748642
0.1,5,1.0,3200,0.04153720289468765
0.1,5,1.0,3400,0.034614771604537964
0.1,5,1.0,3600,0.03564194589853287
0.1,5,1.0,3800,0.035280972719192505
0.1,5,1.0,4000,0.033969245851039886
0.1,5,1.0,4200,0.03830486536026001
0.1,5,1.0,4400,0.03298502042889595
0.1,5,1.0,4600,0.03945852816104889
0.1,5,1.0,4800,0.03931361064314842
0.1,5,1.0,5000,0.03816394507884979
0.1,5,1.0,5200,0.03903094306588173
0.1,5,1.0,5400,0.041896019130945206
0.1,5,1.0,5600,0.03459160402417183
0.1,5,1.0,5800,0.03483877331018448
0.1,5,1.0,6000,0.0324755497276783
0.1,5,1.0,6200,0.037167247384786606
0.1,5,1.0,6400,0.034299418330192566
0.1,5,1.0,6600,0.036111507564783096
0.1,5,1.0,6800,0.03600859269499779
0.1,5,1.0,7000,0.035848572850227356
0.1,5,1.0,7200,0.03686961904168129
0.1,5,1.0,7400,0.03153001144528389
0.1,5,1.0,7600,0.03588664159178734
0.1,5,1.0,7800,0.03866814076900482
0.1,5,1.0,7999,0.03669042885303497
0.1,5,3.0,0,0.10414298623800278
0.1,5,3.0,200,0.22836774587631226
0.1,5,3.0,400,0.09609826654195786
0.1,5,3.0,600,0.06784860789775848
0.1,5,3.0,800,0.05848340317606926
0.1,5,3.0,1000,0.06107734888792038
0.1,5,3.0,1200,0.05146536976099014
0.1,5,3.0,1400,0.057907260954380035
0.1,5,3.0,1600,0.044113632291555405
0.1,5,3.0,1800,0.04315023869276047
0.1,5,3.0,2000,0.05240016430616379
0.1,5,3.0,2200,0.035453908145427704
0.1,5,3.0,2400,0.038963086903095245
0.1,5,3.0,2600,0.04632953181862831
0.1,5,3.0,2800,0.04354202002286911
0.1,5,3.0,3000,0.040751535445451736
0.1,5,3.0,3200,0.040084358304739
0.1,5,3.0,3400,0.0461847297847271
0.1,5,3.0,3600,0.042028505355119705
0.1,5,3.0,3800,0.03964652121067047
0.1,5,3.0,4000,0.04354294389486313
0.1,5,3.0,4200,0.03627406805753708
0.1,5,3.0,4400,0.0341634526848793
0.1,5,3.0,4600,0.03724905103445053
0.1,5,3.0,4800,0.03688336908817291
0.1,5,3.0,5000,0.02950519323348999
0.1,5,3.0,5200,0.03071334771811962
0.1,5,3.0,5400,0.03756529092788696
0.1,5,3.0,5600,0.04468861594796181
0.1,5,3.0,5800,0.04227552190423012
0.1,5,3.0,6000,0.03732692450284958
0.1,5,3.0,6200,0.04053105041384697
0.1,5,3.0,6400,0.035977017134428024
0.1,5,3.0,6600,0.03672800585627556
0.1,5,3.0,6800,0.036532796919345856
0.1,5,3.0,7000,0.03841495141386986
0.1,5,3.0,7200,0.03458370268344879
0.1,5,3.0,7400,0.03174549713730812
0.1,5,3.0,7600,0.04726863279938698
0.1,5,3.0,7800,0.03658454492688179
0.1,5,3.0,7999,0.03435094282031059
0.1,5,8.0,0,0.10398029536008835
0.1,5,8.0,200,0.24056431651115417
0.1,5,8.0,400,0.09962347894906998
0.1,5,8.0,600,0.06233320012688637
0.1,5,8.0,800,0.0605681873857975
0.1,5,8.0,1000,0.06458549201488495
0.1,5,8.0,1200,0.04615029692649841
0.1,5,8.0,1400,0.04908308386802673
0.1,5,8.0,1600,0.04197526350617409
0.1,5,8.0,1800,0.056549228727817535
0.1,5,8.0,2000,0.049100156873464584
0.1,5,8.0,2200,0.042155079543590546
0.1,5,8.0,2400,0.04856719821691513
0.1,5,8.0,2600,0.049078404903411865
0.1,5,8.0,2800,0.05177616328001022
0.1,5,8.0,3000,0.05023869499564171
0.1,5,8.0,3200,0.04965629056096077
0.1,5,8.0,3400,0.0404447540640831
0.1,5,8.0,3600,0.03781147673726082
0.1,5,8.0,3800,0.04938622564077377
0.1,5,8.0,4000,0.04418398067355156
0.1,5,8.0,4200,0.042648181319236755
0.1,5,8.0,4400,0.04333212971687317
0.1,5,8.0,4600,0.0396084263920784
0.1,5,8.0,4800,0.033907633274793625
0.1,5,8.0,5000,0.03400319442152977
0.1,5,8.0,5200,0.04622922092676163
0.1,5,8.0,5400,0.04510394483804703
0.1,5,8.0,5600,0.03883567824959755
0.1,5,8.0,5800,0.03751271590590477
0.1,5,8.0,6000,0.03675428032875061
0.1,5,8.0,6200,0.03162425756454468
0.1,5,8.0,6400,0.04219265282154083
0.1,5,8.0,6600,0.03873264044523239
0.1,5,8.0,6800,0.035031288862228394
0.1,5,8.0,7000,0.04017406702041626
0.1,5,8.0,7200,0.0348910391330719
0.1,5,8.0,7400,0.0335281603038311
0.1,5,8.0,7600,0.039241157472133636
0.1,5,8.0,7800,0.035266224294900894
0.1,5,8.0,7999,0.034723613411188126
0.1,10,1.0,0,0.06598279625177383
0.1,10,1.0,200,0.027457373216748238
0.1,10,1.0,400,0.027700379490852356
0.1,10,1.0,600,0.028623251244425774
0.1,10,1.0,800,0.03280503302812576
0.1,10,1.0,1000,0.021743835881352425
0.1,10,1.0,1200,0.028694579377770424
0.1,10,1.0,1400,0.024565890431404114
0.1,10,1.0,1600,0.025518100708723068
0.1,10,1.0,1800,0.02418612688779831
0.1,10,1.0,2000,0.016446352005004883
0.1,10,1.0,2200,0.027298152446746826
0.1,10,1.0,2400,0.027629315853118896
0.1,10,1.0,2600,0.024971293285489082
0.1,10,1.0,2800,0.032682739198207855
0.1,10,1.0,3000,0.01697213016450405
0.1,10,1.0,3200,0.021328488364815712
0.1,10,1.0,3400,0.024711642414331436
0.1,10,1.0,3600,0.028014183044433594
0.1,10,1.0,3800,0.01766170747578144
0.1,10,1.0,4000,0.027991313487291336
0.1,10,1.0,4200,0.020024621859192848
0.1,10,1.0,4400,0.02601873129606247
0.1,10,1.0,4600,0.0229246336966753
0.1,10,1.0,4800,0.025402875617146492
0.1,10,1.0,5000,0.021724972873926163
0.1,10,1.0,5200,0.022294269874691963
0.1,10,1.0,5400,0.018506372347474098
0.1,10,1.0,5600,0.025837868452072144
0.1,10,1.0,5800,0.019091062247753143
0.1,10,1.0,6000,0.024363288655877113
0.1,10,1.0,6200,0.01890440285205841
0.1,10,1.0,6400,0.022298764437437057
0.1,10,1.0,6600,0.025303423404693604
0.1,10,1.0,6800,0.024686217308044434
0.1,10,1.0,7000,0.02166636474430561
0.1,10,1.0,7200,0.019582953304052353
0.1,10,1.0,7400,0.01777742989361286
0.1,10,1.0,7600,0.020748155191540718
0.1,10,1.0,7800,0.024030093103647232
0.1,10,1.0,7999,0.018216269090771675
0.1,10,3.0,0,0.06653237342834473
0.1,10,3.0,200,0.03454013541340828
0.1,10,3.0,400,0.0380655936896801
0.1,10,3.0,600,0.03200570493936539
0.1,10,3.0,800,0.028126852586865425
0.1,10,3.0,1000,0.02913832478225231
0.1,10,3.0,1200,0.02877775765955448
0.1,10,3.0,1400,0.030239595100283623
0.1,10,3.0,1600,0.03338221088051796
0.1,10,3.0,1800,0.029016131535172462
0.1,10,3.0,2000,0.02849201299250126
0.1,10,3.0,2200,0.031676992774009705
0.1,10,3.0,2400,0.02780095860362053
0.1,10,3.0,2600,0.0302510354667902
0.1,10,3.0,2800,0.023081103339791298
0.1,10,3.0,3000,0.03299878537654877
0.1,10,3.0,3200,0.029901642352342606
0.1,10,3.0,3400,0.026145899668335915
0.1,10,3.0,3600,0.022360440343618393
0.1,10,3.0,3800,0.02941393107175827
0.1,10,3.0,4000,0.02274952083826065
0.1,10,3.0,4200,0.028338223695755005
0.1,10,3.0,4400,0.027446439489722252
0.1,10,3.0,4600,0.03797559812664986
0.1,10,3.0,4800,0.03003730997443199
0.1,10,3.0,5000,0.022105587646365166
0.1,10,3.0,5200,0.026590270921587944
0.1,10,3.0,5400,0.029610658064484596
0.1,10,3.0,5600,0.0205591581761837
0.1,10,3.0,5800,0.02411961928009987
0.1,10,3.0,6000,0.02127646468579769
0.1,10,3.0,6200,0.022420519962906837
0.1,10,3.0,6400,0.024102982133626938
0.1,10,3.0,6600,0.025232000276446342
0.1,10,3.0,6800,0.024210218340158463
0.1,10,3.0,7000,0.02322433516383171
0.1,10,3.0,7200,0.023499824106693268
0.1,10,3.0,7400,0.026357121765613556
0.1,10,3.0,7600,0.026430577039718628
0.1,10,3.0,7800,0.021952269598841667
0.1,10,3.0,7999,0.020931445062160492
0.1,10,8.0,0,0.0667484924197197
0.1,10,8.0,200,0.037584010511636734
0.1,10,8.0,400,0.0418199822306633
0.1,10,8.0,600,0.03564382717013359
0.1,10,8.0,800,0.036368995904922485
0.1,10,8.0,1000,0.030155383050441742
0.1,10,8.0,1200,0.043469224125146866
0.1,10,8.0,1400,0.03498179838061333
0.1,10,8.0,1600,0.030961615964770317
0.1,10,8.0,1800,0.03729741647839546
0.1,10,8.0,2000,0.04015238955616951
0.1,10,8.0,2200,0.03855917975306511
0.1,10,8.0,2400,0.029051069170236588
0.1,10,8.0,2600,0.03292502090334892
0.1,10,8.0,2800,0.036406196653842926
0.1,10,8.0,3000,0.025802569463849068
0.1,10,8.0,3200,0.030983617529273033
0.1,10,8.0,3400,0.024616563692688942
0.1,10,8.0,3600,0.03077489323914051
0.1,10,8.0,3800,0.030183494091033936
0.1,10,8.0,4000,0.03484861180186272
0.1,10,8.0,4200,0.031068768352270126
0.1,10,8.0,4400,0.02994908019900322
0.1,10,8.0,4600,0.02673177979886532
0.1,10,8.0,4800,0.03173835575580597
0.1,10,8.0,5000,0.027902109548449516
0.1,10,8.0,5200,0.02920369803905487
0.1,10,8.0,5400,0.03141341358423233
0.1,10,8.0,5600,0.020676670596003532
0.1,10,8.0,5800,0.02768385037779808
0.1,10,8.0,6000,0.021877966821193695
0.1,10,8.0,6200,0.027277791872620583
0.1,10,8.0,6400,0.027768803760409355
0.1,10,8.0,6600,0.027668457478284836
0.1,10,8.0,6800,0.02340179681777954
0.1,10,8.0,7000,0.025163311511278152
0.1,10,8.0,7200,0.020362617447972298
0.1,10,8.0,7400,0.023959707468748093
0.1,10,8.0,7600,0.020211592316627502
0.1,10,8.0,7800,0.0249396450817585
0.1,10,8.0,7999,0.025328505784273148
0.1,15,1.0,0,0.0868205726146698
0.1,15,1.0,200,0.05703147128224373
0.1,15,1.0,400,0.052851129323244095
0.1,15,1.0,600,0.05566084012389183
0.1,15,1.0,800,0.05160136520862579
0.1,15,1.0,1000,0.06072996184229851
0.1,15,1.0,1200,0.055720891803503036
0.1,15,1.0,1400,0.05552798509597778
0.1,15,1.0,1600,0.05335342511534691
0.1,15,1.0,1800,0.055471211671829224
0.1,15,1.0,2000,0.055020179599523544
0.1,15,1.0,2200,0.05146068334579468
0.1,15,1.0,2400,0.05700146406888962
0.1,15,1.0,2600,0.05179806426167488
0.1,15,1.0,2800,0.05303081497550011
0.1,15,1.0,3000,0.049780864268541336
0.1,15,1.0,3200,0.05509039759635925
0.1,15,1.0,3400,0.05422591418027878
0.1,15,1.0,3600,0.05171019211411476
0.1,15,1.0,3800,0.05384843051433563
0.1,15,1.0,4000,0.04813920333981514
0.1,15,1.0,4200,0.04913310334086418
0.1,15,1.0,4400,0.056106630712747574
0.1,15,1.0,4600,0.05483036860823631
0.1,15,1.0,4800,0.05363192409276962
0.1,15,1.0,5000,0.047159548848867416
0.1,15,1.0,5200,0.049810025840997696
0.1,15,1.0,5400,0.05109788477420807
0.1,15,1.0,5600,0.05126194283366203
0.1,15,1.0,5800,0.05243195220828056
0.1,15,1.0,6000,0.054820556193590164
0.1,15,1.0,6200,0.05213163420557976
0.1,15,1.0,6400,0.04852067679166794
0.1,15,1.0,6600,0.053040627390146255
0.1,15,1.0,6800,0.0543668158352375
0.1,15,1.0,7000,0.05231643095612526
0.1,15,1.0,7200,0.04976830258965492
0.1,15,1.0,7400,0.05214204639196396
0.1,15,1.0,7600,0.052210286259651184
0.1,15,1.0,7800,0.04980289936065674
0.1,15,1.0,7999,0.05081211030483246
0.1,15,3.0,0,0.08734507113695145
0.1,15,3.0,200,0.05848405137658119
0.1,15,3.0,400,0.056266963481903076
0.1,15,3.0,600,0.05472901836037636
0.1,15,3.0,800,0.05666183680295944
0.1,15,3.0,1000,0.05176013708114624
0.1,15,3.0,1200,0.058123279362916946
0.1,15,3.0,1400,0.05339775234460831
0.1,15,3.0,1600,0.055753856897354126
0.1,15,3.0,1800,0.058397069573402405
0.1,15,3.0,2000,0.053538307547569275
0.1,15,3.0,2200,0.04778432101011276
0.1,15,3.0,2400,0.05832834914326668
0.1,15,3.0,2600,0.054595354944467545
0.1,15,3.0,2800,0.047769203782081604
0.1,15,3.0,3000,0.04641617089509964
0.1,15,3.0,3200,0.0522228479385376
0.1,15,3.0,3400,0.05119827389717102
0.1,15,3.0,3600,0.047106288373470306
0.1,15,3.0,3800,0.05553582310676575
0.1,15,3.0,4000,0.056068260222673416
0.1,15,3.0,4200,0.05249748378992081
0.1,15,3.0,4400,0.05630296841263771
0.1,15,3.0,4600,0.05032056197524071
0.1,15,3.0,4800,0.05004378408193588
0.1,15,3.0,5000,0.05207114666700363
0.1,15,3.0,5200,0.04722663015127182
0.1,15,3.0,5400,0.04865998402237892
0.1,15,3.0,5600,0.04912908375263214
0.1,15,3.0,5800,0.046055059880018234
0.1,15,3.0,6000,0.052704643458127975
0.1,15,3.0,6200,0.04587804526090622
0.1,15,3.0,6400,0.05163880065083504
0.1,15,3.0,6600,0.048283033072948456
0.1,15,3.0,6800,0.04944087937474251
0.1,15,3.0,7000,0.04816922917962074
0.1,15,3.0,7200,0.043348606675863266
0.1,15,3.0,7400,0.05295431613922119
0.1,15,3.0,7600,0.0500536747276783
0.1,15,3.0,7800,0.04962131008505821
0.1,15,3.0,7999,0.05172106251120567
0.1,15,8.0,0,0.08736597001552582
0.1,15,8.0,200,0.062305718660354614
0.1,15,8.0,400,0.05891693755984306
0.1,15,8.0,600,0.05553710088133812
0.1,15,8.0,800,0.05615390092134476
0.1,15,8.0,1000,0.05649549141526222
0.1,15,8.0,1200,0.054749321192502975
0.1,15,8.0,1400,0.050517793744802475
0.1,15,8.0,1600,0.057367872446775436
0.1,15,8.0,1800,0.05261807143688202
0.1,15,8.0,2000,0.05306034907698631
0.1,15,8.0,2200,0.0525553859770298
0.1,15,8.0,2400,0.058847490698099136
0.1,15,8.0,2600,0.052232325077056885
0.1,15,8.0,2800,0.052555739879608154
0.1,15,8.0,3000,0.05869801342487335
0.1,15,8.0,3200,0.05337417125701904
0.1,15,8.0,3400,0.0556013360619545
0.1,15,8.0,3600,0.053290657699108124
0.1,15,8.0,3800,0.06184995174407959
0.1,15,8.0,4000,0.05068040266633034
0.1,15,8.0,4200,0.05066915974020958
0.1,15,8.0,4400,0.049645476043224335
0.1,15,8.0,4600,0.050541531294584274
0.1,15,8.0,4800,0.05049915984272957
0.1,15,8.0,5000,0.04538636654615402
0.1,15,8.0,5200,0.047582074999809265
0.1,15,8.0,5400,0.04907477647066116
0.1,15,8.0,5600,0.051437389105558395
0.1,15,8.0,5800,0.04868871346116066
0.1,15,8.0,6000,0.047874558717012405
0.1,15,8.0,6200,0.04935108497738838
0.1,15,8.0,6400,0.048922717571258545
0.1,15,8.0,6600,0.04836158826947212
0.1,15,8.0,6800,0.04932791739702225
0.1,15,8.0,7000,0.04622137174010277
0.1,15,8.0,7200,0.04990027844905853
0.1,15,8.0,7400,0.04335222393274307
0.1,15,8.0,7600,0.0415041521191597
0.1,15,8.0,7800,0.04891471564769745
0.1,15,8.0,7999,0.041607338935136795
0.1,20,1.0,0,0.07267212867736816
0.1,20,1.0,200,0.034398894757032394
0.1,20,1.0,400,0.02721598371863365
0.1,20,1.0,600,0.039351481944322586
0.1,20,1.0,800,0.029703466221690178
0.1,20,1.0,1000,0.04032629355788231
0.1,20,1.0,1200,0.025142468512058258
0.1,20,1.0,1400,0.027999000623822212
0.1,20,1.0,1600,0.035471219569444656
0.1,20,1.0,1800,0.035736534744501114
0.1,20,1.0,2000,0.025166109204292297
0.1,20,1.0,2200,0.027709387242794037
0.1,20,1.0,2400,0.03108125552535057
0.1,20,1.0,2600,0.026142872869968414
0.1,20,1.0,2800,0.033487774431705475
0.1,20,1.0,3000,0.029320677742362022
0.1,20,1.0,3200,0.02699785679578781
0.1,20,1.0,3400,0.02604951150715351
0.1,20,1.0,3600,0.02723694033920765
0.1,20,1.0,3800,0.029727010056376457
0.1,20,1.0,4000,0.021528108045458794
0.1,20,1.0,4200,0.022829677909612656
0.1,20,1.0,4400,0.021593835204839706
0.1,20,1.0,4600,0.02626117505133152
0.1,20,1.0,4800,0.020263493061065674
0.1,20,1.0,5000,0.023598449304699898
0.1,20,1.0,5200,0.03597100451588631
0.1,20,1.0,5400,0.023158352822065353
0.1,20,1.0,5600,0.020489849150180817
0.1,20,1.0,5800,0.024722905829548836
0.1,20,1.0,6000,0.028478506952524185
0.1,20,1.0,6200,0.020341504365205765
0.1,20,1.0,6400,0.026317425072193146
0.1,20,1.0,6600,0.024667687714099884
0.1,20,1.0,6800,0.021400583907961845
0.1,20,1.0,7000,0.02858470007777214
0.1,20,1.0,7200,0.018279584124684334
0.1,20,1.0,7400,0.02959955483675003
0.1,20,1.0,7600,0.01686837337911129
0.1,20,1.0,7800,0.022365929558873177
0.1,20,1.0,7999,0.022084146738052368
0.1,20,3.0,0,0.0738191306591034
0.1,20,3.0,200,0.04066464304924011
0.1,20,3.0,400,0.03909866139292717
0.1,20,3.0,600,0.04184131324291229
0.1,20,3.0,800,0.03641676902770996
0.1,20,3.0,1000,0.03408323600888252
0.1,20,3.0,1200,0.03383788466453552
0.1,20,3.0,1400,0.034906670451164246
0.1,20,3.0,1600,0.033609092235565186
0.1,20,3.0,1800,0.03376608341932297
0.1,20,3.0,2000,0.03151654824614525
0.1,20,3.0,2200,0.035689111799001694
0.1,20,3.0,2400,0.027366789057850838
0.1,20,3.0,2600,0.027635522186756134
0.1,20,3.0,2800,0.03312183916568756
0.1,20,3.0,3000,0.02803395502269268
0.1,20,3.0,3200,0.04170946404337883
0.1,20,3.0,3400,0.030968498438596725
0.1,20,3.0,3600,0.032639842480421066
0.1,20,3.0,3800,0.02878819964826107
0.1,20,3.0,4000,0.027459613978862762
0.1,20,3.0,4200,0.03890020400285721
0.1,20,3.0,4400,0.030452394858002663
0.1,20,3.0,4600,0.03491855412721634
0.1,20,3.0,4800,0.030548162758350372
0.1,20,3.0,5000,0.03493994101881981
0.1,20,3.0,5200,0.032401058822870255
0.1,20,3.0,5400,0.03301854804158211
0.1,20,3.0,5600,0.025322778150439262
0.1,20,3.0,5800,0.029659012332558632
0.1,20,3.0,6000,0.027976321056485176
0.1,20,3.0,6200,0.0330558717250824
0.1,20,3.0,6400,0.02599913254380226
0.1,20,3.0,6600,0.024241041392087936
0.1,20,3.0,6800,0.03010699152946472
0.1,20,3.0,7000,0.029582129791378975
0.1,20,3.0,7200,0.03407073765993118
0.1,20,3.0,7400,0.02247265726327896
0.1,20,3.0,7600,0.02970905601978302
0.1,20,3.0,7800,0.03067491389811039
0.1,20,3.0,7999,0.027528047561645508
0.1,20,8.0,0,0.0739511176943779
0.1,20,8.0,200,0.042098384350538254
0.1,20,8.0,400,0.03543868288397789
0.1,20,8.0,600,0.03324378654360771
0.1,20,8.0,800,0.029934335500001907
0.1,20,8.0,1000,0.032894883304834366
0.1,20,8.0,1200,0.03331754356622696
0.1,20,8.0,1400,0.03528958559036255
0.1,20,8.0,1600,0.027992812916636467
0.1,20,8.0,1800,0.03548950329422951
0.1,20,8.0,2000,0.032509204000234604
0.1,20,8.0,2200,0.03264401853084564
0.1,20,8.0,2400,0.04421399533748627
0.1,20,8.0,2600,0.0314297191798687
0.1,20,8.0,2800,0.03592025488615036
0.1,20,8.0,3000,0.03221616894006729
0.1,20,8.0,3200,0.025197787210345268
0.1,20,8.0,3400,0.03523295372724533
0.1,20,8.0,3600,0.037955284118652344
0.1,20,8.0,3800,0.034433141350746155
0.1,20,8.0,4000,0.02666507102549076
0.1,20,8.0,4200,0.03364994376897812
0.1,20,8.0,4400,0.031962599605321884
0.1,20,8.0,4600,0.03342718631029129
0.1,20,8.0,4800,0.04048525169491768
0.1,20,8.0,5000,0.02225366048514843
0.1,20,8.0,5200,0.03092152439057827
0.1,20,8.0,5400,0.029635297134518623
0.1,20,8.0,5600,0.031289856880903244
0.1,20,8.0,5800,0.02728700265288353
0.1,20,8.0,6000,0.02823810651898384
0.1,20,8.0,6200,0.03568490222096443
0.1,20,8.0,6400,0.028706084936857224
0.1,20,8.0,6600,0.03454842045903206
0.1,20,8.0,6800,0.029118187725543976
0.1,20,8.0,7000,0.02751953713595867
0.1,20,8.0,7200,0.03485497087240219
0.1,20,8.0,7400,0.027085520327091217
0.1,20,8.0,7600,0.030632518231868744
0.1,20,8.0,7800,0.03391323238611221
0.1,20,8.0,7999,0.0328170470893383
0.1,25,1.0,0,0.08771113306283951
0.1,25,1.0,200,0.04451613500714302
0.1,25,1.0,400,0.036709751933813095
0.1,25,1.0,600,0.037041932344436646
0.1,25,1.0,800,0.04023749753832817
0.1,25,1.0,1000,0.033366065472364426
0.1,25,1.0,1200,0.045822229236364365
0.1,25,1.0,1400,0.041981108486652374
0.1,25,1.0,1600,0.03585171699523926
0.1,25,1.0,1800,0.034291524440050125
0.1,25,1.0,2000,0.042705975472927094
0.1,25,1.0,2200,0.044006530195474625
0.1,25,1.0,2400,0.03389142453670502
0.1,25,1.0,2600,0.0416453517973423
0.1,25,1.0,2800,0.041869666427373886
0.1,25,1.0,3000,0.028440067544579506
0.1,25,1.0,3200,0.03678689897060394
0.1,25,1.0,3400,0.03393305838108063
0.1,25,1.0,3600,0.03981607407331467
0.1,25,1.0,3800,0.038293883204460144
0.1,25,1.0,4000,0.03780720755457878
0.1,25,1.0,4200,0.02845349907875061
0.1,25,1.0,4400,0.03213990479707718
0.1,25,1.0,4600,0.03406452387571335
0.1,25,1.0,4800,0.03197095915675163
0.1,25,1.0,5000,0.028962714597582817
0.1,25,1.0,5200,0.0374850332736969
0.1,25,1.0,5400,0.0336199626326561
0.1,25,1.0,5600,0.03066631779074669
0.1,25,1.0,5800,0.02786797098815441
0.1,25,1.0,6000,0.02862568013370037
0.1,25,1.0,6200,0.02665589563548565
0.1,25,1.0,6400,0.03270963579416275
0.1,25,1.0,6600,0.035556860268116
0.1,25,1.0,6800,0.028636272996664047
0.1,25,1.0,7000,0.02979348413646221
0.1,25,1.0,7200,0.026641374453902245
0.1,25,1.0,7400,0.030457569286227226
0.1,25,1.0,7600,0.027785664424300194
0.1,25,1.0,7800,0.03156793490052223
0.1,25,1.0,7999,0.02597878873348236
0.1,25,3.0,0,0.08703463524580002
0.1,25,3.0,200,0.05539983510971069
0.1,25,3.0,400,0.04412155970931053
0.1,25,3.0,600,0.04300133138895035
0.1,25,3.0,800,0.04407181590795517
0.1,25,3.0,1000,0.04102952405810356
0.1,25,3.0,1200,0.050165172666311264
0.1,25,3.0,1400,0.041398365050554276
0.1,25,3.0,1600,0.039580490440130234
0.1,25,3.0,1800,0.045521244406700134
0.1,25,3.0,2000,0.03784811496734619
0.1,25,3.0,2200,0.033074717968702316
0.1,25,3.0,2400,0.05194978043437004
0.1,25,3.0,2600,0.03211028128862381
0.1,25,3.0,2800,0.036716680973768234
0.1,25,3.0,3000,0.032933950424194336
0.1,25,3.0,3200,0.041295766830444336
0.1,25,3.0,3400,0.034320998936891556
0.1,25,3.0,3600,0.03341226652264595
0.1,25,3.0,3800,0.04805740341544151
0.1,25,3.0,4000,0.03751825541257858
0.1,25,3.0,4200,0.03276592493057251
0.1,25,3.0,4400,0.03911631554365158
0.1,25,3.0,4600,0.03531954064965248
0.1,25,3.0,4800,0.0339864082634449
0.1,25,3.0,5000,0.02941560000181198
0.1,25,3.0,5200,0.044153474271297455
0.1,25,3.0,5400,0.03691434487700462
0.1,25,3.0,5600,0.03540204465389252
0.1,25,3.0,5800,0.035272639244794846
0.1,25,3.0,6000,0.035849135369062424
0.1,25,3.0,6200,0.03360576182603836
0.1,25,3.0,6400,0.030466977506875992
0.1,25,3.0,6600,0.03851502761244774
0.1,25,3.0,6800,0.03234482556581497
0.1,25,3.0,7000,0.029064994305372238
0.1,25,3.0,7200,0.02361239865422249
0.1,25,3.0,7400,0.028497666120529175
0.1,25,3.0,7600,0.029307033866643906
0.1,25,3.0,7800,0.026174459606409073
0.1,25,3.0,7999,0.02728801593184471
0.1,25,8.0,0,0.08683236688375473
0.1,25,8.0,200,0.0480576753616333
0.1,25,8.0,400,0.054161544889211655
0.1,25,8.0,600,0.046970561146736145
0.1,25,8.0,800,0.04777113348245621
0.1,25,8.0,1000,0.041347064077854156
0.1,25,8.0,1200,0.04517333209514618
0.1,25,8.0,1400,0.0443497858941555
0.1,25,8.0,1600,0.04408473148941994
0.1,25,8.0,1800,0.0506780669093132
0.1,25,8.0,2000,0.05006163567304611
0.1,25,8.0,2200,0.04361424967646599
0.1,25,8.0,2400,0.04057038202881813
0.1,25,8.0,2600,0.033779967576265335
0.1,25,8.0,2800,0.04349122196435928
0.1,25,8.0,3000,0.049216996878385544
0.1,25,8.0,3200,0.042863838374614716
0.1,25,8.0,3400,0.030464382842183113
0.1,25,8.0,3600,0.03760667145252228
0.1,25,8.0,3800,0.04096488282084465
0.1,25,8.0,4000,0.028699040412902832
0.1,25,8.0,4200,0.03728339821100235
0.1,25,8.0,4400,0.03788018971681595
0.1,25,8.0,4600,0.04012031480669975
0.1,25,8.0,4800,0.04202171787619591
0.1,25,8.0,5000,0.03321241959929466
0.1,25,8.0,5200,0.03314695879817009
0.1,25,8.0,5400,0.042867716401815414
0.1,25,8.0,5600,0.02624506875872612
0.1,25,8.0,5800,0.04100896790623665
0.1,25,8.0,6000,0.030927248299121857
0.1,25,8.0,6200,0.02869492396712303
0.1,25,8.0,6400,0.029827279970049858
0.1,25,8.0,6600,0.028509201481938362
0.1,25,8.0,6800,0.03405233100056648
0.1,25,8.0,7000,0.032906424254179
0.1,25,8.0,7200,0.03746149688959122
0.1,25,8.0,7400,0.03398137167096138
0.1,25,8.0,7600,0.026375239714980125
0.1,25,8.0,7800,0.030810875818133354
0.1,25,8.0,7999,0.031507622450590134
0.1,30,1.0,0,0.023830758407711983
0.1,30,1.0,200,0.03636382892727852
0.1,30,1.0,400,0.03098810277879238
0.1,30,1.0,600,0.035303715616464615
0.1,30,1.0,800,0.029231766238808632
0.1,30,1.0,1000,0.02895074151456356
0.1,30,1.0,1200,0.035207509994506836
0.1,30,1.0,1400,0.030925385653972626
0.1,30,1.0,1600,0.03390024974942207
0.1,30,1.0,1800,0.026081571355462074
0.1,30,1.0,2000,0.035490408539772034
0.1,30,1.0,2200,0.03289647027850151
0.1,30,1.0,2400,0.022238528355956078
0.1,30,1.0,2600,0.02892845869064331
0.1,30,1.0,2800,0.034538112580776215
0.1,30,1.0,3000,0.027985379099845886
0.1,30,1.0,3200,0.02780916728079319
0.1,30,1.0,3400,0.039714209735393524
0.1,30,1.0,3600,0.03278703615069389
0.1,30,1.0,3800,0.02976382151246071
0.1,30,1.0,4000,0.028602885082364082
0.1,30,1.0,4200,0.034919995814561844
0.1,30,1.0,4400,0.02767164632678032
0.1,30,1.0,4600,0.038347259163856506
0.1,30,1.0,4800,0.03136606514453888
0.1,30,1.0,5000,0.031235281378030777
0.1,30,1.0,5200,0.027866311371326447
0.1,30,1.0,5400,0.027958808466792107
0.1,30,1.0,5600,0.035252269357442856
0.1,30,1.0,5800,0.030612334609031677
0.1,30,1.0,6000,0.029680807143449783
0.1,30,1.0,6200,0.02870471216738224
0.1,30,1.0,6400,0.03214544430375099
0.1,30,1.0,6600,0.03231177106499672
0.1,30,1.0,6800,0.030114177614450455
0.1,30,1.0,7000,0.028619417920708656
0.1,30,1.0,7200,0.026846149936318398
0.1,30,1.0,7400,0.029791785404086113
0.1,30,1.0,7600,0.03019867278635502
0.1,30,1.0,7800,0.02865254133939743
0.1,30,1.0,7999,0.025428790599107742
0.1,30,3.0,0,0.022911595180630684
0.1,30,3.0,200,0.04104834049940109
0.1,30,3.0,400,0.028390493243932724
0.1,30,3.0,600,0.043899983167648315
0.1,30,3.0,800,0.0474616214632988
0.1,30,3.0,1000,0.031174134463071823
0.1,30,3.0,1200,0.04080580174922943
0.1,30,3.0,1400,0.030957773327827454
0.1,30,3.0,1600,0.03785526007413864
0.1,30,3.0,1800,0.038419824093580246
0.1,30,3.0,2000,0.0350002646446228
0.1,30,3.0,2200,0.04060164839029312
0.1,30,3.0,2400,0.04002770408987999
0.1,30,3.0,2600,0.03452301025390625
0.1,30,3.0,2800,0.031908173114061356
0.1,30,3.0,3000,0.03701995313167572
0.1,30,3.0,3200,0.026276463642716408
0.1,30,3.0,3400,0.04159824177622795
0.1,30,3.0,3600,0.03243085741996765
0.1,30,3.0,3800,0.03445250913500786
0.1,30,3.0,4000,0.03560476005077362
0.1,30,3.0,4200,0.03023933805525303
0.1,30,3.0,4400,0.03417694568634033
0.1,30,3.0,4600,0.041423313319683075
0.1,30,3.0,4800,0.033261630684137344
0.1,30,3.0,5000,0.030096039175987244
0.1,30,3.0,5200,0.040241893380880356
0.1,30,3.0,5400,0.03354440629482269
0.1,30,3.0,5600,0.028456049039959908
0.1,30,3.0,5800,0.04223164543509483
0.1,30,3.0,6000,0.029150890186429024
0.1,30,3.0,6200,0.0343058779835701
0.1,30,3.0,6400,0.02863549254834652
0.1,30,3.0,6600,0.0336364209651947
0.1,30,3.0,6800,0.025418052449822426
0.1,30,3.0,7000,0.03282233700156212
0.1,30,3.0,7200,0.03769408538937569
0.1,30,3.0,7400,0.035125624388456345
0.1,30,3.0,7600,0.03828762471675873
0.1,30,3.0,7800,0.03456278517842293
0.1,30,3.0,7999,0.03874365985393524
0.1,30,8.0,0,0.022565405815839767
0.1,30,8.0,200,0.03494692221283913
0.1,30,8.0,400,0.04458941891789436
0.1,30,8.0,600,0.028422169387340546
0.1,30,8.0,800,0.048789702355861664
0.1,30,8.0,1000,0.045544032007455826
0.1,30,8.0,1200,0.028435545042157173
0.1,30,8.0,1400,0.0358869731426239
0.1,30,8.0,1600,0.033673230558633804
0.1,30,8.0,1800,0.03811749070882797
0.1,30,8.0,2000,0.027838170528411865
0.1,30,8.0,2200,0.04591131955385208
0.1,30,8.0,2400,0.04134415462613106
0.1,30,8.0,2600,0.025698374956846237
0.1,30,8.0,2800,0.03199126571416855
0.1,30,8.0,3000,0.035274688154459
0.1,30,8.0,3200,0.048360273241996765
0.1,30,8.0,3400,0.03219439834356308
0.1,30,8.0,3600,0.03469112887978554
0.1,30,8.0,3800,0.03003625012934208
0.1,30,8.0,4000,0.033818282186985016
0.1,30,8.0,4200,0.04834854230284691
0.1,30,8.0,4400,0.04001876339316368
0.1,30,8.0,4600,0.029632767662405968
0.1,30,8.0,4800,0.03476208075881004
0.1,30,8.0,5000,0.027281513437628746
0.1,30,8.0,5200,0.03770754858851433
0.1,30,8.0,5400,0.029046855866909027
0.1,30,8.0,5600,0.03424236178398132
0.1,30,8.0,5800,0.03245248273015022
0.1,30,8.0,6000,0.03735737502574921
0.1,30,8.0,6200,0.04003489762544632
0.1,30,8.0,6400,0.0322144515812397
0.1,30,8.0,6600,0.03439513221383095
0.1,30,8.0,6800,0.029733117669820786
0.1,30,8.0,7000,0.03168269991874695
0.1,30,8.0,7200,0.029657239094376564
0.1,30,8.0,7400,0.036133140325546265
0.1,30,8.0,7600,0.028791045770049095
0.1,30,8.0,7800,0.03250033035874367
0.1,30,8.0,7999,0.028346261009573936
0.1,35,1.0,0,0.10328827053308487
0.1,35,1.0,200,0.047694846987724304
0.1,35,1.0,400,0.042740944772958755
0.1,35,1.0,600,0.04242895171046257
0.1,35,1.0,800,0.03329568728804588
0.1,35,1.0,1000,0.03464227542281151
0.1,35,1.0,1200,0.043733205646276474
0.1,35,1.0,1400,0.04449398070573807
0.1,35,1.0,1600,0.042063284665346146
0.1,35,1.0,1800,0.042618732899427414
0.1,35,1.0,2000,0.038270749151706696
0.1,35,1.0,2200,0.040984224528074265
0.1,35,1.0,2400,0.03927477449178696
0.1,35,1.0,2600,0.03988746181130409
0.1,35,1.0,2800,0.03793255239725113
0.1,35,1.0,3000,0.039036817848682404
0.1,35,1.0,3200,0.036763306707143784
0.1,35,1.0,3400,0.035265933722257614
0.1,35,1.0,3600,0.03845223784446716
0.1,35,1.0,3800,0.03585228696465492
0.1,35,1.0,4000,0.0412275493144989
0.1,35,1.0,4200,0.03909968584775925
0.1,35,1.0,4400,0.038531407713890076
0.1,35,1.0,4600,0.0338822677731514
0.1,35,1.0,4800,0.03917970135807991
0.1,35,1.0,5000,0.044387876987457275
0.1,35,1.0,5200,0.03731418401002884
0.1,35,1.0,5400,0.044901859015226364
0.1,35,1.0,5600,0.035424765199422836
0.1,35,1.0,5800,0.037675000727176666
0.1,35,1.0,6000,0.03752460703253746
0.1,35,1.0,6200,0.03517121076583862
0.1,35,1.0,6400,0.03509974107146263
0.1,35,1.0,6600,0.03943799063563347
0.1,35,1.0,6800,0.0390082523226738
0.1,35,1.0,7000,0.04138001427054405
0.1,35,1.0,7200,0.03438941016793251
0.1,35,1.0,7400,0.0374261699616909
0.1,35,1.0,7600,0.0380668044090271
0.1,35,1.0,7800,0.034794870764017105
0.1,35,1.0,7999,0.03876969590783119
0.1,35,3.0,0,0.10369086265563965
0.1,35,3.0,200,0.051340337842702866
0.1,35,3.0,400,0.050819601863622665
0.1,35,3.0,600,0.049201998859643936
0.1,35,3.0,800,0.050891317427158356
0.1,35,3.0,1000,0.044721487909555435
0.1,35,3.0,1200,0.037167876958847046
0.1,35,3.0,1400,0.05176719278097153
0.1,35,3.0,1600,0.03905234485864639
0.1,35,3.0,1800,0.038021594285964966
0.1,35,3.0,2000,0.040098827332258224
0.1,35,3.0,2200,0.04426946863532066
0.1,35,3.0,2400,0.04360642656683922
0.1,35,3.0,2600,0.04747544229030609
0.1,35,3.0,2800,0.04252780228853226
0.1,35,3.0,3000,0.041342247277498245
0.1,35,3.0,3200,0.04153483361005783
0.1,35,3.0,3400,0.04185735434293747
0.1,35,3.0,3600,0.044127751141786575
0.1,35,3.0,3800,0.034469060599803925
0.1,35,3.0,4000,0.04631081596016884
0.1,35,3.0,4200,0.03909103572368622
0.1,35,3.0,4400,0.03709482029080391
0.1,35,3.0,4600,0.04519464820623398
0.1,35,3.0,4800,0.03842620924115181
0.1,35,3.0,5000,0.04053134471178055
0.1,35,3.0,5200,0.039133694022893906
0.1,35,3.0,5400,0.04049165919423103
0.1,35,3.0,5600,0.04293575510382652
0.1,35,3.0,5800,0.03982604667544365
0.1,35,3.0,6000,0.03856058791279793
0.1,35,3.0,6200,0.03998341038823128
0.1,35,3.0,6400,0.04136866703629494
0.1,35,3.0,6600,0.03713100403547287
0.1,35,3.0,6800,0.04251040145754814
0.1,35,3.0,7000,0.038673002272844315
0.1,35,3.0,7200,0.035946693271398544
0.1,35,3.0,7400,0.032056186348199844
0.1,35,3.0,7600,0.038703326135873795
0.1,35,3.0,7800,0.037074338644742966
0.1,35,3.0,7999,0.03468490019440651
0.1,35,8.0,0,0.1041853204369545
0.1,35,8.0,200,0.062350593507289886
0.1,35,8.0,400,0.049326956272125244
0.1,35,8.0,600,0.05059490352869034
0.1,35,8.0,800,0.04924033209681511
0.1,35,8.0,1000,0.039416681975126266
0.1,35,8.0,1200,0.05184869468212128
0.1,35,8.0,1400,0.04604076221585274
0.1,35,8.0,1600,0.04633784294128418
0.1,35,8.0,1800,0.04127921164035797
0.1,35,8.0,2000,0.05203023552894592
0.1,35,8.0,2200,0.05482719466090202
0.1,35,8.0,2400,0.0401683934032917
0.1,35,8.0,2600,0.04910694435238838
0.1,35,8.0,2800,0.03808031231164932
0.1,35,8.0,3000,0.03706098347902298
0.1,35,8.0,3200,0.04328195005655289
0.1,35,8.0,3400,0.040694765746593475
0.1,35,8.0,3600,0.04998517036437988
0.1,35,8.0,3800,0.03966859355568886
0.1,35,8.0,4000,0.03645770624279976
0.1,35,8.0,4200,0.0498809739947319
0.1,35,8.0,4400,0.03975122421979904
0.1,35,8.0,4600,0.0458608940243721
0.1,35,8.0,4800,0.03952499479055405
0.1,35,8.0,5000,0.03585856780409813
0.1,35,8.0,5200,0.036616481840610504
0.1,35,8.0,5400,0.036847926676273346
0.1,35,8.0,5600,0.04176295921206474
0.1,35,8.0,5800,0.039606060832738876
0.1,35,8.0,6000,0.036824844777584076
0.1,35,8.0,6200,0.03806576877832413
0.1,35,8.0,6400,0.040422096848487854
0.1,35,8.0,6600,0.04274788871407509
0.1,35,8.0,6800,0.045091159641742706
0.1,35,8.0,7000,0.040445588529109955
0.1,35,8.0,7200,0.04251786693930626
0.1,35,8.0,7400,0.041043687611818314
0.1,35,8.0,7600,0.03495193272829056
0.1,35,8.0,7800,0.03405746817588806
0.1,35,8.0,7999,0.042540714144706726
0.1,40,1.0,0,0.02778446488082409
0.1,40,1.0,200,0.039722684770822525
0.1,40,1.0,400,0.02947198785841465
0.1,40,1.0,600,0.0393063947558403
0.1,40,1.0,800,0.030747326090931892
0.1,40,1.0,1000,0.03552361950278282
0.1,40,1.0,1200,0.025975944474339485
0.1,40,1.0,1400,0.026382530108094215
0.1,40,1.0,1600,0.029338479042053223
0.1,40,1.0,1800,0.03188062831759453
0.1,40,1.0,2000,0.030073517933487892
0.1,40,1.0,2200,0.02791999839246273
0.1,40,1.0,2400,0.02931092120707035
0.1,40,1.0,2600,0.026161054149270058
0.1,40,1.0,2800,0.025467872619628906
0.1,40,1.0,3000,0.03153923898935318
0.1,40,1.0,3200,0.029720420017838478
0.1,40,1.0,3400,0.028926074504852295
0.1,40,1.0,3600,0.031249452382326126
0.1,40,1.0,3800,0.025689003989100456
0.1,40,1.0,4000,0.02752646617591381
0.1,40,1.0,4200,0.023754172027111053
0.1,40,1.0,4400,0.028894422575831413
0.1,40,1.0,4600,0.027666527777910233
0.1,40,1.0,4800,0.0259852334856987
0.1,40,1.0,5000,0.024656793102622032
0.1,40,1.0,5200,0.024940866976976395
0.1,40,1.0,5400,0.030283130705356598
0.1,40,1.0,5600,0.030665412545204163
0.1,40,1.0,5800,0.02708013541996479
0.1,40,1.0,6000,0.029228558763861656
0.1,40,1.0,6200,0.027958940714597702
0.1,40,1.0,6400,0.026279974728822708
0.1,40,1.0,6600,0.027969928458333015
0.1,40,1.0,6800,0.024683820083737373
0.1,40,1.0,7000,0.027276303619146347
0.1,40,1.0,7200,0.030490463599562645
0.1,40,1.0,7400,0.028080612421035767
0.1,40,1.0,7600,0.032372504472732544
0.1,40,1.0,7800,0.027535200119018555
0.1,40,1.0,7999,0.026249153539538383
0.1,40,3.0,0,0.0288888867944479
0.1,40,3.0,200,0.03962133824825287
0.1,40,3.0,400,0.04241390526294708
0.1,40,3.0,600,0.03739182651042938
0.1,40,3.0,800,0.03745478019118309
0.1,40,3.0,1000,0.03560115769505501
0.1,40,3.0,1200,0.033480364829301834
0.1,40,3.0,1400,0.03631037846207619
0.1,40,3.0,1600,0.029090074822306633
0.1,40,3.0,1800,0.032685764133930206
0.1,40,3.0,2000,0.030460361391305923
0.1,40,3.0,2200,0.03718942776322365
0.1,40,3.0,2400,0.035652901977300644
0.1,40,3.0,2600,0.02716325782239437
0.1,40,3.0,2800,0.0334334671497345
0.1,40,3.0,3000,0.029967356473207474
0.1,40,3.0,3200,0.028811529278755188
0.1,40,3.0,3400,0.03228853642940521
0.1,40,3.0,3600,0.027827546000480652
0.1,40,3.0,3800,0.03466762974858284
0.1,40,3.0,4000,0.026182346045970917
0.1,40,3.0,4200,0.0254621934145689
0.1,40,3.0,4400,0.028308365494012833
0.1,40,3.0,4600,0.03333527594804764
0.1,40,3.0,4800,0.02829059399664402
0.1,40,3.0,5000,0.03044365532696247
0.1,40,3.0,5200,0.026530392467975616
0.1,40,3.0,5400,0.029660779982805252
0.1,40,3.0,5600,0.030611583963036537
0.1,40,3.0,5800,0.02906271442770958
0.1,40,3.0,6000,0.027882087975740433
0.1,40,3.0,6200,0.026131564751267433
0.1,40,3.0,6400,0.027967536821961403
0.1,40,3.0,6600,0.026244312524795532
0.1,40,3.0,6800,0.025491973385214806
0.1,40,3.0,7000,0.02556915022432804
0.1,40,3.0,7200,0.029236391186714172
0.1,40,3.0,7400,0.02454538084566593
0.1,40,3.0,7600,0.025789668783545494
0.1,40,3.0,7800,0.01844298653304577
0.1,40,3.0,7999,0.024531126022338867
0.1,40,8.0,0,0.029477253556251526
0.1,40,8.0,200,0.03708960488438606
0.1,40,8.0,400,0.036961983889341354
0.1,40,8.0,600,0.04343150928616524
0.1,40,8.0,800,0.03701040893793106
0.1,40,8.0,1000,0.0368257537484169
0.1,40,8.0,1200,0.03500119969248772
0.1,40,8.0,1400,0.034223251044750214
0.1,40,8.0,1600,0.04341685771942139
0.1,40,8.0,1800,0.036938752979040146
0.1,40,8.0,2000,0.03185875713825226
0.1,40,8.0,2200,0.03403330221772194
0.1,40,8.0,2400,0.0365990549325943
0.1,40,8.0,2600,0.03519436717033386
0.1,40,8.0,2800,0.03313414379954338
0.1,40,8.0,3000,0.028412524610757828
0.1,40,8.0,3200,0.027939654886722565
0.1,40,8.0,3400,0.03304276242852211
0.1,40,8.0,3600,0.03025118261575699
0.1,40,8.0,3800,0.03342254087328911
0.1,40,8.0,4000,0.030640214681625366
0.1,40,8.0,4200,0.029351675882935524
0.1,40,8.0,4400,0.030414920300245285
0.1,40,8.0,4600,0.03780834376811981
0.1,40,8.0,4800,0.029552781954407692
0.1,40,8.0,5000,0.03311019390821457
0.1,40,8.0,5200,0.029588544741272926
0.1,40,8.0,5400,0.0245868731290102
0.1,40,8.0,5600,0.029191099107265472
0.1,40,8.0,5800,0.027588646858930588
0.1,40,8.0,6000,0.03008314035832882
0.1,40,8.0,6200,0.02572990208864212
0.1,40,8.0,6400,0.02592477947473526
0.1,40,8.0,6600,0.027672626078128815
0.1,40,8.0,6800,0.032227788120508194
0.1,40,8.0,7000,0.03071158565580845
0.1,40,8.0,7200,0.031036531552672386
0.1,40,8.0,7400,0.02640233188867569
0.1,40,8.0,7600,0.030895082280039787
0.1,40,8.0,7800,0.031010186299681664
0.1,40,8.0,7999,0.03066396713256836
0.1,45,1.0,0,0.10448713600635529
0.1,45,1.0,200,0.037518564611673355
0.1,45,1.0,400,0.03669711574912071
0.1,45,1.0,600,0.03898581489920616
0.1,45,1.0,800,0.03579193726181984
0.1,45,1.0,1000,0.035861536860466
0.1,45,1.0,1200,0.03265157714486122
0.1,45,1.0,1400,0.03789004310965538
0.1,45,1.0,1600,0.05272652953863144
0.1,45,1.0,1800,0.0389714352786541
0.1,45,1.0,2000,0.03800441324710846
0.1,45,1.0,2200,0.034703467041254044
0.1,45,1.0,2400,0.03295789286494255
0.1,45,1.0,2600,0.04548001289367676
0.1,45,1.0,2800,0.03825317695736885
0.1,45,1.0,3000,0.039029039442539215
0.1,45,1.0,3200,0.040778882801532745
0.1,45,1.0,3400,0.03826484829187393
0.1,45,1.0,3600,0.044613342732191086
0.1,45,1.0,3800,0.03645798936486244
0.1,45,1.0,4000,0.03613493591547012
0.1,45,1.0,4200,0.03706835210323334
0.1,45,1.0,4400,0.03533392399549484
0.1,45,1.0,4600,0.044923536479473114
0.1,45,1.0,4800,0.038115493953228
0.1,45,1.0,5000,0.04860267415642738
0.1,45,1.0,5200,0.04054064303636551
0.1,45,1.0,5400,0.0432855561375618
0.1,45,1.0,5600,0.04190285876393318
0.1,45,1.0,5800,0.04119186848402023
0.1,45,1.0,6000,0.03826165944337845
0.1,45,1.0,6200,0.041411392390728
0.1,45,1.0,6400,0.03579665347933769
0.1,45,1.0,6600,0.039612602442502975
0.1,45,1.0,6800,0.0439092256128788
0.1,45,1.0,7000,0.03870312497019768
0.1,45,1.0,7200,0.045849476009607315
0.1,45,1.0,7400,0.0385577492415905
0.1,45,1.0,7600,0.04192378744482994
0.1,45,1.0,7800,0.0418502576649189
0.1,45,1.0,7999,0.04377826303243637
0.1,45,3.0,0,0.10438227653503418
0.1,45,3.0,200,0.04272260516881943
0.1,45,3.0,400,0.03397649526596069
0.1,45,3.0,600,0.0486832894384861
0.1,45,3.0,800,0.03687113896012306
0.1,45,3.0,1000,0.0346822552382946
0.1,45,3.0,1200,0.03862886503338814
0.1,45,3.0,1400,0.05186520889401436
0.1,45,3.0,1600,0.04221601039171219
0.1,45,3.0,1800,0.03631969913840294
0.1,45,3.0,2000,0.04134500026702881
0.1,45,3.0,2200,0.04123890399932861
0.1,45,3.0,2400,0.038274165242910385
0.1,45,3.0,2600,0.043723296374082565
0.1,45,3.0,2800,0.04685451090335846
0.1,45,3.0,3000,0.03541885316371918
0.1,45,3.0,3200,0.0364743247628212
0.1,45,3.0,3400,0.04592901095747948
0.1,45,3.0,3600,0.04230340197682381
0.1,45,3.0,3800,0.04062822461128235
0.1,45,3.0,4000,0.04633977264165878
0.1,45,3.0,4200,0.04486360400915146
0.1,45,3.0,4400,0.041783612221479416
0.1,45,3.0,4600,0.04581776261329651
0.1,45,3.0,4800,0.038388174027204514
0.1,45,3.0,5000,0.03971763700246811
0.1,45,3.0,5200,0.041811905801296234
0.1,45,3.0,5400,0.03586723282933235
0.1,45,3.0,5600,0.037805717438459396
0.1,45,3.0,5800,0.044393058866262436
0.1,45,3.0,6000,0.035057906061410904
0.1,45,3.0,6200,0.042243313044309616
0.1,45,3.0,6400,0.042534857988357544
0.1,45,3.0,6600,0.0389021597802639
0.1,45,3.0,6800,0.03388829529285431
0.1,45,3.0,7000,0.03701510652899742
0.1,45,3.0,7200,0.041954029351472855
0.1,45,3.0,7400,0.044180985540151596
0.1,45,3.0,7600,0.04037904739379883
0.1,45,3.0,7800,0.042368125170469284
0.1,45,3.0,7999,0.04055231437087059
0.1,45,8.0,0,0.10404527187347412
0.1,45,8.0,200,0.05408887192606926
0.1,45,8.0,400,0.046742185950279236
0.1,45,8.0,600,0.0360100120306015
0.1,45,8.0,800,0.04861404374241829
0.1,45,8.0,1000,0.043671865016222
0.1,45,8.0,1200,0.04848462715744972
0.1,45,8.0,1400,0.048586346209049225
0.1,45,8.0,1600,0.06301861256361008
0.1,45,8.0,1800,0.051001209765672684
0.1,45,8.0,2000,0.05355704575777054
0.1,45,8.0,2200,0.0428176149725914
0.1,45,8.0,2400,0.044801920652389526
0.1,45,8.0,2600,0.03611036762595177
0.1,45,8.0,2800,0.04628673568367958
0.1,45,8.0,3000,0.046552449464797974
0.1,45,8.0,3200,0.0403006412088871
0.1,45,8.0,3400,0.04596903920173645
0.1,45,8.0,3600,0.046776071190834045
0.1,45,8.0,3800,0.04463886842131615
0.1,45,8.0,4000,0.047554437071084976
0.1,45,8.0,4200,0.051903657615184784
0.1,45,8.0,4400,0.045644525438547134
0.1,45,8.0,4600,0.05021503567695618
0.1,45,8.0,4800,0.04627961665391922
0.1,45,8.0,5000,0.040672991424798965
0.1,45,8.0,5200,0.034778427332639694
0.1,45,8.0,5400,0.04741007834672928
0.1,45,8.0,5600,0.041397567838430405
0.1,45,8.0,5800,0.0411820262670517
0.1,45,8.0,6000,0.041581686586141586
0.1,45,8.0,6200,0.04301885515451431
0.1,45,8.0,6400,0.04143906012177467
0.1,45,8.0,6600,0.03565247729420662
0.1,45,8.0,6800,0.04208751395344734
0.1,45,8.0,7000,0.04624227061867714
0.1,45,8.0,7200,0.03788429871201515
0.1,45,8.0,7400,0.047686729580163956
0.1,45,8.0,7600,0.03777175769209862
0.1,45,8.0,7800,0.04409688338637352
0.1,45,8.0,7999,0.043862633407115936
0.1,50,1.0,0,0.09885410964488983
0.1,50,1.0,200,0.23465608060359955
0.1,50,1.0,400,0.1295284777879715
0.1,50,1.0,600,0.08645015954971313
0.1,50,1.0,800,0.08213772624731064
0.1,50,1.0,1000,0.06853540986776352
0.1,50,1.0,1200,0.06577649712562561
0.1,50,1.0,1400,0.0554104819893837
0.1,50,1.0,1600,0.052081398665905
0.1,50,1.0,1800,0.0478862002491951
0.1,50,1.0,2000,0.05553099513053894
0.1,50,1.0,2200,0.03867365047335625
0.1,50,1.0,2400,0.050274550914764404
0.1,50,1.0,2600,0.03175918757915497
0.1,50,1.0,2800,0.03797607123851776
0.1,50,1.0,3000,0.03451370447874069
0.1,50,1.0,3200,0.04249817505478859
0.1,50,1.0,3400,0.02955440804362297
0.1,50,1.0,3600,0.03389498218894005
0.1,50,1.0,3800,0.03609758988022804
0.1,50,1.0,4000,0.029591575264930725
0.1,50,1.0,4200,0.03860585018992424
0.1,50,1.0,4400,0.02933627925813198
0.1,50,1.0,4600,0.026641791686415672
0.1,50,1.0,4800,0.04081811383366585
0.1,50,1.0,5000,0.0323544405400753
0.1,50,1.0,5200,0.03678208217024803
0.1,50,1.0,5400,0.02788475528359413
0.1,50,1.0,5600,0.03133043646812439
0.1,50,1.0,5800,0.029965216293931007
0.1,50,1.0,6000,0.028395570814609528
0.1,50,1.0,6200,0.027732620015740395
0.1,50,1.0,6400,0.0273012463003397
0.1,50,1.0,6600,0.02592703513801098
0.1,50,1.0,6800,0.02614331990480423
0.1,50,1.0,7000,0.027772193774580956
0.1,50,1.0,7200,0.02343115769326687
0.1,50,1.0,7400,0.027122491970658302
0.1,50,1.0,7600,0.030789755284786224
0.1,50,1.0,7800,0.031496670097112656
0.1,50,1.0,7999,0.02737601287662983
0.1,50,3.0,0,0.09902898967266083
0.1,50,3.0,200,0.27738678455352783
0.1,50,3.0,400,0.12450613081455231
0.1,50,3.0,600,0.09015878289937973
0.1,50,3.0,800,0.0768369808793068
0.1,50,3.0,1000,0.07161930203437805
0.1,50,3.0,1200,0.07077817618846893
0.1,50,3.0,1400,0.06244615465402603
0.1,50,3.0,1600,0.05603113770484924
0.1,50,3.0,1800,0.053562458604574203
0.1,50,3.0,2000,0.05390802398324013
0.1,50,3.0,2200,0.047915391623973846
0.1,50,3.0,2400,0.043270014226436615
0.1,50,3.0,2600,0.03392228111624718
0.1,50,3.0,2800,0.0388365276157856
0.1,50,3.0,3000,0.04251137748360634
0.1,50,3.0,3200,0.04475416988134384
0.1,50,3.0,3400,0.02959999442100525
0.1,50,3.0,3600,0.037446536123752594
0.1,50,3.0,3800,0.042415160685777664
0.1,50,3.0,4000,0.030850013718008995
0.1,50,3.0,4200,0.029854360967874527
0.1,50,3.0,4400,0.04700738191604614
0.1,50,3.0,4600,0.03757484629750252
0.1,50,3.0,4800,0.023487284779548645
0.1,50,3.0,5000,0.03287466987967491
0.1,50,3.0,5200,0.029207302257418633
0.1,50,3.0,5400,0.03888649865984917
0.1,50,3.0,5600,0.03649689257144928
0.1,50,3.0,5800,0.0285563375800848
0.1,50,3.0,6000,0.036909472197294235
0.1,50,3.0,6200,0.034591883420944214
0.1,50,3.0,6400,0.02967729978263378
0.1,50,3.0,6600,0.040007490664720535
0.1,50,3.0,6800,0.031777672469615936
0.1,50,3.0,7000,0.03707908093929291
0.1,50,3.0,7200,0.02559666894376278
0.1,50,3.0,7400,0.030107812955975533
0.1,50,3.0,7600,0.03300704434514046
0.1,50,3.0,7800,0.02337913028895855
0.1,50,3.0,7999,0.03863408416509628
0.1,50,8.0,0,0.09906688332557678
0.1,50,8.0,200,0.30129364132881165
0.1,50,8.0,400,0.1683708280324936
0.1,50,8.0,600,0.11643737554550171
0.1,50,8.0,800,0.07929627597332001
0.1,50,8.0,1000,0.07947176694869995
0.1,50,8.0,1200,0.07991599291563034
0.1,50,8.0,1400,0.05870242044329643
0.1,50,8.0,1600,0.06386280059814453
0.1,50,8.0,1800,0.05530128628015518
0.1,50,8.0,2000,0.06327953934669495
0.1,50,8.0,2200,0.05398619920015335
0.1,50,8.0,2400,0.045386407524347305
0.1,50,8.0,2600,0.06475657224655151
0.1,50,8.0,2800,0.04852612689137459
0.1,50,8.0,3000,0.04366621375083923
0.1,50,8.0,3200,0.05430596321821213
0.1,50,8.0,3400,0.03852472081780434
0.1,50,8.0,3600,0.039606161415576935
0.1,50,8.0,3800,0.05332682654261589
0.1,50,8.0,4000,0.03894101455807686
0.1,50,8.0,4200,0.030678527429699898
0.1,50,8.0,4400,0.03487209975719452
0.1,50,8.0,4600,0.03931578993797302
0.1,50,8.0,4800,0.04503179341554642
0.1,50,8.0,5000,0.048957303166389465
0.1,50,8.0,5200,0.044594574719667435
0.1,50,8.0,5400,0.02937011606991291
0.1,50,8.0,5600,0.034154411405324936
0.1,50,8.0,5800,0.03224235400557518
0.1,50,8.0,6000,0.038535211235284805
0.1,50,8.0,6200,0.03704296424984932
0.1,50,8.0,6400,0.036227595061063766
0.1,50,8.0,6600,0.03237045928835869
0.1,50,8.0,6800,0.036136526614427567
0.1,50,8.0,7000,0.02792186103761196
0.1,50,8.0,7200,0.03472626209259033
0.1,50,8.0,7400,0.036340974271297455
0.1,50,8.0,7600,0.03179563581943512
0.1,50,8.0,7800,0.03254920244216919
0.1,50,8.0,7999,0.02534293197095394
0.5,0,1.0,0,0.04203341528773308
0.5,0,1.0,200,0.01544569618999958
0.5,0,1.0,400,0.009759300388395786
0.5,0,1.0,600,0.004082140512764454
0.5,0,1.0,800,0.005886179860681295
0.5,0,1.0,1000,0.006888564210385084
0.5,0,1.0,1200,0.005484592169523239
0.5,0,1.0,1400,0.008880115114152431
0.5,0,1.0,1600,0.006408735178411007
0.5,0,1.0,1800,0.00530525716021657
0.5,0,1.0,2000,0.004696093965321779
0.5,0,1.0,2200,0.004542115144431591
0.5,0,1.0,2400,0.0064900582656264305
0.5,0,1.0,2600,0.006098179612308741
0.5,0,1.0,2800,0.0053330217488110065
0.5,0,1.0,3000,0.006018256768584251
0.5,0,1.0,3200,0.0063122473657131195
0.5,0,1.0,3400,0.00608650641515851
0.5,0,1.0,3600,0.004828931298106909
0.5,0,1.0,3800,0.00583979906514287
0.5,0,1.0,4000,0.008006040006875992
0.5,0,1.0,4200,0.007035636808723211
0.5,0,1.0,4400,0.004612168297171593
0.5,0,1.0,4600,0.004185308236628771
0.5,0,1.0,4800,0.005121313966810703
0.5,0,1.0,5000,0.006170228123664856
0.5,0,1.0,5200,0.0043394677340984344
0.5,0,1.0,5400,0.004386781249195337
0.5,0,1.0,5600,0.007877756841480732
0.5,0,1.0,5800,0.004797548986971378
0.5,0,1.0,6000,0.005236237309873104
0.5,0,1.0,6200,0.004532672930508852
0.5,0,1.0,6400,0.004686207510530949
0.5,0,1.0,6600,0.004380800761282444
0.5,0,1.0,6800,0.004706406034529209
0.5,0,1.0,7000,0.006431018002331257
0.5,0,1.0,7200,0.0037432510871440172
0.5,0,1.0,7400,0.006024821195751429
0.5,0,1.0,7600,0.005789753515273333
0.5,0,1.0,7800,0.004129402339458466
0.5,0,1.0,7999,0.0036467688623815775
0.5,0,3.0,0,0.041459206491708755
0.5,0,3.0,200,0.01792377233505249
0.5,0,3.0,400,0.009879275225102901
0.5,0,3.0,600,0.0068513816222548485
0.5,0,3.0,800,0.0031503825448453426
0.5,0,3.0,1000,0.006849570199847221
0.5,0,3.0,1200,0.006741425953805447
0.5,0,3.0,1400,0.005839523393660784
0.5,0,3.0,1600,0.00801209919154644
0.5,0,3.0,1800,0.007876462303102016
0.5,0,3.0,2000,0.005769944749772549
0.5,0,3.0,2200,0.006273635663092136
0.5,0,3.0,2400,0.006064907182008028
0.5,0,3.0,2600,0.006394169293344021
0.5,0,3.0,2800,0.006433798931539059
0.5,0,3.0,3000,0.006544837262481451
0.5,0,3.0,3200,0.004806524608284235
0.5,0,3.0,3400,0.006180708296597004
0.5,0,3.0,3600,0.017628444358706474
0.5,0,3.0,3800,0.006481731776148081
0.5,0,3.0,4000,0.006144485902041197
0.5,0,3.0,4200,0.004785016644746065
0.5,0,3.0,4400,0.0037140497006475925
0.5,0,3.0,4600,0.0057609304785728455
0.5,0,3.0,4800,0.005405006464570761
0.5,0,3.0,5000,0.004748992621898651
0.5,0,3.0,5200,0.004714593756943941
0.5,0,3.0,5400,0.006324323825538158
0.5,0,3.0,5600,0.005348654463887215
0.5,0,3.0,5800,0.003255218965932727
0.5,0,3.0,6000,0.004505021031945944
0.5,0,3.0,6200,0.005366768222302198
0.5,0,3.0,6400,0.005177834536880255
0.5,0,3.0,6600,0.0060505857691168785
0.5,0,3.0,6800,0.004813756328076124
0.5,0,3.0,7000,0.004762809723615646
0.5,0,3.0,7200,0.004638331942260265
0.5,0,3.0,7400,0.004095099400728941
0.5,0,3.0,7600,0.00453905900940299
0.5,0,3.0,7800,0.003820467973127961
0.5,0,3.0,7999,0.004223921801894903
0.5,0,8.0,0,0.041162971407175064
0.5,0,8.0,200,0.019650064408779144
0.5,0,8.0,400,0.008991522714495659
0.5,0,8.0,600,0.007151276338845491
0.5,0,8.0,800,0.011044044978916645
0.5,0,8.0,1000,0.007785400375723839
0.5,0,8.0,1200,0.006697210483253002
0.5,0,8.0,1400,0.007469869684427977
0.5,0,8.0,1600,0.007810274139046669
0.5,0,8.0,1800,0.006940828636288643
0.5,0,8.0,2000,0.0043121143244206905
0.5,0,8.0,2200,0.00591333257034421
0.5,0,8.0,2400,0.006482018623501062
0.5,0,8.0,2600,0.008655446581542492
0.5,0,8.0,2800,0.006879501044750214
0.5,0,8.0,3000,0.0048869913443923
0.5,0,8.0,3200,0.008431593887507915
0.5,0,8.0,3400,0.006721541751176119
0.5,0,8.0,3600,0.006190878804773092
0.5,0,8.0,3800,0.006515150424093008
0.5,0,8.0,4000,0.005941635463386774
0.5,0,8.0,4200,0.006510538514703512
0.5,0,8.0,4400,0.005919788032770157
0.5,0,8.0,4600,0.004278929438441992
0.5,0,8.0,4800,0.006471861619502306
0.5,0,8.0,5000,0.005342297255992889
0.5,0,8.0,5200,0.013631295412778854
0.5,0,8.0,5400,0.006126304157078266
0.5,0,8.0,5600,0.006869341712445021
0.5,0,8.0,5800,0.008590256795287132
0.5,0,8.0,6000,0.004699177108705044
0.5,0,8.0,6200,0.0030968557111918926
0.5,0,8.0,6400,0.0043677375651896
0.5,0,8.0,6600,0.005156503990292549
0.5,0,8.0,6800,0.004448191728442907
0.5,0,8.0,7000,0.004080606624484062
0.5,0,8.0,7200,0.00665934756398201
0.5,0,8.0,7400,0.004613044671714306
0.5,0,8.0,7600,0.004635403864085674
0.5,0,8.0,7800,0.005314961541444063
0.5,0,8.0,7999,0.005978315137326717
0.5,5,1.0,0,0.03261839225888252
0.5,5,1.0,200,0.01533257681876421
0.5,5,1.0,400,0.008572148159146309
0.5,5,1.0,600,0.008325212635099888
0.5,5,1.0,800,0.008745424449443817
0.5,5,1.0,1000,0.008639473468065262
0.5,5,1.0,1200,0.007464945781975985
0.5,5,1.0,1400,0.005616714712232351
0.5,5,1.0,1600,0.00920388475060463
0.5,5,1.0,1800,0.007128496188670397
0.5,5,1.0,2000,0.004949146881699562
0.5,5,1.0,2200,0.008517814800143242
0.5,5,1.0,2400,0.007378330919891596
0.5,5,1.0,2600,0.007421232759952545
0.5,5,1.0,2800,0.004614058881998062
0.5,5,1.0,3000,0.007139891851693392
0.5,5,1.0,3200,0.005879096686840057
0.5,5,1.0,3400,0.010145901702344418
0.5,5,1.0,3600,0.004987684544175863
0.5,5,1.0,3800,0.004202295560389757
0.5,5,1.0,4000,0.00608976511284709
0.5,5,1.0,4200,0.005293518770486116
0.5,5,1.0,4400,0.005336101166903973
0.5,5,1.0,4600,0.004634128883481026
0.5,5,1.0,4800,0.0058031766675412655
0.5,5,1.0,5000,0.003310553031042218
0.5,5,1.0,5200,0.005481956526637077
0.5,5,1.0,5400,0.005461955443024635
0.5,5,1.0,5600,0.0041465600952506065
0.5,5,1.0,5800,0.005688774865120649
0.5,5,1.0,6000,0.0031479878816753626
0.5,5,1.0,6200,0.003407986368983984
0.5,5,1.0,6400,0.0031250957399606705
0.5,5,1.0,6600,0.0047811297699809074
0.5,5,1.0,6800,0.004767926409840584
0.5,5,1.0,7000,0.004344460554420948
0.5,5,1.0,7200,0.0028484121430665255
0.5,5,1.0,7400,0.0030582768376916647
0.5,5,1.0,7600,0.00359698967076838
0.5,5,1.0,7800,0.004935846198350191
0.5,5,1.0,7999,0.004500119481235743
0.5,5,3.0,0,0.032587941735982895
0.5,5,3.0,200,0.014581997878849506
0.5,5,3.0,400,0.007315009832382202
0.5,5,3.0,600,0.010286199860274792
0.5,5,3.0,800,0.009613139554858208
0.5,5,3.0,1000,0.008237498812377453
0.5,5,3.0,1200,0.007173001766204834
0.5,5,3.0,1400,0.007406128570437431
0.5,5,3.0,1600,0.004845499526709318
0.5,5,3.0,1800,0.007459038402885199
0.5,5,3.0,2000,0.0046273465268313885
0.5,5,3.0,2200,0.00474821962416172
0.5,5,3.0,2400,0.005802992265671492
0.5,5,3.0,2600,0.004752516746520996
0.5,5,3.0,2800,0.00601922208443284
0.5,5,3.0,3000,0.0038430828135460615
0.5,5,3.0,3200,0.0074794660322368145
0.5,5,3.0,3400,0.005124430172145367
0.5,5,3.0,3600,0.004837472923099995
0.5,5,3.0,3800,0.004700910300016403
0.5,5,3.0,4000,0.005348708014935255
0.5,5,3.0,4200,0.005048451013863087
0.5,5,3.0,4400,0.005238587036728859
0.5,5,3.0,4600,0.004937553778290749
0.5,5,3.0,4800,0.005570214241743088
0.5,5,3.0,5000,0.004405518993735313
0.5,5,3.0,5200,0.003285714192315936
0.5,5,3.0,5400,0.004042525310069323
0.5,5,3.0,5600,0.0038764227647334337
0.5,5,3.0,5800,0.003408061806112528
0.5,5,3.0,6000,0.003923807293176651
0.5,5,3.0,6200,0.005155988968908787
0.5,5,3.0,6400,0.0050315093249082565
0.5,5,3.0,6600,0.0035323684569448233
0.5,5,3.0,6800,0.005641941446810961
0.5,5,3.0,7000,0.0024372204206883907
0.5,5,3.0,7200,0.00473515409976244
0.5,5,3.0,7400,0.002000262029469013
0.5,5,3.0,7600,0.006635515950620174
0.5,5,3.0,7800,0.007825781591236591
0.5,5,3.0,7999,0.004859185311943293
0.5,5,8.0,0,0.032480984926223755
0.5,5,8.0,200,0.011074828915297985
0.5,5,8.0,400,0.0066535575315356255
0.5,5,8.0,600,0.008847435005009174
0.5,5,8.0,800,0.006502398289740086
0.5,5,8.0,1000,0.004745929967612028
0.5,5,8.0,1200,0.005599181167781353
0.5,5,8.0,1400,0.006539403460919857
0.5,5,8.0,1600,0.007141625043004751
0.5,5,8.0,1800,0.0068993824534118176
0.5,5,8.0,2000,0.00629222858697176
0.5,5,8.0,2200,0.005442341323941946
0.5,5,8.0,2400,0.005599719472229481
0.5,5,8.0,2600,0.004574271384626627
0.5,5,8.0,2800,0.0058922721073031425
0.5,5,8.0,3000,0.004859609063714743
0.5,5,8.0,3200,0.007553158327937126
0.5,5,8.0,3400,0.004101856611669064
0.5,5,8.0,3600,0.004947572480887175
0.5,5,8.0,3800,0.0033146697096526623
0.5,5,8.0,4000,0.00320789054967463
0.5,5,8.0,4200,0.005608460400253534
0.5,5,8.0,4400,0.00439691636711359
0.5,5,8.0,4600,0.005917356349527836
0.5,5,8.0,4800,0.005894329398870468
0.5,5,8.0,5000,0.005254965275526047
0.5,5,8.0,5200,0.004187090788036585
0.5,5,8.0,5400,0.0067615509033203125
0.5,5,8.0,5600,0.004995038267225027
0.5,5,8.0,5800,0.0035447070840746164
0.5,5,8.0,6000,0.004992062225937843
0.5,5,8.0,6200,0.005532665178179741
0.5,5,8.0,6400,0.003029216080904007
0.5,5,8.0,6600,0.004550771787762642
0.5,5,8.0,6800,0.0032248818315565586
0.5,5,8.0,7000,0.0037586495745927095
0.5,5,8.0,7200,0.005943977274000645
0.5,5,8.0,7400,0.0034690643660724163
0.5,5,8.0,7600,0.005210671573877335
0.5,5,8.0,7800,0.0069589451886713505
0.5,5,8.0,7999,0.004784233868122101
0.5,10,1.0,0,0.07246451079845428
0.5,10,1.0,200,0.012128958478569984
0.5,10,1.0,400,0.007933602668344975
0.5,10,1.0,600,0.005975755397230387
0.5,10,1.0,800,0.005495822057127953
0.5,10,1.0,1000,0.007070994935929775
0.5,10,1.0,1200,0.005687456578016281
0.5,10,1.0,1400,0.005882431287318468
0.5,10,1.0,1600,0.007488778792321682
0.5,10,1.0,1800,0.0055103665217757225
0.5,10,1.0,2000,0.006402714643627405
0.5,10,1.0,2200,0.005517787765711546
0.5,10,1.0,2400,0.005004196427762508
0.5,10,1.0,2600,0.00519284512847662
0.5,10,1.0,2800,0.004738072399049997
0.5,10,1.0,3000,0.003979452885687351
0.5,10,1.0,3200,0.005587874446064234
0.5,10,1.0,3400,0.005232859868556261
0.5,10,1.0,3600,0.006335269659757614
0.5,10,1.0,3800,0.004933842457830906
0.5,10,1.0,4000,0.005646929144859314
0.5,10,1.0,4200,0.003810454159975052
0.5,10,1.0,4400,0.003962252289056778
0.5,10,1.0,4600,0.004747435916215181
0.5,10,1.0,4800,0.0016051633283495903
0.5,10,1.0,5000,0.005485746543854475
0.5,10,1.0,5200,0.004132659174501896
0.5,10,1.0,5400,0.0026162939611822367
0.5,10,1.0,5600,0.004245986230671406
0.5,10,1.0,5800,0.004886152222752571
0.5,10,1.0,6000,0.005558370146900415
0.5,10,1.0,6200,0.0043469988740980625
0.5,10,1.0,6400,0.007573258131742477
0.5,10,1.0,6600,0.005106719676405191
0.5,10,1.0,6800,0.00555656710639596
0.5,10,1.0,7000,0.002579588210210204
0.5,10,1.0,7200,0.0036772792227566242
0.5,10,1.0,7400,0.004599433857947588
0.5,10,1.0,7600,0.0036257896572351456
0.5,10,1.0,7800,0.0032548466697335243
0.5,10,1.0,7999,0.004307679831981659
0.5,10,3.0,0,0.07339393347501755
0.5,10,3.0,200,0.009178312495350838
0.5,10,3.0,400,0.007047404069453478
0.5,10,3.0,600,0.007655307184904814
0.5,10,3.0,800,0.005124430637806654
0.5,10,3.0,1000,0.005182043649256229
0.5,10,3.0,1200,0.004984306171536446
0.5,10,3.0,1400,0.006564997602254152
0.5,10,3.0,1600,0.005697360262274742
0.5,10,3.0,1800,0.0061613465659320354
0.5,10,3.0,2000,0.004107304383069277
0.5,10,3.0,2200,0.005245214328169823
0.5,10,3.0,2400,0.004924274515360594
0.5,10,3.0,2600,0.005318465176969767
0.5,10,3.0,2800,0.0029946081340312958
0.5,10,3.0,3000,0.005207013338804245
0.5,10,3.0,3200,0.006783999502658844
0.5,10,3.0,3400,0.003777316538617015
0.5,10,3.0,3600,0.0022565117105841637
0.5,10,3.0,3800,0.007550294976681471
0.5,10,3.0,4000,0.005308195948600769
0.5,10,3.0,4200,0.004723988473415375
0.5,10,3.0,4400,0.006079903803765774
0.5,10,3.0,4600,0.003596368245780468
0.5,10,3.0,4800,0.00428203446790576
0.5,10,3.0,5000,0.004459482152014971
0.5,10,3.0,5200,0.0049490369856357574
0.5,10,3.0,5400,0.004532200749963522
0.5,10,3.0,5600,0.006440047174692154
0.5,10,3.0,5800,0.0047242301516234875
0.5,10,3.0,6000,0.004521448630839586
0.5,10,3.0,6200,0.0050281621515750885
0.5,10,3.0,6400,0.00392551114782691
0.5,10,3.0,6600,0.0064302608370780945
0.5,10,3.0,6800,0.005075171589851379
0.5,10,3.0,7000,0.0071566966362297535
0.5,10,3.0,7200,0.005812340881675482
0.5,10,3.0,7400,0.0038413708098232746
0.5,10,3.0,7600,0.004143170081079006
0.5,10,3.0,7800,0.0033722955267876387
0.5,10,3.0,7999,0.00417831726372242
0.5,10,8.0,0,0.07366371899843216
0.5,10,8.0,200,0.009778167121112347
0.5,10,8.0,400,0.007070797961205244
0.5,10,8.0,600,0.00531848706305027
0.5,10,8.0,800,0.0062827058136463165
0.5,10,8.0,1000,0.006476028356701136
0.5,10,8.0,1200,0.0063434988260269165
0.5,10,8.0,1400,0.006762892939150333
0.5,10,8.0,1600,0.0038866044487804174
0.5,10,8.0,1800,0.0048415386117994785
0.5,10,8.0,2000,0.004252460319548845
0.5,10,8.0,2200,0.005978601519018412
0.5,10,8.0,2400,0.004719287622720003
0.5,10,8.0,2600,0.005799493286758661
0.5,10,8.0,2800,0.005122228525578976
0.5,10,8.0,3000,0.004814519081264734
0.5,10,8.0,3200,0.003953311592340469
0.5,10,8.0,3400,0.00614961376413703
0.5,10,8.0,3600,0.005066289100795984
0.5,10,8.0,3800,0.006332567892968655
0.5,10,8.0,4000,0.004336246754974127
0.5,10,8.0,4200,0.0032609703484922647
0.5,10,8.0,4400,0.0052534728311002254
0.5,10,8.0,4600,0.0023589443881064653
0.5,10,8.0,4800,0.005169746465981007
0.5,10,8.0,5000,0.00324654090218246
0.5,10,8.0,5200,0.005962179508060217
0.5,10,8.0,5400,0.004330641124397516
0.5,10,8.0,5600,0.0035008504055440426
0.5,10,8.0,5800,0.004190654493868351
0.5,10,8.0,6000,0.004278923384845257
0.5,10,8.0,6200,0.003847526153549552
0.5,10,8.0,6400,0.005519753787666559
0.5,10,8.0,6600,0.004986359737813473
0.5,10,8.0,6800,0.005431726109236479
0.5,10,8.0,7000,0.0020772714633494616
0.5,10,8.0,7200,0.004905774723738432
0.5,10,8.0,7400,0.0047377366572618484
0.5,10,8.0,7600,0.00462743453681469
0.5,10,8.0,7800,0.00397599209100008
0.5,10,8.0,7999,0.005206697154790163
0.5,15,1.0,0,0.036508072167634964
0.5,15,1.0,200,0.03729924559593201
0.5,15,1.0,400,0.02899262309074402
0.5,15,1.0,600,0.021573659032583237
0.5,15,1.0,800,0.023316876962780952
0.5,15,1.0,1000,0.020830854773521423
0.5,15,1.0,1200,0.016956141218543053
0.5,15,1.0,1400,0.016528023406863213
0.5,15,1.0,1600,0.01916859857738018
0.5,15,1.0,1800,0.016057418659329414
0.5,15,1.0,2000,0.01293307077139616
0.5,15,1.0,2200,0.012319016270339489
0.5,15,1.0,2400,0.016283368691802025
0.5,15,1.0,2600,0.01093775313347578
0.5,15,1.0,2800,0.014325051568448544
0.5,15,1.0,3000,0.014475037343800068
0.5,15,1.0,3200,0.009746033698320389
0.5,15,1.0,3400,0.01261926256120205
0.5,15,1.0,3600,0.010810120031237602
0.5,15,1.0,3800,0.010521680116653442
0.5,15,1.0,4000,0.012366097420454025
0.5,15,1.0,4200,0.013128221966326237
0.5,15,1.0,4400,0.012864689342677593
0.5,15,1.0,4600,0.009760229848325253
0.5,15,1.0,4800,0.012528430670499802
0.5,15,1.0,5000,0.007129722740501165
0.5,15,1.0,5200,0.007310894783586264
0.5,15,1.0,5400,0.0067380876280367374
0.5,15,1.0,5600,0.00828919094055891
0.5,15,1.0,5800,0.007346936501562595
0.5,15,1.0,6000,0.008878554217517376
0.5,15,1.0,6200,0.009598201140761375
0.5,15,1.0,6400,0.004564582370221615
0.5,15,1.0,6600,0.0058362605050206184
0.5,15,1.0,6800,0.0054505919106304646
0.5,15,1.0,7000,0.00828499998897314
0.5,15,1.0,7200,0.007234091404825449
0.5,15,1.0,7400,0.007490475196391344
0.5,15,1.0,7600,0.004624384455382824
0.5,15,1.0,7800,0.005981543567031622
0.5,15,1.0,7999,0.006852712482213974
0.5,15,3.0,0,0.03682509437203407
0.5,15,3.0,200,0.0383288711309433
0.5,15,3.0,400,0.03350801020860672
0.5,15,3.0,600,0.025827739387750626
0.5,15,3.0,800,0.02563287876546383
0.5,15,3.0,1000,0.023121243342757225
0.5,15,3.0,1200,0.018519841134548187
0.5,15,3.0,1400,0.01765822060406208
0.5,15,3.0,1600,0.016827771440148354
0.5,15,3.0,1800,0.018331121653318405
0.5,15,3.0,2000,0.018950093537569046
0.5,15,3.0,2200,0.016467858105897903
0.5,15,3.0,2400,0.013488615863025188
0.5,15,3.0,2600,0.0148478327319026
0.5,15,3.0,2800,0.01175920944660902
0.5,15,3.0,3000,0.013248216360807419
0.5,15,3.0,3200,0.013266419060528278
0.5,15,3.0,3400,0.01313078124076128
0.5,15,3.0,3600,0.012819930911064148
0.5,15,3.0,3800,0.011590493842959404
0.5,15,3.0,4000,0.0096558453515172
0.5,15,3.0,4200,0.012380538508296013
0.5,15,3.0,4400,0.009720901027321815
0.5,15,3.0,4600,0.009883702732622623
0.5,15,3.0,4800,0.01273758988827467
0.5,15,3.0,5000,0.008495798334479332
0.5,15,3.0,5200,0.007387595251202583
0.5,15,3.0,5400,0.00780530646443367
0.5,15,3.0,5600,0.005337520502507687
0.5,15,3.0,5800,0.009400678798556328
0.5,15,3.0,6000,0.009943361394107342
0.5,15,3.0,6200,0.0106125483289361
0.5,15,3.0,6400,0.0073542604222893715
0.5,15,3.0,6600,0.0061232224106788635
0.5,15,3.0,6800,0.007061634678393602
0.5,15,3.0,7000,0.009987901896238327
0.5,15,3.0,7200,0.007165680173784494
0.5,15,3.0,7400,0.007724825758486986
0.5,15,3.0,7600,0.007102207746356726
0.5,15,3.0,7800,0.008822630159556866
0.5,15,3.0,7999,0.003998560830950737
0.5,15,8.0,0,0.036533940583467484
0.5,15,8.0,200,0.041192516684532166
0.5,15,8.0,400,0.02946566231548786
0.5,15,8.0,600,0.030443578958511353
0.5,15,8.0,800,0.023728733882308006
0.5,15,8.0,1000,0.022221127524971962
0.5,15,8.0,1200,0.019411340355873108
0.5,15,8.0,1400,0.01766122505068779
0.5,15,8.0,1600,0.01878262870013714
0.5,15,8.0,1800,0.02229742519557476
0.5,15,8.0,2000,0.015457557514309883
0.5,15,8.0,2200,0.01923907920718193
0.5,15,8.0,2400,0.017594749107956886
0.5,15,8.0,2600,0.013363775797188282
0.5,15,8.0,2800,0.012962112203240395
0.5,15,8.0,3000,0.009646529331803322
0.5,15,8.0,3200,0.009929580613970757
0.5,15,8.0,3400,0.009396405890583992
0.5,15,8.0,3600,0.00821034424006939
0.5,15,8.0,3800,0.009008961729705334
0.5,15,8.0,4000,0.010825837962329388
0.5,15,8.0,4200,0.010637301951646805
0.5,15,8.0,4400,0.011881834827363491
0.5,15,8.0,4600,0.009790293872356415
0.5,15,8.0,4800,0.012253026477992535
0.5,15,8.0,5000,0.009811720810830593
0.5,15,8.0,5200,0.010566542856395245
0.5,15,8.0,5400,0.011859945952892303
0.5,15,8.0,5600,0.010282902047038078
0.5,15,8.0,5800,0.00903791468590498
0.5,15,8.0,6000,0.010107291862368584
0.5,15,8.0,6200,0.009229573421180248
0.5,15,8.0,6400,0.008758731186389923
0.5,15,8.0,6600,0.011386997066438198
0.5,15,8.0,6800,0.009285115636885166
0.5,15,8.0,7000,0.007598686497658491
0.5,15,8.0,7200,0.007163630798459053
0.5,15,8.0,7400,0.00776594178751111
0.5,15,8.0,7600,0.009276136755943298
0.5,15,8.0,7800,0.006067629437893629
0.5,15,8.0,7999,0.00634280638769269
0.5,20,1.0,0,0.05334922671318054
0.5,20,1.0,200,0.01184934750199318
0.5,20,1.0,400,0.007977093569934368
0.5,20,1.0,600,0.007172988262027502
0.5,20,1.0,800,0.006548846140503883
0.5,20,1.0,1000,0.00570888863876462
0.5,20,1.0,1200,0.004827503114938736
0.5,20,1.0,1400,0.004757243674248457
0.5,20,1.0,1600,0.006394349969923496
0.5,20,1.0,1800,0.004223909229040146
0.5,20,1.0,2000,0.0054999147541821
0.5,20,1.0,2200,0.004778914153575897
0.5,20,1.0,2400,0.007878230884671211
0.5,20,1.0,2600,0.005012725479900837
0.5,20,1.0,2800,0.003831916255876422
0.5,20,1.0,3000,0.005055796355009079
0.5,20,1.0,3200,0.00306000467389822
0.5,20,1.0,3400,0.0049898442812263966
0.5,20,1.0,3600,0.005401133093982935
0.5,20,1.0,3800,0.004260425455868244
0.5,20,1.0,4000,0.004518710542470217
0.5,20,1.0,4200,0.005403816234320402
0.5,20,1.0,4400,0.004247628152370453
0.5,20,1.0,4600,0.006077814847230911
0.5,20,1.0,4800,0.003820953192189336
0.5,20,1.0,5000,0.004412618465721607
0.5,20,1.0,5200,0.004791902378201485
0.5,20,1.0,5400,0.00424657016992569
0.5,20,1.0,5600,0.004200880881398916
0.5,20,1.0,5800,0.0038147454615682364
0.5,20,1.0,6000,0.0035462661180645227
0.5,20,1.0,6200,0.0064524332992732525
0.5,20,1.0,6400,0.00512015400454402
0.5,20,1.0,6600,0.003529948415234685
0.5,20,1.0,6800,0.004524084273725748
0.5,20,1.0,7000,0.0043221041560173035
0.5,20,1.0,7200,0.0018633075524121523
0.5,20,1.0,7400,0.004390775691717863
0.5,20,1.0,7600,0.0031244144774973392
0.5,20,1.0,7800,0.0034776285756379366
0.5,20,1.0,7999,0.002606835914775729
0.5,20,3.0,0,0.053538717329502106
0.5,20,3.0,200,0.009490793570876122
0.5,20,3.0,400,0.00712587172165513
0.5,20,3.0,600,0.005586782470345497
0.5,20,3.0,800,0.005590707529336214
0.5,20,3.0,1000,0.004997381940484047
0.5,20,3.0,1200,0.004359094426035881
0.5,20,3.0,1400,0.004794172011315823
0.5,20,3.0,1600,0.006301515735685825
0.5,20,3.0,1800,0.005546777043491602
0.5,20,3.0,2000,0.006025427486747503
0.5,20,3.0,2200,0.004189693368971348
0.5,20,3.0,2400,0.006583681795746088
0.5,20,3.0,2600,0.004883184563368559
0.5,20,3.0,2800,0.005498214159160852
0.5,20,3.0,3000,0.0033693627920001745
0.5,20,3.0,3200,0.0040772161446511745
0.5,20,3.0,3400,0.005415032152086496
0.5,20,3.0,3600,0.004552721977233887
0.5,20,3.0,3800,0.0051666442304849625
0.5,20,3.0,4000,0.005076841451227665
0.5,20,3.0,4200,0.006566696334630251
0.5,20,3.0,4400,0.004047144670039415
0.5,20,3.0,4600,0.0034752257633954287
0.5,20,3.0,4800,0.006073821801692247
0.5,20,3.0,5000,0.005125968251377344
0.5,20,3.0,5200,0.004599799867719412
0.5,20,3.0,5400,0.003080022055655718
0.5,20,3.0,5600,0.004811632446944714
0.5,20,3.0,5800,0.004711566958576441
0.5,20,3.0,6000,0.005860245320945978
0.5,20,3.0,6200,0.0034152292646467686
0.5,20,3.0,6400,0.001579510746523738
0.5,20,3.0,6600,0.0041765146888792515
0.5,20,3.0,6800,0.003747127950191498
0.5,20,3.0,7000,0.002577468752861023
0.5,20,3.0,7200,0.004697287455201149
0.5,20,3.0,7400,0.0041449046693742275
0.5,20,3.0,7600,0.004763064906001091
0.5,20,3.0,7800,0.0026690925005823374
0.5,20,3.0,7999,0.006364862900227308
0.5,20,8.0,0,0.053657952696084976
0.5,20,8.0,200,0.010076510719954967
0.5,20,8.0,400,0.005602682940661907
0.5,20,8.0,600,0.007627061102539301
0.5,20,8.0,800,0.004196622408926487
0.5,20,8.0,1000,0.004383301828056574
0.5,20,8.0,1200,0.006701847072690725
0.5,20,8.0,1400,0.006896305829286575
0.5,20,8.0,1600,0.00429568300023675
0.5,20,8.0,1800,0.0093458890914917
0.5,20,8.0,2000,0.0053145247511565685
0.5,20,8.0,2200,0.005313130095601082
0.5,20,8.0,2400,0.004267753101885319
0.5,20,8.0,2600,0.0061960238963365555
0.5,20,8.0,2800,0.006561230402439833
0.5,20,8.0,3000,0.0040045143105089664
0.5,20,8.0,3200,0.0065168594010174274
0.5,20,8.0,3400,0.004659566562622786
0.5,20,8.0,3600,0.00719408318400383
0.5,20,8.0,3800,0.00461640115827322
0.5,20,8.0,4000,0.004083401057869196
0.5,20,8.0,4200,0.0059083024971187115
0.5,20,8.0,4400,0.005458928178995848
0.5,20,8.0,4600,0.006523742340505123
0.5,20,8.0,4800,0.005742604844272137
0.5,20,8.0,5000,0.0038201604038476944
0.5,20,8.0,5200,0.0038960366509854794
0.5,20,8.0,5400,0.005330443847924471
0.5,20,8.0,5600,0.004537233151495457
0.5,20,8.0,5800,0.004548804368823767
0.5,20,8.0,6000,0.003295887727290392
0.5,20,8.0,6200,0.004362158011645079
0.5,20,8.0,6400,0.003920926246792078
0.5,20,8.0,6600,0.00408469932153821
0.5,20,8.0,6800,0.0031056953594088554
0.5,20,8.0,7000,0.00370615697465837
0.5,20,8.0,7200,0.004451366141438484
0.5,20,8.0,7400,0.004493992310017347
0.5,20,8.0,7600,0.0051987990736961365
0.5,20,8.0,7800,0.004648244474083185
0.5,20,8.0,7999,0.004906374495476484
0.5,25,1.0,0,0.035711709409952164
0.5,25,1.0,200,0.007286976557224989
0.5,25,1.0,400,0.008458121679723263
0.5,25,1.0,600,0.004380898084491491
0.5,25,1.0,800,0.007117836736142635
0.5,25,1.0,1000,0.005177483428269625
0.5,25,1.0,1200,0.004868851974606514
0.5,25,1.0,1400,0.005081267096102238
0.5,25,1.0,1600,0.005864998791366816
0.5,25,1.0,1800,0.0028333484660834074
0.5,25,1.0,2000,0.003777565434575081
0.5,25,1.0,2200,0.005831175018101931
0.5,25,1.0,2400,0.006401084363460541
0.5,25,1.0,2600,0.004778989590704441
0.5,25,1.0,2800,0.007100651040673256
0.5,25,1.0,3000,0.002537420019507408
0.5,25,1.0,3200,0.005159583408385515
0.5,25,1.0,3400,0.004343052394688129
0.5,25,1.0,3600,0.004967583809047937
0.5,25,1.0,3800,0.005054346285760403
0.5,25,1.0,4000,0.005659046117216349
0.5,25,1.0,4200,0.003599403193220496
0.5,25,1.0,4400,0.00491694500669837
0.5,25,1.0,4600,0.0029306565411388874
0.5,25,1.0,4800,0.004217589274048805
0.5,25,1.0,5000,0.0030943844467401505
0.5,25,1.0,5200,0.003068417776376009
0.5,25,1.0,5400,0.004332675598561764
0.5,25,1.0,5600,0.003989357501268387
0.5,25,1.0,5800,0.005969976540654898
0.5,25,1.0,6000,0.005471860058605671
0.5,25,1.0,6200,0.004413371440023184
0.5,25,1.0,6400,0.005191180855035782
0.5,25,1.0,6600,0.00557591812685132
0.5,25,1.0,6800,0.004670920316129923
0.5,25,1.0,7000,0.004805265460163355
0.5,25,1.0,7200,0.006124973762780428
0.5,25,1.0,7400,0.0028127608820796013
0.5,25,1.0,7600,0.003748295595869422
0.5,25,1.0,7800,0.004607096780091524
0.5,25,1.0,7999,0.00631095701828599
0.5,25,3.0,0,0.03626704588532448
0.5,25,3.0,200,0.009667260572314262
0.5,25,3.0,400,0.007018646690994501
0.5,25,3.0,600,0.007899722084403038
0.5,25,3.0,800,0.006588025949895382
0.5,25,3.0,1000,0.007924619130790234
0.5,25,3.0,1200,0.0048268865793943405
0.5,25,3.0,1400,0.004268860910087824
0.5,25,3.0,1600,0.007531472481787205
0.5,25,3.0,1800,0.005281261168420315
0.5,25,3.0,2000,0.005499192047864199
0.5,25,3.0,2200,0.0075279464945197105
0.5,25,3.0,2400,0.006217432674020529
0.5,25,3.0,2600,0.008220704272389412
0.5,25,3.0,2800,0.005133999977260828
0.5,25,3.0,3000,0.003976047039031982
0.5,25,3.0,3200,0.006733679678291082
0.5,25,3.0,3400,0.0050986455753445625
0.5,25,3.0,3600,0.0060219778679311275
0.5,25,3.0,3800,0.00520846014842391
0.5,25,3.0,4000,0.007537464145570993
0.5,25,3.0,4200,0.006310020573437214
0.5,25,3.0,4400,0.005402750801295042
0.5,25,3.0,4600,0.006577241700142622
0.5,25,3.0,4800,0.005371510982513428
0.5,25,3.0,5000,0.004374096170067787
0.5,25,3.0,5200,0.004311412572860718
0.5,25,3.0,5400,0.005335583351552486
0.5,25,3.0,5600,0.005196460522711277
0.5,25,3.0,5800,0.006585289724171162
0.5,25,3.0,6000,0.004935421980917454
0.5,25,3.0,6200,0.005270026158541441
0.5,25,3.0,6400,0.0029999304097145796
0.5,25,3.0,6600,0.006426985841244459
0.5,25,3.0,6800,0.006270938087254763
0.5,25,3.0,7000,0.004353552125394344
0.5,25,3.0,7200,0.005446214694529772
0.5,25,3.0,7400,0.004892467055469751
0.5,25,3.0,7600,0.005406233482062817
0.5,25,3.0,7800,0.005030195694416761
0.5,25,3.0,7999,0.005100540816783905
0.5,25,8.0,0,0.036822207272052765
0.5,25,8.0,200,0.007637916598469019
0.5,25,8.0,400,0.00691608153283596
0.5,25,8.0,600,0.006003233604133129
0.5,25,8.0,800,0.008406906388700008
0.5,25,8.0,1000,0.006714446470141411
0.5,25,8.0,1200,0.0056090145371854305
0.5,25,8.0,1400,0.0065063233487308025
0.5,25,8.0,1600,0.00581768061965704
0.5,25,8.0,1800,0.00683644600212574
0.5,25,8.0,2000,0.007672036066651344
0.5,25,8.0,2200,0.005491473712027073
0.5,25,8.0,2400,0.0044763945043087006
0.5,25,8.0,2600,0.005209818482398987
0.5,25,8.0,2800,0.005637722555547953
0.5,25,8.0,3000,0.004667855799198151
0.5,25,8.0,3200,0.00593683822080493
0.5,25,8.0,3400,0.006898133084177971
0.5,25,8.0,3600,0.004672161303460598
0.5,25,8.0,3800,0.005460022017359734
0.5,25,8.0,4000,0.003942533861845732
0.5,25,8.0,4200,0.006693691480904818
0.5,25,8.0,4400,0.005520585458725691
0.5,25,8.0,4600,0.007551184389740229
0.5,25,8.0,4800,0.007814000360667706
0.5,25,8.0,5000,0.006382967345416546
0.5,25,8.0,5200,0.0038395673036575317
0.5,25,8.0,5400,0.01005218643695116
0.5,25,8.0,5600,0.005526382941752672
0.5,25,8.0,5800,0.006419413257390261
0.5,25,8.0,6000,0.004934821277856827
0.5,25,8.0,6200,0.005705006420612335
0.5,25,8.0,6400,0.004664617590606213
0.5,25,8.0,6600,0.004740105010569096
0.5,25,8.0,6800,0.0060793692246079445
0.5,25,8.0,7000,0.013496394269168377
0.5,25,8.0,7200,0.004759735893458128
0.5,25,8.0,7400,0.005189398769289255
0.5,25,8.0,7600,0.004137463867664337
0.5,25,8.0,7800,0.007960638031363487
0.5,25,8.0,7999,0.0029138396494090557
0.5,30,1.0,0,0.03373435512185097
0.5,30,1.0,200,0.022157786414027214
0.5,30,1.0,400,0.010465956293046474
0.5,30,1.0,600,0.006845355499535799
0.5,30,1.0,800,0.006199508439749479
0.5,30,1.0,1000,0.006428242661058903
0.5,30,1.0,1200,0.006047343369573355
0.5,30,1.0,1400,0.008290275000035763
0.5,30,1.0,1600,0.007290479261428118
0.5,30,1.0,1800,0.005047603510320187
0.5,30,1.0,2000,0.0052699558436870575
0.5,30,1.0,2200,0.005512075964361429
0.5,30,1.0,2400,0.004145246930420399
0.5,30,1.0,2600,0.005039593670517206
0.5,30,1.0,2800,0.005348429083824158
0.5,30,1.0,3000,0.007120685186237097
0.5,30,1.0,3200,0.003556986805051565
0.5,30,1.0,3400,0.005043883342295885
0.5,30,1.0,3600,0.00444247480481863
0.5,30,1.0,3800,0.004188275896012783
0.5,30,1.0,4000,0.003937610425055027
0.5,30,1.0,4200,0.0038786581717431545
0.5,30,1.0,4400,0.0056771170347929
0.5,30,1.0,4600,0.00315467338077724
0.5,30,1.0,4800,0.004337389022111893
0.5,30,1.0,5000,0.003211498260498047
0.5,30,1.0,5200,0.004154630936682224
0.5,30,1.0,5400,0.005019314121454954
0.5,30,1.0,5600,0.0037217270582914352
0.5,30,1.0,5800,0.0034118839539587498
0.5,30,1.0,6000,0.00486771622672677
0.5,30,1.0,6200,0.00522782513871789
0.5,30,1.0,6400,0.002896019723266363
0.5,30,1.0,6600,0.004257537890225649
0.5,30,1.0,6800,0.0037302032578736544
0.5,30,1.0,7000,0.003430709009990096
0.5,30,1.0,7200,0.0037062393967062235
0.5,30,1.0,7400,0.00520901195704937
0.5,30,1.0,7600,0.006548518314957619
0.5,30,1.0,7800,0.00367442867718637
0.5,30,1.0,7999,0.003436808940023184
0.5,30,3.0,0,0.03410178795456886
0.5,30,3.0,200,0.015873108059167862
0.5,30,3.0,400,0.011211561039090157
0.5,30,3.0,600,0.009209799580276012
0.5,30,3.0,800,0.00704951724037528
0.5,30,3.0,1000,0.006365697365254164
0.5,30,3.0,1200,0.006957168225198984
0.5,30,3.0,1400,0.0065002902410924435
0.5,30,3.0,1600,0.007291008718311787
0.5,30,3.0,1800,0.006904958747327328
0.5,30,3.0,2000,0.0062474957667291164
0.5,30,3.0,2200,0.004378810990601778
0.5,30,3.0,2400,0.005378424189984798
0.5,30,3.0,2600,0.006315362639725208
0.5,30,3.0,2800,0.004937693942338228
0.5,30,3.0,3000,0.0061875213868916035
0.5,30,3.0,3200,0.00586808891966939
0.5,30,3.0,3400,0.004400093574076891
0.5,30,3.0,3600,0.0028065901715308428
0.5,30,3.0,3800,0.0054162065498530865
0.5,30,3.0,4000,0.003324246732518077
0.5,30,3.0,4200,0.0038147661834955215
0.5,30,3.0,4400,0.004344787448644638
0.5,30,3.0,4600,0.00402306392788887
0.5,30,3.0,4800,0.00412684865295887
0.5,30,3.0,5000,0.0063126361928880215
0.5,30,3.0,5200,0.0039033410139381886
0.5,30,3.0,5400,0.003920285031199455
0.5,30,3.0,5600,0.004008962772786617
0.5,30,3.0,5800,0.0037701509427279234
0.5,30,3.0,6000,0.0043855588883161545
0.5,30,3.0,6200,0.003740626620128751
0.5,30,3.0,6400,0.0030980356968939304
0.5,30,3.0,6600,0.0032383310608565807
0.5,30,3.0,6800,0.004055630881339312
0.5,30,3.0,7000,0.004027148708701134
0.5,30,3.0,7200,0.0043869465589523315
0.5,30,3.0,7400,0.006455715280026197
0.5,30,3.0,7600,0.00587937468662858
0.5,30,3.0,7800,0.006406215950846672
0.5,30,3.0,7999,0.005994426552206278
0.5,30,8.0,0,0.032941050827503204
0.5,30,8.0,200,0.01681928150355816
0.5,30,8.0,400,0.011113425716757774
0.5,30,8.0,600,0.009011032991111279
0.5,30,8.0,800,0.008299793116748333
0.5,30,8.0,1000,0.007969635538756847
0.5,30,8.0,1200,0.00618883827701211
0.5,30,8.0,1400,0.0030334615148603916
0.5,30,8.0,1600,0.004815687425434589
0.5,30,8.0,1800,0.005934260319918394
0.5,30,8.0,2000,0.004574843682348728
0.5,30,8.0,2200,0.006101186852902174
0.5,30,8.0,2400,0.003971097990870476
0.5,30,8.0,2600,0.0054770223796367645
0.5,30,8.0,2800,0.005714298691600561
0.5,30,8.0,3000,0.004729128442704678
0.5,30,8.0,3200,0.004275466315448284
0.5,30,8.0,3400,0.005389439407736063
0.5,30,8.0,3600,0.004836001433432102
0.5,30,8.0,3800,0.007209229748696089
0.5,30,8.0,4000,0.004279651679098606
0.5,30,8.0,4200,0.004313306417316198
0.5,30,8.0,4400,0.004045202862471342
0.5,30,8.0,4600,0.00480406591668725
0.5,30,8.0,4800,0.002965123625472188
0.5,30,8.0,5000,0.0054832627065479755
0.5,30,8.0,5200,0.005356345325708389
0.5,30,8.0,5400,0.003865867154672742
0.5,30,8.0,5600,0.00203345506452024
0.5,30,8.0,5800,0.004075680393725634
0.5,30,8.0,6000,0.0022026426158845425
0.5,30,8.0,6200,0.004047484137117863
0.5,30,8.0,6400,0.003955318592488766
0.5,30,8.0,6600,0.006526659708470106
0.5,30,8.0,6800,0.0024595505092293024
0.5,30,8.0,7000,0.0029785134829580784
0.5,30,8.0,7200,0.003646570025011897
0.5,30,8.0,7400,0.003536712843924761
0.5,30,8.0,7600,0.004820149391889572
0.5,30,8.0,7800,0.0034265785943716764
0.5,30,8.0,7999,0.00601063622161746
0.5,35,1.0,0,0.038951508700847626
0.5,35,1.0,200,0.008185846731066704
0.5,35,1.0,400,0.005829251371324062
0.5,35,1.0,600,0.004532727878540754
0.5,35,1.0,800,0.0041566709987819195
0.5,35,1.0,1000,0.004389145877212286
0.5,35,1.0,1200,0.004188670311123133
0.5,35,1.0,1400,0.004361813422292471
0.5,35,1.0,1600,0.0026902982499450445
0.5,35,1.0,1800,0.005257482640445232
0.5,35,1.0,2000,0.0038029877468943596
0.5,35,1.0,2200,0.004230334889143705
0.5,35,1.0,2400,0.004490468185395002
0.5,35,1.0,2600,0.0034008666407316923
0.5,35,1.0,2800,0.0033309024292975664
0.5,35,1.0,3000,0.004050901625305414
0.5,35,1.0,3200,0.0038161338306963444
0.5,35,1.0,3400,0.0038978001102805138
0.5,35,1.0,3600,0.002935214899480343
0.5,35,1.0,3800,0.0037299662362784147
0.5,35,1.0,4000,0.002917342120781541
0.5,35,1.0,4200,0.002981857629492879
0.5,35,1.0,4400,0.004611659795045853
0.5,35,1.0,4600,0.0022059560287743807
0.5,35,1.0,4800,0.003104548901319504
0.5,35,1.0,5000,0.003937364090234041
0.5,35,1.0,5200,0.004135878290981054
0.5,35,1.0,5400,0.0038938676007092
0.5,35,1.0,5600,0.0028687852900475264
0.5,35,1.0,5800,0.0031330804340541363
0.5,35,1.0,6000,0.00419177021831274
0.5,35,1.0,6200,0.0060701509937644005
0.5,35,1.0,6400,0.0037267408333718777
0.5,35,1.0,6600,0.004402408376336098
0.5,35,1.0,6800,0.0046037305146455765
0.5,35,1.0,7000,0.0033558597788214684
0.5,35,1.0,7200,0.003149153897538781
0.5,35,1.0,7400,0.002839671215042472
0.5,35,1.0,7600,0.0026896956842392683
0.5,35,1.0,7800,0.0015779928071424365
0.5,35,1.0,7999,0.004301278851926327
0.5,35,3.0,0,0.03923500329256058
0.5,35,3.0,200,0.005432900041341782
0.5,35,3.0,400,0.005763928405940533
0.5,35,3.0,600,0.004596224054694176
0.5,35,3.0,800,0.0058373878709971905
0.5,35,3.0,1000,0.004677923396229744
0.5,35,3.0,1200,0.004591638687998056
0.5,35,3.0,1400,0.006885474547743797
0.5,35,3.0,1600,0.003520025173202157
0.5,35,3.0,1800,0.004702282138168812
0.5,35,3.0,2000,0.004292347468435764
0.5,35,3.0,2200,0.0034175512846559286
0.5,35,3.0,2400,0.005517847370356321
0.5,35,3.0,2600,0.003884880105033517
0.5,35,3.0,2800,0.004048131871968508
0.5,35,3.0,3000,0.0031313071958720684
0.5,35,3.0,3200,0.002826923271641135
0.5,35,3.0,3400,0.004454561043530703
0.5,35,3.0,3600,0.005163194611668587
0.5,35,3.0,3800,0.0033312011510133743
0.5,35,3.0,4000,0.003380599431693554
0.5,35,3.0,4200,0.0031676620710641146
0.5,35,3.0,4400,0.004005384631454945
0.5,35,3.0,4600,0.0033345494884997606
0.5,35,3.0,4800,0.0033419691026210785
0.5,35,3.0,5000,0.004986881744116545
0.5,35,3.0,5200,0.005231213755905628
0.5,35,3.0,5400,0.003347374964505434
0.5,35,3.0,5600,0.00493493489921093
0.5,35,3.0,5800,0.004325613379478455
0.5,35,3.0,6000,0.003967797849327326
0.5,35,3.0,6200,0.0034375982359051704
0.5,35,3.0,6400,0.004295151215046644
0.5,35,3.0,6600,0.003731786971911788
0.5,35,3.0,6800,0.0025947021786123514
0.5,35,3.0,7000,0.0027447701431810856
0.5,35,3.0,7200,0.004901631735265255
0.5,35,3.0,7400,0.002280743792653084
0.5,35,3.0,7600,0.002351299161091447
0.5,35,3.0,7800,0.0029127763118594885
0.5,35,3.0,7999,0.0035674585960805416
0.5,35,8.0,0,0.03888849914073944
0.5,35,8.0,200,0.008525132201611996
0.5,35,8.0,400,0.005160944536328316
0.5,35,8.0,600,0.004615567158907652
0.5,35,8.0,800,0.005952938459813595
0.5,35,8.0,1000,0.006521880626678467
0.5,35,8.0,1200,0.004785735625773668
0.5,35,8.0,1400,0.005003000143915415
0.5,35,8.0,1600,0.006768626626580954
0.5,35,8.0,1800,0.004213919397443533
0.5,35,8.0,2000,0.0037393118254840374
0.5,35,8.0,2200,0.003673416329547763
0.5,35,8.0,2400,0.004776432178914547
0.5,35,8.0,2600,0.004045912530273199
0.5,35,8.0,2800,0.005070147570222616
0.5,35,8.0,3000,0.004320977721363306
0.5,35,8.0,3200,0.0035343198105692863
0.5,35,8.0,3400,0.0049659330397844315
0.5,35,8.0,3600,0.0026371399872004986
0.5,35,8.0,3800,0.0046012429520487785
0.5,35,8.0,4000,0.004658827558159828
0.5,35,8.0,4200,0.004366269800812006
0.5,35,8.0,4400,0.003926601726561785
0.5,35,8.0,4600,0.00319812074303627
0.5,35,8.0,4800,0.003288750071078539
0.5,35,8.0,5000,0.003039708361029625
0.5,35,8.0,5200,0.0026136471424251795
0.5,35,8.0,5400,0.002655808813869953
0.5,35,8.0,5600,0.003124005626887083
0.5,35,8.0,5800,0.0043924408964812756
0.5,35,8.0,6000,0.004258725326508284
0.5,35,8.0,6200,0.0034132935106754303
0.5,35,8.0,6400,0.004019108600914478
0.5,35,8.0,6600,0.003486565314233303
0.5,35,8.0,6800,0.0037811000365763903
0.5,35,8.0,7000,0.0041489023715257645
0.5,35,8.0,7200,0.0021430549677461386
0.5,35,8.0,7400,0.004057497251778841
0.5,35,8.0,7600,0.0027019488625228405
0.5,35,8.0,7800,0.002229851670563221
0.5,35,8.0,7999,0.004255460575222969
0.5,40,1.0,0,0.04991026967763901
0.5,40,1.0,200,0.006170925684273243
0.5,40,1.0,400,0.00704710278660059
0.5,40,1.0,600,0.0046505918726325035
0.5,40,1.0,800,0.007950025610625744
0.5,40,1.0,1000,0.003989586606621742
0.5,40,1.0,1200,0.004725371487438679
0.5,40,1.0,1400,0.004860725253820419
0.5,40,1.0,1600,0.004997848067432642
0.5,40,1.0,1800,0.0035296278074383736
0.5,40,1.0,2000,0.0033867897000163794
0.5,40,1.0,2200,0.005586050916463137
0.5,40,1.0,2400,0.004733665846288204
0.5,40,1.0,2600,0.00436702836304903
0.5,40,1.0,2800,0.004305546171963215
0.5,40,1.0,3000,0.002527206903323531
0.5,40,1.0,3200,0.004309611860662699
0.5,40,1.0,3400,0.0037287313025444746
0.5,40,1.0,3600,0.004171169362962246
0.5,40,1.0,3800,0.0035196845419704914
0.5,40,1.0,4000,0.0056714992970228195
0.5,40,1.0,4200,0.00441743852570653
0.5,40,1.0,4400,0.004249318037182093
0.5,40,1.0,4600,0.0029455998446792364
0.5,40,1.0,4800,0.007050668355077505
0.5,40,1.0,5000,0.0038505597040057182
0.5,40,1.0,5200,0.002798636443912983
0.5,40,1.0,5400,0.004805419128388166
0.5,40,1.0,5600,0.0034332983195781708
0.5,40,1.0,5800,0.004591125529259443
0.5,40,1.0,6000,0.002981809666380286
0.5,40,1.0,6200,0.004348882474005222
0.5,40,1.0,6400,0.005027507897466421
0.5,40,1.0,6600,0.0019881254993379116
0.5,40,1.0,6800,0.0038241364527493715
0.5,40,1.0,7000,0.004055919125676155
0.5,40,1.0,7200,0.004410237539559603
0.5,40,1.0,7400,0.004094262607395649
0.5,40,1.0,7600,0.0027366767171770334
0.5,40,1.0,7800,0.004157193936407566
0.5,40,1.0,7999,0.003985276911407709
0.5,40,3.0,0,0.05118362978100777
0.5,40,3.0,200,0.008446797728538513
0.5,40,3.0,400,0.005318512674421072
0.5,40,3.0,600,0.006442746613174677
0.5,40,3.0,800,0.005977259017527103
0.5,40,3.0,1000,0.005136372521519661
0.5,40,3.0,1200,0.005834128707647324
0.5,40,3.0,1400,0.0043840566650033
0.5,40,3.0,1600,0.00432194210588932
0.5,40,3.0,1800,0.005751647055149078
0.5,40,3.0,2000,0.006364431232213974
0.5,40,3.0,2200,0.004302196204662323
0.5,40,3.0,2400,0.003636369714513421
0.5,40,3.0,2600,0.006167265120893717
0.5,40,3.0,2800,0.006839328911155462
0.5,40,3.0,3000,0.004055829253047705
0.5,40,3.0,3200,0.002935312455520034
0.5,40,3.0,3400,0.0056436555460095406
0.5,40,3.0,3600,0.0032987191807478666
0.5,40,3.0,3800,0.004432321526110172
0.5,40,3.0,4000,0.00384384929202497
0.5,40,3.0,4200,0.004028944298624992
0.5,40,3.0,4400,0.004560453817248344
0.5,40,3.0,4600,0.004188884515315294
0.5,40,3.0,4800,0.004326195456087589
0.5,40,3.0,5000,0.009080016985535622
0.5,40,3.0,5200,0.0033170708920806646
0.5,40,3.0,5400,0.005346302874386311
0.5,40,3.0,5600,0.00565490173175931
0.5,40,3.0,5800,0.003954226151108742
0.5,40,3.0,6000,0.004686680622398853
0.5,40,3.0,6200,0.004699804354459047
0.5,40,3.0,6400,0.004155503585934639
0.5,40,3.0,6600,0.004993847105652094
0.5,40,3.0,6800,0.0025253749918192625
0.5,40,3.0,7000,0.005539590958505869
0.5,40,3.0,7200,0.0033092827070504427
0.5,40,3.0,7400,0.0036885307636111975
0.5,40,3.0,7600,0.003928661812096834
0.5,40,3.0,7800,0.005895679816603661
0.5,40,3.0,7999,0.002409863518550992
0.5,40,8.0,0,0.05166511610150337
0.5,40,8.0,200,0.00873849168419838
0.5,40,8.0,400,0.005913435947149992
0.5,40,8.0,600,0.006918236613273621
0.5,40,8.0,800,0.008198431693017483
0.5,40,8.0,1000,0.006451041903346777
0.5,40,8.0,1200,0.006246381439268589
0.5,40,8.0,1400,0.004854826256632805
0.5,40,8.0,1600,0.005714272148907185
0.5,40,8.0,1800,0.007553120609372854
0.5,40,8.0,2000,0.003884448204189539
0.5,40,8.0,2200,0.00662568025290966
0.5,40,8.0,2400,0.005683581810444593
0.5,40,8.0,2600,0.005419600289314985
0.5,40,8.0,2800,0.00687557365745306
0.5,40,8.0,3000,0.006360380444675684
0.5,40,8.0,3200,0.00358339655213058
0.5,40,8.0,3400,0.004588523879647255
0.5,40,8.0,3600,0.006595190614461899
0.5,40,8.0,3800,0.0059511661529541016
0.5,40,8.0,4000,0.0044682989828288555
0.5,40,8.0,4200,0.004516689106822014
0.5,40,8.0,4400,0.004691439215093851
0.5,40,8.0,4600,0.006320527289062738
0.5,40,8.0,4800,0.0021786794532090425
0.5,40,8.0,5000,0.004623069427907467
0.5,40,8.0,5200,0.0052243564277887344
0.5,40,8.0,5400,0.004137613344937563
0.5,40,8.0,5600,0.0027850994374603033
0.5,40,8.0,5800,0.005330228712409735
0.5,40,8.0,6000,0.004303085617721081
0.5,40,8.0,6200,0.0025899976026266813
0.5,40,8.0,6400,0.0052159689366817474
0.5,40,8.0,6600,0.004263264127075672
0.5,40,8.0,6800,0.004054612945765257
0.5,40,8.0,7000,0.004571929574012756
0.5,40,8.0,7200,0.0033717805054038763
0.5,40,8.0,7400,0.005104737356305122
0.5,40,8.0,7600,0.003067217767238617
0.5,40,8.0,7800,0.006869949400424957
0.5,40,8.0,7999,0.004032682627439499
0.5,45,1.0,0,0.032332584261894226
0.5,45,1.0,200,0.011661645025014877
0.5,45,1.0,400,0.005701545625925064
0.5,45,1.0,600,0.004986354149878025
0.5,45,1.0,800,0.0072555229999125
0.5,45,1.0,1000,0.005576589610427618
0.5,45,1.0,1200,0.007607846986502409
0.5,45,1.0,1400,0.00617141742259264
0.5,45,1.0,1600,0.004769166000187397
0.5,45,1.0,1800,0.00533336354419589
0.5,45,1.0,2000,0.004816623870283365
0.5,45,1.0,2200,0.00533887417986989
0.5,45,1.0,2400,0.004334986209869385
0.5,45,1.0,2600,0.0049467384815216064
0.5,45,1.0,2800,0.006468319799751043
0.5,45,1.0,3000,0.0059307049959897995
0.5,45,1.0,3200,0.0036560685839504004
0.5,45,1.0,3400,0.005666999612003565
0.5,45,1.0,3600,0.004413515795022249
0.5,45,1.0,3800,0.0047734519466757774
0.5,45,1.0,4000,0.004394755698740482
0.5,45,1.0,4200,0.003345411503687501
0.5,45,1.0,4400,0.005383477080613375
0.5,45,1.0,4600,0.003952685743570328
0.5,45,1.0,4800,0.0030922589357942343
0.5,45,1.0,5000,0.005982173141092062
0.5,45,1.0,5200,0.003205867949873209
0.5,45,1.0,5400,0.006391826551407576
0.5,45,1.0,5600,0.0036438889801502228
0.5,45,1.0,5800,0.004092073068022728
0.5,45,1.0,6000,0.006585785653442144
0.5,45,1.0,6200,0.004777826368808746
0.5,45,1.0,6400,0.004914628341794014
0.5,45,1.0,6600,0.0071214535273611546
0.5,45,1.0,6800,0.005039335694164038
0.5,45,1.0,7000,0.005881323479115963
0.5,45,1.0,7200,0.003394514322280884
0.5,45,1.0,7400,0.004381124395877123
0.5,45,1.0,7600,0.004877318628132343
0.5,45,1.0,7800,0.003883861005306244
0.5,45,1.0,7999,0.0031907714437693357
0.5,45,3.0,0,0.03224549442529678
0.5,45,3.0,200,0.011559933423995972
0.5,45,3.0,400,0.004405433777719736
0.5,45,3.0,600,0.005642823409289122
0.5,45,3.0,800,0.004789756145328283
0.5,45,3.0,1000,0.005973817314952612
0.5,45,3.0,1200,0.006510469596832991
0.5,45,3.0,1400,0.005694946274161339
0.5,45,3.0,1600,0.006259365938603878
0.5,45,3.0,1800,0.0033765353728085756
0.5,45,3.0,2000,0.007866686210036278
0.5,45,3.0,2200,0.004993128124624491
0.5,45,3.0,2400,0.007560749538242817
0.5,45,3.0,2600,0.005723686423152685
0.5,45,3.0,2800,0.004570025485008955
0.5,45,3.0,3000,0.004706303123384714
0.5,45,3.0,3200,0.004748704843223095
0.5,45,3.0,3400,0.005163239780813456
0.5,45,3.0,3600,0.005858775228261948
0.5,45,3.0,3800,0.007460429333150387
0.5,45,3.0,4000,0.005301461089402437
0.5,45,3.0,4200,0.004283645655959845
0.5,45,3.0,4400,0.007003228645771742
0.5,45,3.0,4600,0.007096211891621351
0.5,45,3.0,4800,0.005877214018255472
0.5,45,3.0,5000,0.004499541129916906
0.5,45,3.0,5200,0.009804748930037022
0.5,45,3.0,5400,0.0038421147037297487
0.5,45,3.0,5600,0.004000477958470583
0.5,45,3.0,5800,0.004759025759994984
0.5,45,3.0,6000,0.0036374235060065985
0.5,45,3.0,6200,0.005875882692635059
0.5,45,3.0,6400,0.006435160059481859
0.5,45,3.0,6600,0.0044809263199567795
0.5,45,3.0,6800,0.0025210354942828417
0.5,45,3.0,7000,0.004183571320027113
0.5,45,3.0,7200,0.005250988528132439
0.5,45,3.0,7400,0.004096895921975374
0.5,45,3.0,7600,0.004232088103890419
0.5,45,3.0,7800,0.009658977389335632
0.5,45,3.0,7999,0.004386174958199263
0.5,45,8.0,0,0.03196769952774048
0.5,45,8.0,200,0.009774717502295971
0.5,45,8.0,400,0.008651504293084145
0.5,45,8.0,600,0.006569433957338333
0.5,45,8.0,800,0.005528926383703947
0.5,45,8.0,1000,0.004956275690346956
0.5,45,8.0,1200,0.005460350774228573
0.5,45,8.0,1400,0.0055519468151032925
0.5,45,8.0,1600,0.005012819543480873
0.5,45,8.0,1800,0.0050928243435919285
0.5,45,8.0,2000,0.004702453967183828
0.5,45,8.0,2200,0.006803915835916996
0.5,45,8.0,2400,0.004900595173239708
0.5,45,8.0,2600,0.003682878101244569
0.5,45,8.0,2800,0.004969226196408272
0.5,45,8.0,3000,0.007093201391398907
0.5,45,8.0,3200,0.002568702446296811
0.5,45,8.0,3400,0.004864237271249294
0.5,45,8.0,3600,0.004880766849964857
0.5,45,8.0,3800,0.004153259564191103
0.5,45,8.0,4000,0.007566664833575487
0.5,45,8.0,4200,0.004305665381252766
0.5,45,8.0,4400,0.0045814295299351215
0.5,45,8.0,4600,0.003628665115684271
0.5,45,8.0,4800,0.004214031621813774
0.5,45,8.0,5000,0.003894950496032834
0.5,45,8.0,5200,0.0067021590657532215
0.5,45,8.0,5400,0.004792270250618458
0.5,45,8.0,5600,0.006605616770684719
0.5,45,8.0,5800,0.005620982497930527
0.5,45,8.0,6000,0.00800029281526804
0.5,45,8.0,6200,0.004337657708674669
0.5,45,8.0,6400,0.006584587041288614
0.5,45,8.0,6600,0.005084099248051643
0.5,45,8.0,6800,0.005788136273622513
0.5,45,8.0,7000,0.007533371914178133
0.5,45,8.0,7200,0.005959051661193371
0.5,45,8.0,7400,0.0017550468910485506
0.5,45,8.0,7600,0.00455595925450325
0.5,45,8.0,7800,0.007067117374390364
0.5,45,8.0,7999,0.005487019661813974
0.5,50,1.0,0,0.053361859172582626
0.5,50,1.0,200,0.010375886224210262
0.5,50,1.0,400,0.00799320638179779
0.5,50,1.0,600,0.006330026313662529
0.5,50,1.0,800,0.007216194178909063
0.5,50,1.0,1000,0.006127405446022749
0.5,50,1.0,1200,0.0055942777544260025
0.5,50,1.0,1400,0.005327881779521704
0.5,50,1.0,1600,0.006635638419538736
0.5,50,1.0,1800,0.0070849815383553505
0.5,50,1.0,2000,0.006410658359527588
0.5,50,1.0,2200,0.005499063525348902
0.5,50,1.0,2400,0.005634115543216467
0.5,50,1.0,2600,0.006041232496500015
0.5,50,1.0,2800,0.007732998114079237
0.5,50,1.0,3000,0.007616676390171051
0.5,50,1.0,3200,0.004714815877377987
0.5,50,1.0,3400,0.004065738525241613
0.5,50,1.0,3600,0.005579059943556786
0.5,50,1.0,3800,0.006234500557184219
0.5,50,1.0,4000,0.005216882098466158
0.5,50,1.0,4200,0.006007840391248465
0.5,50,1.0,4400,0.005910711828619242
0.5,50,1.0,4600,0.005575738847255707
0.5,50,1.0,4800,0.005469094961881638
0.5,50,1.0,5000,0.003975738305598497
0.5,50,1.0,5200,0.004136068280786276
0.5,50,1.0,5400,0.004276852123439312
0.5,50,1.0,5600,0.005624738056212664
0.5,50,1.0,5800,0.003974098712205887
0.5,50,1.0,6000,0.0034171785227954388
0.5,50,1.0,6200,0.003173999022692442
0.5,50,1.0,6400,0.004081405233591795
0.5,50,1.0,6600,0.004495488479733467
0.5,50,1.0,6800,0.0054849181324243546
0.5,50,1.0,7000,0.004203501157462597
0.5,50,1.0,7200,0.005188248585909605
0.5,50,1.0,7400,0.0029894975014030933
0.5,50,1.0,7600,0.0037742936983704567
0.5,50,1.0,7800,0.002442676341161132
0.5,50,1.0,7999,0.00405240710824728
0.5,50,3.0,0,0.05535703897476196
0.5,50,3.0,200,0.01143322978168726
0.5,50,3.0,400,0.009763048030436039
0.5,50,3.0,600,0.008205910213291645
0.5,50,3.0,800,0.008633463643491268
0.5,50,3.0,1000,0.008931738324463367
0.5,50,3.0,1200,0.012041125446557999
0.5,50,3.0,1400,0.007615185808390379
0.5,50,3.0,1600,0.008251182734966278
0.5,50,3.0,1800,0.006849934812635183
0.5,50,3.0,2000,0.005680175498127937
0.5,50,3.0,2200,0.007186335977166891
0.5,50,3.0,2400,0.004314621910452843
0.5,50,3.0,2600,0.008196328766644001
0.5,50,3.0,2800,0.005769625771790743
0.5,50,3.0,3000,0.006982828490436077
0.5,50,3.0,3200,0.004615692421793938
0.5,50,3.0,3400,0.0056469193659722805
0.5,50,3.0,3600,0.006189717911183834
0.5,50,3.0,3800,0.006955706048756838
0.5,50,3.0,4000,0.00545582827180624
0.5,50,3.0,4200,0.007076971232891083
0.5,50,3.0,4400,0.005401107482612133
0.5,50,3.0,4600,0.004814711399376392
0.5,50,3.0,4800,0.006836535409092903
0.5,50,3.0,5000,0.00575294578447938
0.5,50,3.0,5200,0.006547251716256142
0.5,50,3.0,5400,0.004502349533140659
0.5,50,3.0,5600,0.004690913949161768
0.5,50,3.0,5800,0.008320419117808342
0.5,50,3.0,6000,0.007380200084298849
0.5,50,3.0,6200,0.004200514871627092
0.5,50,3.0,6400,0.00541730085387826
0.5,50,3.0,6600,0.007312293630093336
0.5,50,3.0,6800,0.004551523830741644
0.5,50,3.0,7000,0.005243875551968813
0.5,50,3.0,7200,0.0032511649187654257
0.5,50,3.0,7400,0.004720712546259165
0.5,50,3.0,7600,0.005073790904134512
0.5,50,3.0,7800,0.002826848067343235
0.5,50,3.0,7999,0.0023028599098324776
0.5,50,8.0,0,0.05639147758483887
0.5,50,8.0,200,0.010434760712087154
0.5,50,8.0,400,0.009539121761918068
0.5,50,8.0,600,0.010095609351992607
0.5,50,8.0,800,0.007988689467310905
0.5,50,8.0,1000,0.007537924684584141
0.5,50,8.0,1200,0.0073415497317910194
0.5,50,8.0,1400,0.005855272524058819
0.5,50,8.0,1600,0.009068622253835201
0.5,50,8.0,1800,0.007449530530720949
0.5,50,8.0,2000,0.009650047868490219
0.5,50,8.0,2200,0.008549360558390617
0.5,50,8.0,2400,0.007960328832268715
0.5,50,8.0,2600,0.006635157857090235
0.5,50,8.0,2800,0.005202219355851412
0.5,50,8.0,3000,0.007213484030216932
0.5,50,8.0,3200,0.007101656403392553
0.5,50,8.0,3400,0.005722112953662872
0.5,50,8.0,3600,0.00386643735691905
0.5,50,8.0,3800,0.006493518128991127
0.5,50,8.0,4000,0.006188055966049433
0.5,50,8.0,4200,0.006789121311157942
0.5,50,8.0,4400,0.0075005521066486835
0.5,50,8.0,4600,0.004188629798591137
0.5,50,8.0,4800,0.006685077212750912
0.5,50,8.0,5000,0.007333000190556049
0.5,50,8.0,5200,0.006955299526453018
0.5,50,8.0,5400,0.004454460460692644
0.5,50,8.0,5600,0.008073066361248493
0.5,50,8.0,5800,0.003952713217586279
0.5,50,8.0,6000,0.003315795911476016
0.5,50,8.0,6200,0.005836589727550745
0.5,50,8.0,6400,0.009066195227205753
0.5,50,8.0,6600,0.005041580647230148
0.5,50,8.0,6800,0.004542571026831865
0.5,50,8.0,7000,0.005669452250003815
0.5,50,8.0,7200,0.006321225315332413
0.5,50,8.0,7400,0.005454507656395435
0.5,50,8.0,7600,0.00522791501134634
0.5,50,8.0,7800,0.006546662654727697
0.5,50,8.0,7999,0.007478315848857164
