nu,seed,strategy,step,L2,l2_band
0.005,0,up_rational,0.0,0.03100546821951866,0.0534745529294014
0.005,0,up_rational,200.0,0.006025484763085842,0.031353659927845
0.005,0,up_rational,400.0,0.008759488351643085,0.03624269738793373
0.005,0,up_rational,600.0,0.006638090126216412,0.040148768573999405
0.005,0,up_rational,800.0,0.0034126092214137316,0.00934409536421299
0.005,0,up_rational,1000.0,0.0037456436548382044,0.018403006717562675
0.005,0,up_rational,1200.0,0.003561390796676278,0.04638369381427765
0.005,0,up_rational,1400.0,0.006128044333308935,0.07848253846168518
0.005,0,up_rational,1600.0,0.0033661224879324436,0.018322832882404327
0.005,0,up_rational,1800.0,0.0033359210938215256,0.04060500115156174
0.005,0,up_rational,2000.0,0.006766995415091515,0.04098602384328842
0.005,0,up_rational,2200.0,0.002236498985439539,0.015411299653351307
0.005,0,up_rational,2400.0,0.003340762108564377,0.029062047600746155
0.005,0,up_rational,2600.0,0.006622086279094219,0.023269737139344215
0.005,0,up_rational,2800.0,0.00239586248062551,0.007393329869955778
0.005,0,up_rational,3000.0,0.0057001966051757336,0.019291633740067482
0.005,0,up_rational,3200.0,0.003625889541581273,0.014761753380298615
0.005,0,up_rational,3400.0,0.0020552254281938076,0.018730739131569862
0.005,0,up_rational,3600.0,0.0056876069866120815,0.02694796584546566
0.005,0,up_rational,3800.0,0.005238287150859833,0.010432900860905647
0.005,0,up_rational,4000.0,0.0013877196470275521,0.011254493147134781
0.005,0,up_rational,4200.0,0.0016554540488868952,0.013888916000723839
0.005,0,up_rational,4400.0,0.003444127971306443,0.016582151874899864
0.005,0,up_rational,4600.0,0.003290940774604678,0.015085258521139622
0.005,0,up_rational,4800.0,0.004541614558547735,0.020052703097462654
0.005,0,up_rational,5000.0,0.0023007108829915524,0.018406391143798828
0.005,0,up_rational,5200.0,0.005588952451944351,0.016473835334181786
0.005,0,up_rational,5400.0,0.006681200582534075,0.029289474710822105
0.005,0,up_rational,5600.0,0.004684881307184696,0.05277838557958603
0.005,0,up_rational,5800.0,0.0062419697642326355,0.0643979087471962
0.005,0,up_rational,6000.0,0.002641364000737667,0.012096408754587173
0.005,0,up_rational,6200.0,0.0053389170207083225,0.050254009664058685
0.005,0,up_rational,6400.0,0.0044645522721111774,0.0496162511408329
0.005,0,up_rational,6600.0,0.006404943764209747,0.07346166670322418
0.005,0,up_rational,6800.0,0.00582737335935235,0.03896476328372955
0.005,0,up_rational,7000.0,0.004342498257756233,0.036222461611032486
0.005,0,up_rational,7200.0,0.00433314498513937,0.017186138778924942
0.005,0,up_rational,7400.0,0.004223298281431198,0.05445357412099838
0.005,0,up_rational,7600.0,0.007320966571569443,0.06379228830337524
0.005,0,up_rational,7800.0,0.0036791679449379444,0.04700261726975441
0.005,0,up_rational,7999.0,0.004736778326332569,0.06151783466339111
0.005,0,down_inv,0.0,0.02964809350669384,0.04183333367109299
0.005,0,down_inv,200.0,0.002592545934021473,0.03402934595942497
0.005,0,down_inv,400.0,0.004574637860059738,0.057942669838666916
0.005,0,down_inv,600.0,0.004250154364854097,0.055771976709365845
0.005,0,down_inv,800.0,0.0056295981630682945,0.073797807097435
0.005,0,down_inv,1000.0,0.0025757767725735903,0.03353321924805641
0.005,0,down_inv,1200.0,0.00262742699123919,0.034487299621105194
0.005,0,down_inv,1400.0,0.004990752320736647,0.06535319238901138
0.005,0,down_inv,1600.0,0.004723438061773777,0.06191615015268326
0.005,0,down_inv,1800.0,0.002266678726300597,0.028539778664708138
0.005,0,down_inv,2000.0,8.9975081209559e-05,0.0006603656802326441
0.005,0,down_inv,2200.0,0.0002268662501592189,0.0007287774351425469
0.005,0,down_inv,2400.0,0.00019124394748359919,0.0019666063599288464
0.005,0,down_inv,2600.0,0.0008363972301594913,0.008727655746042728
0.005,0,down_inv,2800.0,0.0020516307558864355,0.02502422221004963
0.005,0,down_inv,3000.0,0.0003262873215135187,0.004281183704733849
0.005,0,down_inv,3200.0,0.0022345399484038353,0.010825314559042454
0.005,0,down_inv,3400.0,0.0007884504157118499,0.010069510899484158
0.005,0,down_inv,3600.0,0.008931705728173256,0.11717674136161804
0.005,0,down_inv,3800.0,0.008935602381825447,0.11722259223461151
0.005,0,down_inv,4000.0,0.008959539234638214,0.11755099892616272
0.005,0,down_inv,4200.0,0.008995668031275272,0.11802101135253906
0.005,0,down_inv,4400.0,0.00565649289637804,0.07400129735469818
0.005,0,down_inv,4600.0,0.0057388776913285255,0.07530740648508072
0.005,0,down_inv,4800.0,0.005720190703868866,0.07508280128240585
0.005,0,down_inv,5000.0,0.005041634663939476,0.06614410132169724
0.005,0,down_inv,5200.0,0.005004551727324724,0.06528175622224808
0.005,0,down_inv,5400.0,0.003957369830459356,0.051899246871471405
0.005,0,down_inv,5600.0,0.008235279470682144,0.1064971387386322
0.005,0,down_inv,5800.0,0.008024628274142742,0.10528279095888138
0.005,0,down_inv,6000.0,0.008006049320101738,0.10504580289125443
0.005,0,down_inv,6200.0,0.007950215600430965,0.10435044020414352
0.005,0,down_inv,6400.0,0.008032230660319328,0.09319021552801132
0.005,0,down_inv,6600.0,0.006003235466778278,0.07877260446548462
0.005,0,down_inv,6800.0,0.006239397916942835,0.08186754584312439
0.005,0,down_inv,7000.0,0.001169831957668066,0.0065493774600327015
0.005,0,down_inv,7200.0,0.00049149728147313,0.005369541235268116
0.005,0,down_inv,7400.0,0.0019172851461917162,0.01977376639842987
0.005,0,down_inv,7600.0,0.0018155464204028249,0.0043520997278392315
0.005,0,down_inv,7800.0,0.001559790107421577,0.0203370563685894
0.005,0,down_inv,7999.0,0.0014060953399166465,0.018445491790771484
0.005,0,uniform,0.0,0.030693229287862778,0.0483555793762207
0.005,0,uniform,200.0,0.0034495540894567966,0.043075546622276306
0.005,0,uniform,400.0,0.004131441004574299,0.03843845799565315
0.005,0,uniform,600.0,0.0057782968506217,0.07375828921794891
0.005,0,uniform,800.0,0.007602287922054529,0.07308436185121536
0.005,0,uniform,1000.0,0.007021219935268164,0.04873138293623924
0.005,0,uniform,1200.0,0.003842355916276574,0.04980981722474098
0.005,0,uniform,1400.0,0.004783082753419876,0.060935962945222855
0.005,0,uniform,1600.0,0.005609888583421707,0.05559120327234268
0.005,0,uniform,1800.0,0.0056516812182962894,0.05528656020760536
0.005,0,uniform,2000.0,0.005897158291190863,0.06311225891113281
0.005,0,uniform,2200.0,0.006157541647553444,0.08023187518119812
0.005,0,uniform,2400.0,0.006180885713547468,0.08110848814249039
0.005,0,uniform,2600.0,0.003461381420493126,0.04495041072368622
0.005,0,uniform,2800.0,0.002473933156579733,0.02935170754790306
0.005,0,uniform,3000.0,0.00372008653357625,0.030837874859571457
0.005,0,uniform,3200.0,0.004214024171233177,0.051299087703228
0.005,0,uniform,3400.0,0.006196761038154364,0.08084561675786972
0.005,0,uniform,3600.0,0.006527348887175322,0.07858096808195114
0.005,0,uniform,3800.0,0.009725089184939861,0.10236655920743942
0.005,0,uniform,4000.0,0.006977733224630356,0.08681592345237732
0.005,0,uniform,4200.0,0.005126187577843666,0.06524862349033356
0.005,0,uniform,4400.0,0.005439522676169872,0.0712057501077652
0.005,0,uniform,4600.0,0.004966752137988806,0.06399054080247879
0.005,0,uniform,4800.0,0.005858066491782665,0.07265658676624298
0.005,0,uniform,5000.0,0.005265601444989443,0.06648868322372437
0.005,0,uniform,5200.0,0.00558475311845541,0.06677369028329849
0.005,0,uniform,5400.0,0.005129258148372173,0.06691669672727585
0.005,0,uniform,5600.0,0.004056109581142664,0.052977871149778366
0.005,0,uniform,5800.0,0.00689835287630558,0.08776761591434479
0.005,0,uniform,6000.0,0.006599897518754005,0.0840686485171318
0.005,0,uniform,6200.0,0.006520088762044907,0.08101515471935272
0.005,0,uniform,6400.0,0.006205081008374691,0.0767960324883461
0.005,0,uniform,6600.0,0.006202773191034794,0.08113086968660355
0.005,0,uniform,6800.0,0.006309820339083672,0.08274450898170471
0.005,0,uniform,7000.0,0.0048545487225055695,0.0633499026298523
0.005,0,uniform,7200.0,0.009350476786494255,0.09733401983976364
0.005,0,uniform,7400.0,0.007398722693324089,0.09575596451759338
0.005,0,uniform,7600.0,0.006590038537979126,0.08192484825849533
0.005,0,uniform,7800.0,0.006882048677653074,0.07610497623682022
0.005,0,uniform,7999.0,0.005030977074056864,0.060911305248737335
0.005,0,down->up,0.0,0.02964809350669384,0.04183333367109299
0.005,0,down->up,200.0,0.002592545934021473,0.03402934595942497
0.005,0,down->up,400.0,0.004574637860059738,0.057942669838666916
0.005,0,down->up,600.0,0.004250154364854097,0.055771976709365845
0.005,0,down->up,800.0,0.0056295981630682945,0.073797807097435
0.005,0,down->up,1000.0,0.0025757767725735903,0.03353321924805641
0.005,0,down->up,1200.0,0.00262742699123919,0.034487299621105194
0.005,0,down->up,1400.0,0.004990752320736647,0.06535319238901138
0.005,0,down->up,1600.0,0.004723438061773777,0.06191615015268326
0.005,0,down->up,1800.0,0.002266678726300597,0.028539778664708138
0.005,0,down->up,2000.0,8.9975081209559e-05,0.0006603656802326441
0.005,0,down->up,2200.0,0.0002268662501592189,0.0007287774351425469
0.005,0,down->up,2400.0,0.00019124394748359919,0.0019666063599288464
0.005,0,down->up,2600.0,0.0008363972301594913,0.008727655746042728
0.005,0,down->up,2800.0,0.0020516307558864355,0.02502422221004963
0.005,0,down->up,3000.0,0.0003262873215135187,0.004281183704733849
0.005,0,down->up,3199.0,0.0012789707398042083,0.014543204568326473
0.005,0,down->up,3200.0,0.02738058567047119,0.054973870515823364
0.005,0,down->up,3400.0,0.018923435360193253,0.23115700483322144
0.005,0,down->up,3600.0,0.017690861597657204,0.22485852241516113
0.005,0,down->up,3800.0,0.01694358140230179,0.21993453800678253
0.005,0,down->up,4000.0,0.016066838055849075,0.20789961516857147
0.005,0,down->up,4200.0,0.017887592315673828,0.22141055762767792
0.005,0,down->up,4400.0,0.017083903774619102,0.2218663990497589
0.005,0,down->up,4600.0,0.016038326546549797,0.2097572684288025
0.005,0,down->up,4800.0,0.017329398542642593,0.22053173184394836
0.005,0,down->up,5000.0,0.016304150223731995,0.21141643822193146
0.005,0,down->up,5200.0,0.015592480078339577,0.2027171552181244
0.005,0,down->up,5400.0,0.02008565329015255,0.2358933538198471
0.005,0,down->up,5600.0,0.016892047598958015,0.21585363149642944
0.005,0,down->up,5800.0,0.015215645544230938,0.19856838881969452
0.005,0,down->up,6000.0,0.018126867711544037,0.22138971090316772
0.005,0,down->up,6200.0,0.019277559593319893,0.23167818784713745
0.005,0,down->up,6400.0,0.016711516305804253,0.2049623727798462
0.005,0,down->up,6600.0,0.018832048401236534,0.23333898186683655
0.005,0,down->up,6800.0,0.015943078324198723,0.20827656984329224
0.005,0,down->up,7000.0,0.017310313880443573,0.22018519043922424
0.005,0,down->up,7200.0,0.025379760190844536,0.2530687153339386
0.005,0,down->up,7400.0,0.020590059459209442,0.26945313811302185
0.005,0,down->up,7600.0,0.019599108025431633,0.25533875823020935
0.005,0,down->up,7800.0,0.016912274062633514,0.20823776721954346
0.005,0,down->up,7999.0,0.015608985908329487,0.202689528465271
0.005,0,up->down,0.0,0.03100546821951866,0.0534745529294014
0.005,0,up->down,200.0,0.006025484763085842,0.031353659927845
0.005,0,up->down,400.0,0.008759488351643085,0.03624269738793373
0.005,0,up->down,600.0,0.006638090126216412,0.040148768573999405
0.005,0,up->down,800.0,0.0034126092214137316,0.00934409536421299
0.005,0,up->down,1000.0,0.0037456436548382044,0.018403006717562675
0.005,0,up->down,1200.0,0.003561390796676278,0.04638369381427765
0.005,0,up->down,1400.0,0.006128044333308935,0.07848253846168518
0.005,0,up->down,1600.0,0.0033661224879324436,0.018322832882404327
0.005,0,up->down,1800.0,0.0033359210938215256,0.04060500115156174
0.005,0,up->down,2000.0,0.006766995415091515,0.04098602384328842
0.005,0,up->down,2200.0,0.002236498985439539,0.015411299653351307
0.005,0,up->down,2400.0,0.003340762108564377,0.029062047600746155
0.005,0,up->down,2600.0,0.006622086279094219,0.023269737139344215
0.005,0,up->down,2800.0,0.00239586248062551,0.007393329869955778
0.005,0,up->down,3000.0,0.0057001966051757336,0.019291633740067482
0.005,0,up->down,3199.0,0.004594864323735237,0.014598959125578403
0.005,0,up->down,3200.0,0.02292334847152233,0.03936193510890007
0.005,0,up->down,3400.0,0.007216253783553839,0.09468084573745728
0.005,0,up->down,3600.0,0.007144867908209562,0.09374521672725677
0.005,0,up->down,3800.0,0.007061599288135767,0.09243015199899673
0.005,0,up->down,4000.0,0.0069427271373569965,0.0910620465874672
0.005,0,up->down,4200.0,0.004223729483783245,0.05516142398118973
0.005,0,up->down,4400.0,0.004114473704248667,0.053938113152980804
0.005,0,up->down,4600.0,0.0030813782941550016,0.034778863191604614
0.005,0,up->down,4800.0,0.004024953581392765,0.05282182618975639
0.005,0,up->down,5000.0,0.003949081525206566,0.05181190371513367
0.005,0,up->down,5200.0,0.0033754154574126005,0.04267037287354469
0.005,0,up->down,5400.0,0.0020179753191769123,0.026051204651594162
0.005,0,up->down,5600.0,0.0012786787701770663,0.012821616604924202
0.005,0,up->down,5800.0,0.0008150317007675767,0.010389488190412521
0.005,0,up->down,6000.0,0.007099670823663473,0.08680780231952667
0.005,0,up->down,6200.0,0.007228435482829809,0.09482607245445251
0.005,0,up->down,6400.0,0.007277084514498711,0.09547954052686691
0.005,0,up->down,6600.0,0.0072602094151079655,0.09525442123413086
0.005,0,up->down,6800.0,0.008199024945497513,0.10757709294557571
0.005,0,up->down,7000.0,0.0074224346317350864,0.09633713960647583
0.005,0,up->down,7200.0,0.0008514529909007251,0.002232399070635438
0.005,0,up->down,7400.0,0.0005531254573725164,0.007099880371242762
0.005,0,up->down,7600.0,0.0025735085364431143,0.032689355313777924
0.005,0,up->down,7800.0,0.0020427729468792677,0.02641664817929268
0.005,0,up->down,7999.0,0.0028591041918843985,0.03742244094610214
0.005,10,up_rational,0.0,0.5724241733551025,0.9717687964439392
0.005,10,up_rational,200.0,0.3749121427536011,0.8596035838127136
0.005,10,up_rational,400.0,0.0750427395105362,0.9530312418937683
0.005,10,up_rational,600.0,0.06908027827739716,0.8822831511497498
0.005,10,up_rational,800.0,0.06688661873340607,0.8545419573783875
0.005,10,up_rational,1000.0,0.06604769825935364,0.8494895100593567
0.005,10,up_rational,1200.0,0.06567199528217316,0.8415787220001221
0.005,10,up_rational,1400.0,0.06627778708934784,0.8542478084564209
0.005,10,up_rational,1600.0,0.06466434895992279,0.8329493999481201
0.005,10,up_rational,1800.0,0.06373588740825653,0.8220183253288269
0.005,10,up_rational,2000.0,0.06465253233909607,0.8345821499824524
0.005,10,up_rational,2200.0,0.06122678145766258,0.7774071097373962
0.005,10,up_rational,2400.0,0.06134047731757164,0.7938457131385803
0.005,10,up_rational,2600.0,0.05924804136157036,0.7654670476913452
0.005,10,up_rational,2800.0,0.060116905719041824,0.7734910845756531
0.005,10,up_rational,3000.0,0.05708582326769829,0.7393007278442383
0.005,10,up_rational,3200.0,0.05680254474282265,0.7362030148506165
0.005,10,up_rational,3400.0,0.055612917989492416,0.7197077870368958
0.005,10,up_rational,3600.0,0.054550912231206894,0.7049736976623535
0.005,10,up_rational,3800.0,0.05437455698847771,0.7042326331138611
0.005,10,up_rational,4000.0,0.05309173837304115,0.6873633861541748
0.005,10,up_rational,4200.0,0.052414197474718094,0.6784694790840149
0.005,10,up_rational,4400.0,0.05015174672007561,0.6478061676025391
0.005,10,up_rational,4600.0,0.046652067452669144,0.6065697073936462
0.005,10,up_rational,4800.0,0.04660812020301819,0.6062946319580078
0.005,10,up_rational,5000.0,0.04666297137737274,0.605400025844574
0.005,10,up_rational,5200.0,0.04535149782896042,0.5912867784500122
0.005,10,up_rational,5400.0,0.04382713511586189,0.5699180364608765
0.005,10,up_rational,5600.0,0.04257337376475334,0.5546103119850159
0.005,10,up_rational,5800.0,0.03885258361697197,0.5034714937210083
0.005,10,up_rational,6000.0,0.03786837309598923,0.49430519342422485
0.005,10,up_rational,6200.0,0.03507568687200546,0.4579828083515167
0.005,10,up_rational,6400.0,0.03591055050492287,0.4675883650779724
0.005,10,up_rational,6600.0,0.0332934632897377,0.43484610319137573
0.005,10,up_rational,6800.0,0.03146187216043472,0.39964622259140015
0.005,10,up_rational,7000.0,0.02922358736395836,0.38052454590797424
0.005,10,up_rational,7200.0,0.027171559631824493,0.3530804216861725
0.005,10,up_rational,7400.0,0.024048306047916412,0.31196340918540955
0.005,10,up_rational,7600.0,0.022886687889695168,0.29136690497398376
0.005,10,up_rational,7800.0,0.02206740528345108,0.26650142669677734
0.005,10,up_rational,7999.0,0.02007344365119934,0.26275256276130676
0.005,10,down_inv,0.0,0.5725198984146118,0.9728403091430664
0.005,10,down_inv,200.0,0.547100841999054,0.9877228140830994
0.005,10,down_inv,400.0,0.008982584811747074,0.11767168343067169
0.005,10,down_inv,600.0,0.009425855241715908,0.10094834119081497
0.005,10,down_inv,800.0,0.007066751830279827,0.08293955028057098
0.005,10,down_inv,1000.0,0.0010086806723847985,0.013189209625124931
0.005,10,down_inv,1200.0,0.0019186825957149267,0.005208534654229879
0.005,10,down_inv,1400.0,0.006022406276315451,0.015184279531240463
0.005,10,down_inv,1600.0,0.0015795982908457518,0.02051803097128868
0.005,10,down_inv,1800.0,0.010047460906207561,0.13181844353675842
0.005,10,down_inv,2000.0,0.010259010829031467,0.13365815579891205
0.005,10,down_inv,2200.0,0.008339020423591137,0.1094149500131607
0.005,10,down_inv,2400.0,0.0107111856341362,0.1201406717300415
0.005,10,down_inv,2600.0,0.010018877685070038,0.1313740313053131
0.005,10,down_inv,2800.0,0.012631867080926895,0.16566365957260132
0.005,10,down_inv,3000.0,0.012603981420397758,0.16530033946037292
0.005,10,down_inv,3200.0,0.015580667182803154,0.20061713457107544
0.005,10,down_inv,3400.0,0.016090402379631996,0.21102368831634521
0.005,10,down_inv,3600.0,0.025506792590022087,0.24323774874210358
0.005,10,down_inv,3800.0,0.019595665857195854,0.2568674087524414
0.005,10,down_inv,4000.0,0.01956096850335598,0.25645971298217773
0.005,10,down_inv,4200.0,0.019739815965294838,0.25844651460647583
0.005,10,down_inv,4400.0,0.024248827248811722,0.31682777404785156
0.005,10,down_inv,4600.0,0.024667387828230858,0.32326817512512207
0.005,10,down_inv,4800.0,0.027160994708538055,0.3554706871509552
0.005,10,down_inv,5000.0,0.026968620717525482,0.3532881736755371
0.005,10,down_inv,5200.0,0.028689730912446976,0.3757311701774597
0.005,10,down_inv,5400.0,0.028644734993577003,0.37515223026275635
0.005,10,down_inv,5600.0,0.031157564371824265,0.3932245075702667
0.005,10,down_inv,5800.0,0.028494279831647873,0.37318912148475647
0.005,10,down_inv,6000.0,0.032201286405324936,0.42145463824272156
0.005,10,down_inv,6200.0,0.03335370495915413,0.43639230728149414
0.005,10,down_inv,6400.0,0.03329610452055931,0.4357404112815857
0.005,10,down_inv,6600.0,0.03511650487780571,0.45912137627601624
0.005,10,down_inv,6800.0,0.0366957001388073,0.47930940985679626
0.005,10,down_inv,7000.0,0.036713965237140656,0.48017823696136475
0.005,10,down_inv,7200.0,0.0366913340985775,0.47997355461120605
0.005,10,down_inv,7400.0,0.05315512791275978,0.6265796422958374
0.005,10,down_inv,7600.0,0.047545284032821655,0.6202268004417419
0.005,10,down_inv,7800.0,0.046819429844617844,0.6108269691467285
0.005,10,down_inv,7999.0,0.04669477045536041,0.6091736555099487
0.005,10,uniform,0.0,0.5724427103996277,0.9722827076911926
0.005,10,uniform,200.0,0.39978522062301636,0.8792819380760193
0.005,10,uniform,400.0,0.00904117338359356,0.07319467514753342
0.005,10,uniform,600.0,0.006696213502436876,0.05989304184913635
0.005,10,uniform,800.0,0.009721287526190281,0.07200928777456284
0.005,10,uniform,1000.0,0.007229553069919348,0.06779829412698746
0.005,10,uniform,1200.0,0.007647155784070492,0.08367840945720673
0.005,10,uniform,1400.0,0.006396612152457237,0.06231129541993141
0.005,10,uniform,1600.0,0.005751023534685373,0.06321899592876434
0.005,10,uniform,1800.0,0.008675126358866692,0.08829620480537415
0.005,10,uniform,2000.0,0.007885357365012169,0.06939972192049026
0.005,10,uniform,2200.0,0.006643497385084629,0.07452777773141861
0.005,10,uniform,2400.0,0.0059876712039113045,0.06198209896683693
0.005,10,uniform,2600.0,0.00799561757594347,0.09114184230566025
0.005,10,uniform,2800.0,0.0078035094775259495,0.09238958358764648
0.005,10,uniform,3000.0,0.008748650550842285,0.07456422597169876
0.005,10,uniform,3200.0,0.007979665882885456,0.06344087421894073
0.005,10,uniform,3400.0,0.006016747560352087,0.07375271618366241
0.005,10,uniform,3600.0,0.009139064699411392,0.11502126604318619
0.005,10,uniform,3800.0,0.0072635202668607235,0.09248480945825577
0.005,10,uniform,4000.0,0.005087275989353657,0.041577015072107315
0.005,10,uniform,4200.0,0.00626177154481411,0.06983084976673126
0.005,10,uniform,4400.0,0.006448039319366217,0.06423036009073257
0.005,10,uniform,4600.0,0.006252090912312269,0.07004375755786896
0.005,10,uniform,4800.0,0.006894173100590706,0.05576410889625549
0.005,10,uniform,5000.0,0.004974771291017532,0.04809524863958359
0.005,10,uniform,5200.0,0.00716919032856822,0.05488866567611694
0.005,10,uniform,5400.0,0.0031150144059211016,0.0405399426817894
0.005,10,uniform,5600.0,0.0031589288264513016,0.011782319284975529
0.005,10,uniform,5800.0,0.0018340589012950659,0.021381137892603874
0.005,10,uniform,6000.0,0.004151806700974703,0.011982032097876072
0.005,10,uniform,6200.0,0.003972369246184826,0.0480237640440464
0.005,10,uniform,6400.0,0.0023647767957299948,0.01587950438261032
0.005,10,uniform,6600.0,0.0030849275644868612,0.006402275059372187
0.005,10,uniform,6800.0,0.002291689394041896,0.023396048694849014
0.005,10,uniform,7000.0,0.00122235924936831,0.014986349269747734
0.005,10,uniform,7200.0,0.003157103667035699,0.02323688194155693
0.005,10,uniform,7400.0,0.0033344649709761143,0.02976960316300392
0.005,10,uniform,7600.0,0.003992867190390825,0.022928573191165924
0.005,10,uniform,7800.0,0.001441698637790978,0.015476084314286709
0.005,10,uniform,7999.0,0.0013386349892243743,0.009297833777964115
0.005,10,down->up,0.0,0.5725198984146118,0.9728403091430664
0.005,10,down->up,200.0,0.547100841999054,0.9877228140830994
0.005,10,down->up,400.0,0.008982584811747074,0.11767168343067169
0.005,10,down->up,600.0,0.009425855241715908,0.10094834119081497
0.005,10,down->up,800.0,0.007066751830279827,0.08293955028057098
0.005,10,down->up,1000.0,0.0010086806723847985,0.013189209625124931
0.005,10,down->up,1200.0,0.0019186825957149267,0.005208534654229879
0.005,10,down->up,1400.0,0.006022406276315451,0.015184279531240463
0.005,10,down->up,1600.0,0.0015795982908457518,0.02051803097128868
0.005,10,down->up,1800.0,0.010047460906207561,0.13181844353675842
0.005,10,down->up,2000.0,0.010259010829031467,0.13365815579891205
0.005,10,down->up,2200.0,0.008339020423591137,0.1094149500131607
0.005,10,down->up,2400.0,0.0107111856341362,0.1201406717300415
0.005,10,down->up,2600.0,0.010018877685070038,0.1313740313053131
0.005,10,down->up,2800.0,0.012631867080926895,0.16566365957260132
0.005,10,down->up,3000.0,0.012603981420397758,0.16530033946037292
0.005,10,down->up,3199.0,0.015722619369626045,0.200957253575325
0.005,10,down->up,3200.0,0.012103835120797157,0.052200742065906525
0.005,10,down->up,3400.0,0.008985931985080242,0.07742389291524887
0.005,10,down->up,3600.0,0.013661486096680164,0.15392239391803741
0.005,10,down->up,3800.0,0.012012737803161144,0.12399076670408249
0.005,10,down->up,4000.0,0.01335032470524311,0.16008564829826355
0.005,10,down->up,4200.0,0.013069532811641693,0.15447767078876495
0.005,10,down->up,4400.0,0.012904403731226921,0.15302138030529022
0.005,10,down->up,4600.0,0.017001893371343613,0.20056957006454468
0.005,10,down->up,4800.0,0.01751689612865448,0.20575009286403656
0.005,10,down->up,5000.0,0.018790053203701973,0.22582119703292847
0.005,10,down->up,5200.0,0.021126197651028633,0.27283623814582825
0.005,10,down->up,5400.0,0.020413029938936234,0.2600853145122528
0.005,10,down->up,5600.0,0.020160414278507233,0.2506442964076996
0.005,10,down->up,5800.0,0.028468864038586617,0.36840346455574036
0.005,10,down->up,6000.0,0.027733612805604935,0.3551827073097229
0.005,10,down->up,6200.0,0.03204186260700226,0.41550132632255554
0.005,10,down->up,6400.0,0.032738059759140015,0.4255017638206482
0.005,10,down->up,6600.0,0.03360315039753914,0.4354272186756134
0.005,10,down->up,6800.0,0.03485706076025963,0.45363104343414307
0.005,10,down->up,7000.0,0.040060948580503464,0.521980345249176
0.005,10,down->up,7200.0,0.03927300497889519,0.508628249168396
0.005,10,down->up,7400.0,0.03988373652100563,0.5204497575759888
0.005,10,down->up,7600.0,0.0377228707075119,0.49154481291770935
0.005,10,down->up,7800.0,0.038352932780981064,0.49764400720596313
0.005,10,down->up,7999.0,0.04130251333117485,0.5373637676239014
0.005,10,up->down,0.0,0.5724241733551025,0.9717687964439392
0.005,10,up->down,200.0,0.3749121427536011,0.8596035838127136
0.005,10,up->down,400.0,0.0750427395105362,0.9530312418937683
0.005,10,up->down,600.0,0.06908027827739716,0.8822831511497498
0.005,10,up->down,800.0,0.06688661873340607,0.8545419573783875
0.005,10,up->down,1000.0,0.06604769825935364,0.8494895100593567
0.005,10,up->down,1200.0,0.06567199528217316,0.8415787220001221
0.005,10,up->down,1400.0,0.06627778708934784,0.8542478084564209
0.005,10,up->down,1600.0,0.06466434895992279,0.8329493999481201
0.005,10,up->down,1800.0,0.06373588740825653,0.8220183253288269
0.005,10,up->down,2000.0,0.06465253233909607,0.8345821499824524
0.005,10,up->down,2200.0,0.06122678145766258,0.7774071097373962
0.005,10,up->down,2400.0,0.06134047731757164,0.7938457131385803
0.005,10,up->down,2600.0,0.05924804136157036,0.7654670476913452
0.005,10,up->down,2800.0,0.060116905719041824,0.7734910845756531
0.005,10,up->down,3000.0,0.05708582326769829,0.7393007278442383
0.005,10,up->down,3199.0,0.056960951536893845,0.7390402555465698
0.005,10,up->down,3200.0,0.06299172341823578,0.7478117942810059
0.005,10,up->down,3400.0,0.058088600635528564,0.754927396774292
0.005,10,up->down,3600.0,0.05815323814749718,0.7554080486297607
0.005,10,up->down,3800.0,0.05859699845314026,0.7613411545753479
0.005,10,up->down,4000.0,0.05828644707798958,0.757284939289093
0.005,10,up->down,4200.0,0.05839179828763008,0.758829653263092
0.005,10,up->down,4400.0,0.06144913658499718,0.7974873781204224
0.005,10,up->down,4600.0,0.061701927334070206,0.7983733415603638
0.005,10,up->down,4800.0,0.061791639775037766,0.8018237948417664
0.005,10,up->down,5000.0,0.06645072251558304,0.8602063059806824
0.005,10,up->down,5200.0,0.06637314707040787,0.8593451380729675
0.005,10,up->down,5400.0,0.06612032651901245,0.8557447195053101
0.005,10,up->down,5600.0,0.06244625523686409,0.8100597858428955
0.005,10,up->down,5800.0,0.06331754475831985,0.8209381103515625
0.005,10,up->down,6000.0,0.06862207502126694,0.8873685598373413
0.005,10,up->down,6200.0,0.06861187517642975,0.8872459530830383
0.005,10,up->down,6400.0,0.06810777634382248,0.8800002932548523
0.005,10,up->down,6600.0,0.06749135255813599,0.8732385039329529
0.005,10,up->down,6800.0,0.06598071753978729,0.8542495369911194
0.005,10,up->down,7000.0,0.06663917750120163,0.8626679182052612
0.005,10,up->down,7200.0,0.06614252924919128,0.856432318687439
0.005,10,up->down,7400.0,0.06652497500181198,0.8611463308334351
0.005,10,up->down,7600.0,0.06698571145534515,0.8670045733451843
0.005,10,up->down,7800.0,0.06679833680391312,0.7969041466712952
0.005,10,up->down,7999.0,0.06403081119060516,0.8299685716629028
0.005,20,up_rational,0.0,0.5720793008804321,0.9543707966804504
0.005,20,up_rational,200.0,0.18217355012893677,1.779685139656067
0.005,20,up_rational,400.0,0.19118565320968628,1.8225040435791016
0.005,20,up_rational,600.0,0.1921207755804062,1.8275070190429688
0.005,20,up_rational,800.0,0.19357888400554657,1.8237740993499756
0.005,20,up_rational,1000.0,0.19470252096652985,1.8375041484832764
0.005,20,up_rational,1200.0,0.1936512142419815,1.8250833749771118
0.005,20,up_rational,1400.0,0.1955210268497467,1.8379982709884644
0.005,20,up_rational,1600.0,0.1936652958393097,1.8313757181167603
0.005,20,up_rational,1800.0,0.19450563192367554,1.8213515281677246
0.005,20,up_rational,2000.0,0.19553512334823608,1.8368608951568604
0.005,20,up_rational,2200.0,0.19621573388576508,1.8358347415924072
0.005,20,up_rational,2400.0,0.19695988297462463,1.840900182723999
0.005,20,up_rational,2600.0,0.19676698744297028,1.835564374923706
0.005,20,up_rational,2800.0,0.19666573405265808,1.8434209823608398
0.005,20,up_rational,3000.0,0.19701455533504486,1.8392632007598877
0.005,20,up_rational,3200.0,0.1973273605108261,1.8434619903564453
0.005,20,up_rational,3400.0,0.19815556704998016,1.840679407119751
0.005,20,up_rational,3600.0,0.1971772015094757,1.8471845388412476
0.005,20,up_rational,3800.0,0.19676877558231354,1.8440470695495605
0.005,20,up_rational,4000.0,0.19732676446437836,1.841604471206665
0.005,20,up_rational,4200.0,0.19777259230613708,1.8504247665405273
0.005,20,up_rational,4400.0,0.19806517660617828,1.848404884338379
0.005,20,up_rational,4600.0,0.19781902432441711,1.8437789678573608
0.005,20,up_rational,4800.0,0.19867874681949615,1.8482353687286377
0.005,20,up_rational,5000.0,0.19861552119255066,1.8463072776794434
0.005,20,up_rational,5200.0,0.1986107975244522,1.8430863618850708
0.005,20,up_rational,5400.0,0.19927875697612762,1.8414885997772217
0.005,20,up_rational,5600.0,0.20063456892967224,1.8574590682983398
0.005,20,up_rational,5800.0,0.19912804663181305,1.8438948392868042
0.005,20,up_rational,6000.0,0.20071108639240265,1.8544989824295044
0.005,20,up_rational,6200.0,0.2007995992898941,1.856616497039795
0.005,20,up_rational,6400.0,0.2016172558069229,1.8509455919265747
0.005,20,up_rational,6600.0,0.20003820955753326,1.8451811075210571
0.005,20,up_rational,6800.0,0.2008129358291626,1.8506630659103394
0.005,20,up_rational,7000.0,0.20022910833358765,1.8434092998504639
0.005,20,up_rational,7200.0,0.20145681500434875,1.8446786403656006
0.005,20,up_rational,7400.0,0.20218777656555176,1.8578972816467285
0.005,20,up_rational,7600.0,0.202996164560318,1.8475042581558228
0.005,20,up_rational,7800.0,0.20486825704574585,1.8623379468917847
0.005,20,up_rational,7999.0,0.20368638634681702,1.8465900421142578
0.005,20,down_inv,0.0,0.5722175240516663,0.9514206051826477
0.005,20,down_inv,200.0,0.409549355506897,0.9151614904403687
0.005,20,down_inv,400.0,0.05702081695199013,0.7413300275802612
0.005,20,down_inv,600.0,0.05617811158299446,0.7287741303443909
0.005,20,down_inv,800.0,0.05458319932222366,0.7103699445724487
0.005,20,down_inv,1000.0,0.052641402930021286,0.6855875253677368
0.005,20,down_inv,1200.0,0.051070861518383026,0.6649730801582336
0.005,20,down_inv,1400.0,0.049703363329172134,0.6478697657585144
0.005,20,down_inv,1600.0,0.04870225116610527,0.6350604891777039
0.005,20,down_inv,1800.0,0.047471363097429276,0.6192705631256104
0.005,20,down_inv,2000.0,0.04615144059062004,0.6022617220878601
0.005,20,down_inv,2200.0,0.04596680402755737,0.5998144149780273
0.005,20,down_inv,2400.0,0.04490974545478821,0.586025595664978
0.005,20,down_inv,2600.0,0.04409891366958618,0.5756500363349915
0.005,20,down_inv,2800.0,0.041866835206747055,0.5468870997428894
0.005,20,down_inv,3000.0,0.04183058813214302,0.5464810132980347
0.005,20,down_inv,3200.0,0.03913126513361931,0.5110605359077454
0.005,20,down_inv,3400.0,0.03748641908168793,0.49018967151641846
0.005,20,down_inv,3600.0,0.03748376667499542,0.49014195799827576
0.005,20,down_inv,3800.0,0.036048661917448044,0.4715317189693451
0.005,20,down_inv,4000.0,0.035187896341085434,0.4603550434112549
0.005,20,down_inv,4200.0,0.03209737315773964,0.4172073304653168
0.005,20,down_inv,4400.0,0.031067950651049614,0.4067344665527344
0.005,20,down_inv,4600.0,0.031077874824404716,0.4068697988986969
0.005,20,down_inv,4800.0,0.030274899676442146,0.3964111804962158
0.005,20,down_inv,5000.0,0.03024265356361866,0.3959685266017914
0.005,20,down_inv,5200.0,0.026385491713881493,0.34563833475112915
0.005,20,down_inv,5400.0,0.026377113536000252,0.3455866873264313
0.005,20,down_inv,5600.0,0.020886309444904327,0.2718111276626587
0.005,20,down_inv,5800.0,0.019647886976599693,0.2575969994068146
0.005,20,down_inv,6000.0,0.017161497846245766,0.2104136049747467
0.005,20,down_inv,6200.0,0.015802733600139618,0.20725439488887787
0.005,20,down_inv,6400.0,0.015788765624165535,0.2070665955543518
0.005,20,down_inv,6600.0,0.013024876825511456,0.16165901720523834
0.005,20,down_inv,6800.0,0.011855142191052437,0.15551988780498505
0.005,20,down_inv,7000.0,0.011848566122353077,0.15543542802333832
0.005,20,down_inv,7200.0,0.005892779678106308,0.07732050865888596
0.005,20,down_inv,7400.0,0.005924829747527838,0.0777423158288002
0.005,20,down_inv,7600.0,0.005709613673388958,0.07294319570064545
0.005,20,down_inv,7800.0,0.004034811165183783,0.052942145615816116
0.005,20,down_inv,7999.0,0.004060859326273203,0.053288549184799194
0.005,20,uniform,0.0,0.5721607208251953,0.9528563022613525
0.005,20,uniform,200.0,0.0970870852470398,1.209413766860962
0.005,20,uniform,400.0,0.10010317713022232,1.248612880706787
0.005,20,uniform,600.0,0.10179048776626587,1.2715935707092285
0.005,20,uniform,800.0,0.10105720907449722,1.2607489824295044
0.005,20,uniform,1000.0,0.10016155987977982,1.2538591623306274
0.005,20,uniform,1200.0,0.10020159184932709,1.2546460628509521
0.005,20,uniform,1400.0,0.09811435639858246,1.2337268590927124
0.005,20,uniform,1600.0,0.09826318919658661,1.231650948524475
0.005,20,uniform,1800.0,0.10114697366952896,1.2672381401062012
0.005,20,uniform,2000.0,0.1005537360906601,1.2594133615493774
0.005,20,uniform,2200.0,0.09904015809297562,1.2410353422164917
0.005,20,uniform,2400.0,0.09839429706335068,1.234479546546936
0.005,20,uniform,2600.0,0.09936705231666565,1.2475675344467163
0.005,20,uniform,2800.0,0.09907730668783188,1.240788459777832
0.005,20,uniform,3000.0,0.09950128942728043,1.2487871646881104
0.005,20,uniform,3200.0,0.09891276061534882,1.2423523664474487
0.005,20,uniform,3400.0,0.09773261845111847,1.2290265560150146
0.005,20,uniform,3600.0,0.0992637425661087,1.2460308074951172
0.005,20,uniform,3800.0,0.09830431640148163,1.2351598739624023
0.005,20,uniform,4000.0,0.09875369817018509,1.2384573221206665
0.005,20,uniform,4200.0,0.10022996366024017,1.2578110694885254
0.005,20,uniform,4400.0,0.09962982684373856,1.251776099205017
0.005,20,uniform,4600.0,0.09952808916568756,1.249325156211853
0.005,20,uniform,4800.0,0.09779791533946991,1.2301998138427734
0.005,20,uniform,5000.0,0.09879208356142044,1.241204023361206
0.005,20,uniform,5200.0,0.10097038745880127,1.2666277885437012
0.005,20,uniform,5400.0,0.09980425983667374,1.2534266710281372
0.005,20,uniform,5600.0,0.10008721798658371,1.2565999031066895
0.005,20,uniform,5800.0,0.1007252112030983,1.2629328966140747
0.005,20,uniform,6000.0,0.10043541342020035,1.2608988285064697
0.005,20,uniform,6200.0,0.1013956218957901,1.2723076343536377
0.005,20,uniform,6400.0,0.09981299936771393,1.2543717622756958
0.005,20,uniform,6600.0,0.10211034119129181,1.2790807485580444
0.005,20,uniform,6800.0,0.09832929074764252,1.2335492372512817
0.005,20,uniform,7000.0,0.09950531274080276,1.2490737438201904
0.005,20,uniform,7200.0,0.09965510666370392,1.251688003540039
0.005,20,uniform,7400.0,0.09948809444904327,1.251578688621521
0.005,20,uniform,7600.0,0.10001949965953827,1.2546286582946777
0.005,20,uniform,7800.0,0.10048332065343857,1.2604986429214478
0.005,20,uniform,7999.0,0.10002102702856064,1.252516269683838
0.005,20,down->up,0.0,0.5722175240516663,0.9514206051826477
0.005,20,down->up,200.0,0.409549355506897,0.9151614904403687
0.005,20,down->up,400.0,0.05702081695199013,0.7413300275802612
0.005,20,down->up,600.0,0.05617811158299446,0.7287741303443909
0.005,20,down->up,800.0,0.05458319932222366,0.7103699445724487
0.005,20,down->up,1000.0,0.052641402930021286,0.6855875253677368
0.005,20,down->up,1200.0,0.051070861518383026,0.6649730801582336
0.005,20,down->up,1400.0,0.049703363329172134,0.6478697657585144
0.005,20,down->up,1600.0,0.04870225116610527,0.6350604891777039
0.005,20,down->up,1800.0,0.047471363097429276,0.6192705631256104
0.005,20,down->up,2000.0,0.04615144059062004,0.6022617220878601
0.005,20,down->up,2200.0,0.04596680402755737,0.5998144149780273
0.005,20,down->up,2400.0,0.04490974545478821,0.586025595664978
0.005,20,down->up,2600.0,0.04409891366958618,0.5756500363349915
0.005,20,down->up,2800.0,0.041866835206747055,0.5468870997428894
0.005,20,down->up,3000.0,0.04183058813214302,0.5464810132980347
0.005,20,down->up,3199.0,0.03894171491265297,0.5085217356681824
0.005,20,down->up,3200.0,0.04591130465269089,0.528688371181488
0.005,20,down->up,3400.0,0.03943343460559845,0.5007147192955017
0.005,20,down->up,3600.0,0.04069919139146805,0.5214842557907104
0.005,20,down->up,3800.0,0.04077352210879326,0.5184782147407532
0.005,20,down->up,4000.0,0.03904356434941292,0.507276177406311
0.005,20,down->up,4200.0,0.041048020124435425,0.5330510139465332
0.005,20,down->up,4400.0,0.03974573314189911,0.5096399784088135
0.005,20,down->up,4600.0,0.03921135514974594,0.5038648247718811
0.005,20,down->up,4800.0,0.03935052081942558,0.5107162594795227
0.005,20,down->up,5000.0,0.04006607085466385,0.5139783024787903
0.005,20,down->up,5200.0,0.039769694209098816,0.513469934463501
0.005,20,down->up,5400.0,0.038862474262714386,0.49971792101860046
0.005,20,down->up,5600.0,0.03896176442503929,0.5083256959915161
0.005,20,down->up,5800.0,0.038032062351703644,0.493541419506073
0.005,20,down->up,6000.0,0.03919175639748573,0.5015198588371277
0.005,20,down->up,6200.0,0.038707587867975235,0.4989084005355835
0.005,20,down->up,6400.0,0.03884653374552727,0.4974839389324188
0.005,20,down->up,6600.0,0.03703499957919121,0.4816880524158478
0.005,20,down->up,6800.0,0.036389827728271484,0.4743785262107849
0.005,20,down->up,7000.0,0.03725708648562431,0.48008811473846436
0.005,20,down->up,7200.0,0.03746122866868973,0.48282480239868164
0.005,20,down->up,7400.0,0.03699437901377678,0.48230084776878357
0.005,20,down->up,7600.0,0.03589430823922157,0.46857506036758423
0.005,20,down->up,7800.0,0.03645087406039238,0.4761919677257538
0.005,20,down->up,7999.0,0.0357443168759346,0.46361538767814636
0.005,20,up->down,0.0,0.5720793008804321,0.9543707966804504
0.005,20,up->down,200.0,0.18217355012893677,1.779685139656067
0.005,20,up->down,400.0,0.19118565320968628,1.8225040435791016
0.005,20,up->down,600.0,0.1921207755804062,1.8275070190429688
0.005,20,up->down,800.0,0.19357888400554657,1.8237740993499756
0.005,20,up->down,1000.0,0.19470252096652985,1.8375041484832764
0.005,20,up->down,1200.0,0.1936512142419815,1.8250833749771118
0.005,20,up->down,1400.0,0.1955210268497467,1.8379982709884644
0.005,20,up->down,1600.0,0.1936652958393097,1.8313757181167603
0.005,20,up->down,1800.0,0.19450563192367554,1.8213515281677246
0.005,20,up->down,2000.0,0.19553512334823608,1.8368608951568604
0.005,20,up->down,2200.0,0.19621573388576508,1.8358347415924072
0.005,20,up->down,2400.0,0.19695988297462463,1.840900182723999
0.005,20,up->down,2600.0,0.19676698744297028,1.835564374923706
0.005,20,up->down,2800.0,0.19666573405265808,1.8434209823608398
0.005,20,up->down,3000.0,0.19701455533504486,1.8392632007598877
0.005,20,up->down,3199.0,0.19752125442028046,1.841843843460083
0.005,20,up->down,3200.0,0.5719380378723145,0.9666954278945923
0.005,20,up->down,3400.0,0.3851184844970703,0.8632595539093018
0.005,20,up->down,3600.0,0.06634736061096191,0.8581137657165527
0.005,20,up->down,3800.0,0.06622356921434402,0.8568655848503113
0.005,20,up->down,4000.0,0.06705979257822037,0.8678817749023438
0.005,20,up->down,4200.0,0.06645770370960236,0.8562902808189392
0.005,20,up->down,4400.0,0.06542593985795975,0.8473988771438599
0.005,20,up->down,4600.0,0.06544732302427292,0.8477476239204407
0.005,20,up->down,4800.0,0.06518425792455673,0.8386452794075012
0.005,20,up->down,5000.0,0.06677542626857758,0.8643811345100403
0.005,20,up->down,5200.0,0.06673560291528702,0.8491804003715515
0.005,20,up->down,5400.0,0.0663418397307396,0.8589506149291992
0.005,20,up->down,5600.0,0.0666544958949089,0.8606194257736206
0.005,20,up->down,5800.0,0.06617829948663712,0.8532559275627136
0.005,20,up->down,6000.0,0.07230805605649948,0.9327628016471863
0.005,20,up->down,6200.0,0.07233261317014694,0.9333101511001587
0.005,20,up->down,6400.0,0.06734713166952133,0.8714398741722107
0.005,20,up->down,6600.0,0.06737534701824188,0.8718327879905701
0.005,20,up->down,6800.0,0.06801248341798782,0.8718438148498535
0.005,20,up->down,7000.0,0.06778769195079803,0.8769832253456116
0.005,20,up->down,7200.0,0.06876250356435776,0.8864444494247437
0.005,20,up->down,7400.0,0.06826464831829071,0.8829119205474854
0.005,20,up->down,7600.0,0.06764431297779083,0.8751110434532166
0.005,20,up->down,7800.0,0.0662844255566597,0.858214795589447
0.005,20,up->down,7999.0,0.06628389656543732,0.8581056594848633
0.005,30,up_rational,0.0,0.05770835652947426,0.6628319025039673
0.005,30,up_rational,200.0,0.05240529403090477,0.676170289516449
0.005,30,up_rational,400.0,0.05177709832787514,0.6679508686065674
0.005,30,up_rational,600.0,0.05351341888308525,0.6873242855072021
0.005,30,up_rational,800.0,0.05373816192150116,0.6897537112236023
0.005,30,up_rational,1000.0,0.05209280550479889,0.6752365827560425
0.005,30,up_rational,1200.0,0.05120149627327919,0.6521638631820679
0.005,30,up_rational,1400.0,0.05129855498671532,0.6653391122817993
0.005,30,up_rational,1600.0,0.053360216319561005,0.6943134665489197
0.005,30,up_rational,1800.0,0.05431573465466499,0.7000158429145813
0.005,30,up_rational,2000.0,0.05242550000548363,0.6765965223312378
0.005,30,up_rational,2200.0,0.0530783049762249,0.6753603219985962
0.005,30,up_rational,2400.0,0.05184829235076904,0.6716627478599548
0.005,30,up_rational,2600.0,0.05145561695098877,0.6665464043617249
0.005,30,up_rational,2800.0,0.05057316645979881,0.659165620803833
0.005,30,up_rational,3000.0,0.051417432725429535,0.6627371907234192
0.005,30,up_rational,3200.0,0.052342627197504044,0.6792195439338684
0.005,30,up_rational,3400.0,0.05478787049651146,0.7118484377861023
0.005,30,up_rational,3600.0,0.0568736307322979,0.7299191951751709
0.005,30,up_rational,3800.0,0.05077972635626793,0.6603921055793762
0.005,30,up_rational,4000.0,0.051420021802186966,0.6606855392456055
0.005,30,up_rational,4200.0,0.051947787404060364,0.6673523783683777
0.005,30,up_rational,4400.0,0.051669891923666,0.6604616045951843
0.005,30,up_rational,4600.0,0.04896736890077591,0.6365415453910828
0.005,30,up_rational,4800.0,0.04825510457158089,0.6187660098075867
0.005,30,up_rational,5000.0,0.050445307046175,0.6335234045982361
0.005,30,up_rational,5200.0,0.04894242808222771,0.6284212470054626
0.005,30,up_rational,5400.0,0.04732757434248924,0.6164652109146118
0.005,30,up_rational,5600.0,0.04681224748492241,0.6099292039871216
0.005,30,up_rational,5800.0,0.04527952894568443,0.5884641408920288
0.005,30,up_rational,6000.0,0.045789871364831924,0.5917357206344604
0.005,30,up_rational,6200.0,0.04556618630886078,0.5910330414772034
0.005,30,up_rational,6400.0,0.04683710262179375,0.6093114018440247
0.005,30,up_rational,6600.0,0.04661238193511963,0.604343831539154
0.005,30,up_rational,6800.0,0.045433688908815384,0.5910148024559021
0.005,30,up_rational,7000.0,0.04594017192721367,0.5989310145378113
0.005,30,up_rational,7200.0,0.04230360686779022,0.5521621704101562
0.005,30,up_rational,7400.0,0.04406458139419556,0.5725628137588501
0.005,30,up_rational,7600.0,0.04141770303249359,0.5401164889335632
0.005,30,up_rational,7800.0,0.044045038521289825,0.572556734085083
0.005,30,up_rational,7999.0,0.04319877177476883,0.5520106554031372
0.005,30,down_inv,0.0,0.056883130222558975,0.6464757919311523
0.005,30,down_inv,200.0,0.04941796138882637,0.6442590355873108
0.005,30,down_inv,400.0,0.049404386430978775,0.6438494920730591
0.005,30,down_inv,600.0,0.04953891783952713,0.6458148956298828
0.005,30,down_inv,800.0,0.04763152077794075,0.621136486530304
0.005,30,down_inv,1000.0,0.04150887206196785,0.5424242615699768
0.005,30,down_inv,1200.0,0.04233642667531967,0.5530279874801636
0.005,30,down_inv,1400.0,0.04830038174986839,0.629899799823761
0.005,30,down_inv,1600.0,0.048595525324344635,0.6334767937660217
0.005,30,down_inv,1800.0,0.046506401151418686,0.6070663928985596
0.005,30,down_inv,2000.0,0.0460192933678627,0.6005491614341736
0.005,30,down_inv,2200.0,0.04605259746313095,0.600981593132019
0.005,30,down_inv,2400.0,0.04640137031674385,0.6053938269615173
0.005,30,down_inv,2600.0,0.044901665300130844,0.5848226547241211
0.005,30,down_inv,2800.0,0.04996665567159653,0.6513057947158813
0.005,30,down_inv,3000.0,0.049555011093616486,0.6460162401199341
0.005,30,down_inv,3200.0,0.0468566007912159,0.6113435626029968
0.005,30,down_inv,3400.0,0.0435979925096035,0.5687400698661804
0.005,30,down_inv,3600.0,0.043934039771556854,0.5736526846885681
0.005,30,down_inv,3800.0,0.043946344405412674,0.5738064646720886
0.005,30,down_inv,4000.0,0.04381619766354561,0.5721544027328491
0.005,30,down_inv,4200.0,0.04661088064312935,0.6080951690673828
0.005,30,down_inv,4400.0,0.04638224467635155,0.6052374839782715
0.005,30,down_inv,4600.0,0.04989029839634895,0.6144576668739319
0.005,30,down_inv,4800.0,0.04249843209981918,0.555108368396759
0.005,30,down_inv,5000.0,0.04261113703250885,0.5565685629844666
0.005,30,down_inv,5200.0,0.04268172010779381,0.5575525760650635
0.005,30,down_inv,5400.0,0.04576915130019188,0.5972913503646851
0.005,30,down_inv,5600.0,0.04574133828282356,0.5969640016555786
0.005,30,down_inv,5800.0,0.044288840144872665,0.5774314403533936
0.005,30,down_inv,6000.0,0.04426098242402077,0.5778445601463318
0.005,30,down_inv,6200.0,0.044277604669332504,0.5780598521232605
0.005,30,down_inv,6400.0,0.04563172906637192,0.5955744385719299
0.005,30,down_inv,6600.0,0.04567107930779457,0.596017062664032
0.005,30,down_inv,6800.0,0.04487018659710884,0.5856093168258667
0.005,30,down_inv,7000.0,0.045663297176361084,0.5704639554023743
0.005,30,down_inv,7200.0,0.05593208968639374,0.7275469303131104
0.005,30,down_inv,7400.0,0.05592431128025055,0.727421760559082
0.005,30,down_inv,7600.0,0.05594675987958908,0.7277440428733826
0.005,30,down_inv,7800.0,0.054952703416347504,0.7150139808654785
0.005,30,down_inv,7999.0,0.05514535680413246,0.7173973321914673
0.005,30,uniform,0.0,0.057560995221138,0.6575828790664673
0.005,30,uniform,200.0,0.050964973866939545,0.662075400352478
0.005,30,uniform,400.0,0.052167680114507675,0.6769934296607971
0.005,30,uniform,600.0,0.052178528159856796,0.6726442575454712
0.005,30,uniform,800.0,0.049686964601278305,0.6467016935348511
0.005,30,uniform,1000.0,0.05004379153251648,0.650615930557251
0.005,30,uniform,1200.0,0.048255592584609985,0.6281529664993286
0.005,30,uniform,1400.0,0.04865282401442528,0.6321435570716858
0.005,30,uniform,1600.0,0.04950081557035446,0.6152576208114624
0.005,30,uniform,1800.0,0.049060944467782974,0.6367287039756775
0.005,30,uniform,2000.0,0.047878947108983994,0.6236944794654846
0.005,30,uniform,2200.0,0.04810985550284386,0.6209242939949036
0.005,30,uniform,2400.0,0.04642106220126152,0.6051503419876099
0.005,30,uniform,2600.0,0.04679354652762413,0.6085381507873535
0.005,30,uniform,2800.0,0.047891728579998016,0.6219544410705566
0.005,30,uniform,3000.0,0.04804294928908348,0.6243671178817749
0.005,30,uniform,3200.0,0.048286911100149155,0.6292383670806885
0.005,30,uniform,3400.0,0.04828865826129913,0.6283738017082214
0.005,30,uniform,3600.0,0.048045288771390915,0.6253283619880676
0.005,30,uniform,3800.0,0.04718827083706856,0.6151123046875
0.005,30,uniform,4000.0,0.04999639093875885,0.6504660844802856
0.005,30,uniform,4200.0,0.04999193176627159,0.6501691937446594
0.005,30,uniform,4400.0,0.04780341312289238,0.6229552030563354
0.005,30,uniform,4600.0,0.04721348360180855,0.6153682470321655
0.005,30,uniform,4800.0,0.046172864735126495,0.5993936061859131
0.005,30,uniform,5000.0,0.04776368662714958,0.6220641136169434
0.005,30,uniform,5200.0,0.04767215996980667,0.6193050146102905
0.005,30,uniform,5400.0,0.04664895310997963,0.6048669815063477
0.005,30,uniform,5600.0,0.04736294224858284,0.6147084832191467
0.005,30,uniform,5800.0,0.048945292830467224,0.6383125185966492
0.005,30,uniform,6000.0,0.04703396558761597,0.6130772233009338
0.005,30,uniform,6200.0,0.04771912097930908,0.6211509108543396
0.005,30,uniform,6400.0,0.04660608619451523,0.6077626943588257
0.005,30,uniform,6600.0,0.0463007353246212,0.6022722125053406
0.005,30,uniform,6800.0,0.04554186388850212,0.5920577049255371
0.005,30,uniform,7000.0,0.046889156103134155,0.6082667708396912
0.005,30,uniform,7200.0,0.04740253835916519,0.6159696578979492
0.005,30,uniform,7400.0,0.0443907305598259,0.5794863104820251
0.005,30,uniform,7600.0,0.04343600943684578,0.565264105796814
0.005,30,uniform,7800.0,0.044728830456733704,0.5790704488754272
0.005,30,uniform,7999.0,0.044770125299692154,0.5844570398330688
0.005,30,down->up,0.0,0.056883130222558975,0.6464757919311523
0.005,30,down->up,200.0,0.04941796138882637,0.6442590355873108
0.005,30,down->up,400.0,0.049404386430978775,0.6438494920730591
0.005,30,down->up,600.0,0.04953891783952713,0.6458148956298828
0.005,30,down->up,800.0,0.04763152077794075,0.621136486530304
0.005,30,down->up,1000.0,0.04150887206196785,0.5424242615699768
0.005,30,down->up,1200.0,0.04233642667531967,0.5530279874801636
0.005,30,down->up,1400.0,0.04830038174986839,0.629899799823761
0.005,30,down->up,1600.0,0.048595525324344635,0.6334767937660217
0.005,30,down->up,1800.0,0.046506401151418686,0.6070663928985596
0.005,30,down->up,2000.0,0.0460192933678627,0.6005491614341736
0.005,30,down->up,2200.0,0.04605259746313095,0.600981593132019
0.005,30,down->up,2400.0,0.04640137031674385,0.6053938269615173
0.005,30,down->up,2600.0,0.044901665300130844,0.5848226547241211
0.005,30,down->up,2800.0,0.04996665567159653,0.6513057947158813
0.005,30,down->up,3000.0,0.049555011093616486,0.6460162401199341
0.005,30,down->up,3199.0,0.04686030372977257,0.6113807559013367
0.005,30,down->up,3200.0,0.049847640097141266,0.5949749946594238
0.005,30,down->up,3400.0,0.04636320471763611,0.6018447279930115
0.005,30,down->up,3600.0,0.04747278615832329,0.6180083155632019
0.005,30,down->up,3800.0,0.04986780509352684,0.6483588218688965
0.005,30,down->up,4000.0,0.05070365592837334,0.6553812623023987
0.005,30,down->up,4200.0,0.04749784991145134,0.6167020797729492
0.005,30,down->up,4400.0,0.04889492318034172,0.6328473687171936
0.005,30,down->up,4600.0,0.05346842482686043,0.6925281286239624
0.005,30,down->up,4800.0,0.054402273148298264,0.7054209113121033
0.005,30,down->up,5000.0,0.05596831440925598,0.7202690839767456
0.005,30,down->up,5200.0,0.05592290312051773,0.7249335646629333
0.005,30,down->up,5400.0,0.05517803877592087,0.7127543687820435
0.005,30,down->up,5600.0,0.052044570446014404,0.6668223738670349
0.005,30,down->up,5800.0,0.05151591822504997,0.6688967943191528
0.005,30,down->up,6000.0,0.05314651504158974,0.6747876405715942
0.005,30,down->up,6200.0,0.052701324224472046,0.68430495262146
0.005,30,down->up,6400.0,0.05657199025154114,0.7309018969535828
0.005,30,down->up,6600.0,0.058502811938524246,0.7540323138237
0.005,30,down->up,6800.0,0.05823756381869316,0.7432124018669128
0.005,30,down->up,7000.0,0.05502565577626228,0.706890881061554
0.005,30,down->up,7200.0,0.055404793471097946,0.7145458459854126
0.005,30,down->up,7400.0,0.05602690950036049,0.718479573726654
0.005,30,down->up,7600.0,0.05694688484072685,0.7391150593757629
0.005,30,down->up,7800.0,0.05564281344413757,0.7234637141227722
0.005,30,down->up,7999.0,0.06092322990298271,0.7887127995491028
0.005,30,up->down,0.0,0.05770835652947426,0.6628319025039673
0.005,30,up->down,200.0,0.05240529403090477,0.676170289516449
0.005,30,up->down,400.0,0.05177709832787514,0.6679508686065674
0.005,30,up->down,600.0,0.05351341888308525,0.6873242855072021
0.005,30,up->down,800.0,0.05373816192150116,0.6897537112236023
0.005,30,up->down,1000.0,0.05209280550479889,0.6752365827560425
0.005,30,up->down,1200.0,0.05120149627327919,0.6521638631820679
0.005,30,up->down,1400.0,0.05129855498671532,0.6653391122817993
0.005,30,up->down,1600.0,0.053360216319561005,0.6943134665489197
0.005,30,up->down,1800.0,0.05431573465466499,0.7000158429145813
0.005,30,up->down,2000.0,0.05242550000548363,0.6765965223312378
0.005,30,up->down,2200.0,0.0530783049762249,0.6753603219985962
0.005,30,up->down,2400.0,0.05184829235076904,0.6716627478599548
0.005,30,up->down,2600.0,0.05145561695098877,0.6665464043617249
0.005,30,up->down,2800.0,0.05057316645979881,0.659165620803833
0.005,30,up->down,3000.0,0.051417432725429535,0.6627371907234192
0.005,30,up->down,3199.0,0.053082942962646484,0.6890780329704285
0.005,30,up->down,3200.0,0.05307262763381004,0.6693231463432312
0.005,30,up->down,3400.0,0.04464998096227646,0.5828682780265808
0.005,30,up->down,3600.0,0.047213081270456314,0.6158978343009949
0.005,30,up->down,3800.0,0.04717005044221878,0.615353524684906
0.005,30,up->down,4000.0,0.04812369495630264,0.6272911429405212
0.005,30,up->down,4200.0,0.04844409599900246,0.6317501664161682
0.005,30,up->down,4400.0,0.05491138994693756,0.7145207524299622
0.005,30,up->down,4600.0,0.054904911667108536,0.7144589424133301
0.005,30,up->down,4800.0,0.054960206151008606,0.7151184678077698
0.005,30,up->down,5000.0,0.061071429401636124,0.7903843522071838
0.005,30,up->down,5200.0,0.060657575726509094,0.7875115275382996
0.005,30,up->down,5400.0,0.06057650223374367,0.7864886522293091
0.005,30,up->down,5600.0,0.0568169429898262,0.7382733225822449
0.005,30,up->down,5800.0,0.05728708580136299,0.7448201775550842
0.005,30,up->down,6000.0,0.058233264833688736,0.7567099332809448
0.005,30,up->down,6200.0,0.05809387192130089,0.7550520896911621
0.005,30,up->down,6400.0,0.060605984181165695,0.7869256734848022
0.005,30,up->down,6600.0,0.0606435090303421,0.787318766117096
0.005,30,up->down,6800.0,0.06063572317361832,0.7872255444526672
0.005,30,up->down,7000.0,0.06026087701320648,0.782446563243866
0.005,30,up->down,7200.0,0.06021600589156151,0.7820525765419006
0.005,30,up->down,7400.0,0.06562399864196777,0.8499734401702881
0.005,30,up->down,7600.0,0.0655142143368721,0.8485994338989258
0.005,30,up->down,7800.0,0.06462863087654114,0.8371800780296326
0.005,30,up->down,7999.0,0.06452194601297379,0.8361797332763672
0.005,40,up_rational,0.0,0.015649259090423584,0.15545208752155304
0.005,40,up_rational,200.0,0.017769906669855118,0.2200963795185089
0.005,40,up_rational,400.0,0.01595814898610115,0.1896667182445526
0.005,40,up_rational,600.0,0.01798436976969242,0.224831223487854
0.005,40,up_rational,800.0,0.01562085933983326,0.2031988799571991
0.005,40,up_rational,1000.0,0.015764981508255005,0.2056092619895935
0.005,40,up_rational,1200.0,0.015153275802731514,0.1974472552537918
0.005,40,up_rational,1400.0,0.014392462559044361,0.17702485620975494
0.005,40,up_rational,1600.0,0.013001587241888046,0.1662730872631073
0.005,40,up_rational,1800.0,0.009925667196512222,0.12907664477825165
0.005,40,up_rational,2000.0,0.008037588559091091,0.1042347177863121
0.005,40,up_rational,2200.0,0.010754519142210484,0.12668395042419434
0.005,40,up_rational,2400.0,0.010819104500114918,0.12022866308689117
0.005,40,up_rational,2600.0,0.0074022081680595875,0.08823425322771072
0.005,40,up_rational,2800.0,0.021144049242138863,0.11748962104320526
0.005,40,up_rational,3000.0,0.005929362028837204,0.0626680999994278
0.005,40,up_rational,3200.0,0.0038334366399794817,0.03589101508259773
0.005,40,up_rational,3400.0,0.004494701977819204,0.03836473450064659
0.005,40,up_rational,3600.0,0.005718284752219915,0.01770366169512272
0.005,40,up_rational,3800.0,0.003654583590105176,0.025178927928209305
0.005,40,up_rational,4000.0,0.002294698730111122,0.020983252674341202
0.005,40,up_rational,4200.0,0.0038102471735328436,0.009754559025168419
0.005,40,up_rational,4400.0,0.008126487955451012,0.048346057534217834
0.005,40,up_rational,4600.0,0.006679634563624859,0.0750097706913948
0.005,40,up_rational,4800.0,0.006700065918266773,0.06482621282339096
0.005,40,up_rational,5000.0,0.006704234518110752,0.07012564688920975
0.005,40,up_rational,5200.0,0.011382248252630234,0.11183730512857437
0.005,40,up_rational,5400.0,0.011749127879738808,0.1528346985578537
0.005,40,up_rational,5600.0,0.014080903492867947,0.16443318128585815
0.005,40,up_rational,5800.0,0.012931112200021744,0.16849228739738464
0.005,40,up_rational,6000.0,0.014222554862499237,0.17770174145698547
0.005,40,up_rational,6200.0,0.010826756246387959,0.13861455023288727
0.005,40,up_rational,6400.0,0.008771979250013828,0.1132185161113739
0.005,40,up_rational,6600.0,0.010124051943421364,0.13297227025032043
0.005,40,up_rational,6800.0,0.014417516067624092,0.18572688102722168
0.005,40,up_rational,7000.0,0.01368346530944109,0.17601285874843597
0.005,40,up_rational,7200.0,0.013202515430748463,0.16837716102600098
0.005,40,up_rational,7400.0,0.01572912186384201,0.19895818829536438
0.005,40,up_rational,7600.0,0.01573704369366169,0.20636597275733948
0.005,40,up_rational,7800.0,0.018319685012102127,0.2357960045337677
0.005,40,up_rational,7999.0,0.012656413950026035,0.16531766951084137
0.005,40,down_inv,0.0,0.015005942434072495,0.15276312828063965
0.005,40,down_inv,200.0,0.014580009505152702,0.1912027895450592
0.005,40,down_inv,400.0,0.01258636824786663,0.1650371104478836
0.005,40,down_inv,600.0,0.01250012218952179,0.1639554649591446
0.005,40,down_inv,800.0,0.011819799430668354,0.1550515592098236
0.005,40,down_inv,1000.0,0.012657739222049713,0.1660403162240982
0.005,40,down_inv,1200.0,0.019146636128425598,0.25088924169540405
0.005,40,down_inv,1400.0,0.01971413381397724,0.2584717571735382
0.005,40,down_inv,1600.0,0.01964389719069004,0.2575269341468811
0.005,40,down_inv,1800.0,0.02050047554075718,0.2686866521835327
0.005,40,down_inv,2000.0,0.019667567685246468,0.25783994793891907
0.005,40,down_inv,2200.0,0.01765086129307747,0.23153075575828552
0.005,40,down_inv,2400.0,0.01746632717549801,0.22904092073440552
0.005,40,down_inv,2600.0,0.01744181662797928,0.22871935367584229
0.005,40,down_inv,2800.0,0.01741812936961651,0.22841043770313263
0.005,40,down_inv,3000.0,0.01738901436328888,0.2280401587486267
0.005,40,down_inv,3200.0,0.019207868725061417,0.23218011856079102
0.005,40,down_inv,3400.0,0.020455913618206978,0.26816847920417786
0.005,40,down_inv,3600.0,0.020401833578944206,0.267467200756073
0.005,40,down_inv,3800.0,0.02036360837519169,0.266963928937912
0.005,40,down_inv,4000.0,0.02024732530117035,0.26520243287086487
0.005,40,down_inv,4200.0,0.01952984184026718,0.24300652742385864
0.005,40,down_inv,4400.0,0.020472809672355652,0.2683907747268677
0.005,40,down_inv,4600.0,0.020463114604353905,0.2682593762874603
0.005,40,down_inv,4800.0,0.02049792744219303,0.26873594522476196
0.005,40,down_inv,5000.0,0.01720835454761982,0.22550015151500702
0.005,40,down_inv,5200.0,0.01517715584486723,0.1857718676328659
0.005,40,down_inv,5400.0,0.014250784181058407,0.18692180514335632
0.005,40,down_inv,5600.0,0.0142506780102849,0.18691956996917725
0.005,40,down_inv,5800.0,0.01425918098539114,0.18703053891658783
0.005,40,down_inv,6000.0,0.014369959942996502,0.18854935467243195
0.005,40,down_inv,6200.0,0.013231756165623665,0.17354589700698853
0.005,40,down_inv,6400.0,0.012985280714929104,0.1701315939426422
0.005,40,down_inv,6600.0,0.013277503661811352,0.17418789863586426
0.005,40,down_inv,6800.0,0.013243238441646099,0.171458899974823
0.005,40,down_inv,7000.0,0.013429100625216961,0.17614953219890594
0.005,40,down_inv,7200.0,0.01341478805989027,0.17595990002155304
0.005,40,down_inv,7400.0,0.013435455970466137,0.17623504996299744
0.005,40,down_inv,7600.0,0.015618544071912766,0.1985567957162857
0.005,40,down_inv,7800.0,0.013153930194675922,0.17229537665843964
0.005,40,down_inv,7999.0,0.012745469808578491,0.16335777938365936
0.005,40,uniform,0.0,0.015707949176430702,0.15199194848537445
0.005,40,uniform,200.0,0.013717778958380222,0.1760939657688141
0.005,40,uniform,400.0,0.012441003695130348,0.1621582806110382
0.005,40,uniform,600.0,0.010776643641293049,0.14139147102832794
0.005,40,uniform,800.0,0.012220256961882114,0.13469399511814117
0.005,40,uniform,1000.0,0.011857263743877411,0.15175966918468475
0.005,40,uniform,1200.0,0.012005546130239964,0.15117622911930084
0.005,40,uniform,1400.0,0.0122523857280612,0.15052355825901031
0.005,40,uniform,1600.0,0.013192915357649326,0.14983756840229034
0.005,40,uniform,1800.0,0.011284632608294487,0.14755651354789734
0.005,40,uniform,2000.0,0.014313791878521442,0.108221635222435
0.005,40,uniform,2200.0,0.01040315069258213,0.1365058571100235
0.005,40,uniform,2400.0,0.011034028604626656,0.1345698982477188
0.005,40,uniform,2600.0,0.010391369462013245,0.13551676273345947
0.005,40,uniform,2800.0,0.009970877319574356,0.115606389939785
0.005,40,uniform,3000.0,0.009471854194998741,0.12391554564237595
0.005,40,uniform,3200.0,0.008187136612832546,0.1014876440167427
0.005,40,uniform,3400.0,0.008559044450521469,0.09432583302259445
0.005,40,uniform,3600.0,0.007689540274441242,0.09949205815792084
0.005,40,uniform,3800.0,0.007207483518868685,0.09240901470184326
0.005,40,uniform,4000.0,0.011198614723980427,0.14475809037685394
0.005,40,uniform,4200.0,0.011657330207526684,0.14016570150852203
0.005,40,uniform,4400.0,0.010452669113874435,0.13673795759677887
0.005,40,uniform,4600.0,0.012370984070003033,0.15986168384552002
0.005,40,uniform,4800.0,0.015174868516623974,0.1663871705532074
0.005,40,uniform,5000.0,0.00845744926482439,0.10760758817195892
0.005,40,uniform,5200.0,0.008227360434830189,0.09156205505132675
0.005,40,uniform,5400.0,0.007886961102485657,0.07312572002410889
0.005,40,uniform,5600.0,0.0064858547411859035,0.08484912663698196
0.005,40,uniform,5800.0,0.0065977247431874275,0.08507946133613586
0.005,40,uniform,6000.0,0.00640110345557332,0.08350929617881775
0.005,40,uniform,6200.0,0.008340050466358662,0.09767914563417435
0.005,40,uniform,6400.0,0.006054018624126911,0.07678401470184326
0.005,40,uniform,6600.0,0.007149895653128624,0.09220968931913376
0.005,40,uniform,6800.0,0.006757692433893681,0.08839645236730576
0.005,40,uniform,7000.0,0.004448505584150553,0.040435124188661575
0.005,40,uniform,7200.0,0.004309493582695723,0.021186385303735733
0.005,40,uniform,7400.0,0.00870396289974451,0.07153025269508362
0.005,40,uniform,7600.0,0.00717958016321063,0.08951003849506378
0.005,40,uniform,7800.0,0.005740165710449219,0.06774012744426727
0.005,40,uniform,7999.0,0.0065422966144979,0.08135942369699478
0.005,40,down->up,0.0,0.015005942434072495,0.15276312828063965
0.005,40,down->up,200.0,0.014580009505152702,0.1912027895450592
0.005,40,down->up,400.0,0.01258636824786663,0.1650371104478836
0.005,40,down->up,600.0,0.01250012218952179,0.1639554649591446
0.005,40,down->up,800.0,0.011819799430668354,0.1550515592098236
0.005,40,down->up,1000.0,0.012657739222049713,0.1660403162240982
0.005,40,down->up,1200.0,0.019146636128425598,0.25088924169540405
0.005,40,down->up,1400.0,0.01971413381397724,0.2584717571735382
0.005,40,down->up,1600.0,0.01964389719069004,0.2575269341468811
0.005,40,down->up,1800.0,0.02050047554075718,0.2686866521835327
0.005,40,down->up,2000.0,0.019667567685246468,0.25783994793891907
0.005,40,down->up,2200.0,0.01765086129307747,0.23153075575828552
0.005,40,down->up,2400.0,0.01746632717549801,0.22904092073440552
0.005,40,down->up,2600.0,0.01744181662797928,0.22871935367584229
0.005,40,down->up,2800.0,0.01741812936961651,0.22841043770313263
0.005,40,down->up,3000.0,0.01738901436328888,0.2280401587486267
0.005,40,down->up,3199.0,0.01729569211602211,0.22529803216457367
0.005,40,down->up,3200.0,0.026382384821772575,0.15916694700717926
0.005,40,down->up,3400.0,0.021519053727388382,0.2686731219291687
0.005,40,down->up,3600.0,0.021252792328596115,0.27712708711624146
0.005,40,down->up,3800.0,0.02270747534930706,0.2806907594203949
0.005,40,down->up,4000.0,0.021968545392155647,0.28098416328430176
0.005,40,down->up,4200.0,0.018618209287524223,0.23320437967777252
0.005,40,down->up,4400.0,0.01798383891582489,0.2086840718984604
0.005,40,down->up,4600.0,0.018136685714125633,0.23168765008449554
0.005,40,down->up,4800.0,0.016825761646032333,0.21740956604480743
0.005,40,down->up,5000.0,0.015179376117885113,0.1920219361782074
0.005,40,down->up,5200.0,0.013275928795337677,0.16632473468780518
0.005,40,down->up,5400.0,0.013837885111570358,0.17277780175209045
0.005,40,down->up,5600.0,0.013320259749889374,0.1470993310213089
0.005,40,down->up,5800.0,0.012424699030816555,0.1609100103378296
0.005,40,down->up,6000.0,0.013937308453023434,0.15293912589550018
0.005,40,down->up,6200.0,0.01199640054255724,0.11722324043512344
0.005,40,down->up,6400.0,0.009665594436228275,0.10847984254360199
0.005,40,down->up,6600.0,0.008480238728225231,0.09017924219369888
0.005,40,down->up,6800.0,0.006867518648505211,0.0876830667257309
0.005,40,down->up,7000.0,0.005901986267417669,0.07439330220222473
0.005,40,down->up,7200.0,0.005824306979775429,0.050335802137851715
0.005,40,down->up,7400.0,0.009198230691254139,0.07491441071033478
0.005,40,down->up,7600.0,0.009918490424752235,0.07922356575727463
0.005,40,down->up,7800.0,0.006036773789674044,0.07705821096897125
0.005,40,down->up,7999.0,0.013885242864489555,0.06334573775529861
0.005,40,up->down,0.0,0.015649259090423584,0.15545208752155304
0.005,40,up->down,200.0,0.017769906669855118,0.2200963795185089
0.005,40,up->down,400.0,0.01595814898610115,0.1896667182445526
0.005,40,up->down,600.0,0.01798436976969242,0.224831223487854
0.005,40,up->down,800.0,0.01562085933983326,0.2031988799571991
0.005,40,up->down,1000.0,0.015764981508255005,0.2056092619895935
0.005,40,up->down,1200.0,0.015153275802731514,0.1974472552537918
0.005,40,up->down,1400.0,0.014392462559044361,0.17702485620975494
0.005,40,up->down,1600.0,0.013001587241888046,0.1662730872631073
0.005,40,up->down,1800.0,0.009925667196512222,0.12907664477825165
0.005,40,up->down,2000.0,0.008037588559091091,0.1042347177863121
0.005,40,up->down,2200.0,0.010754519142210484,0.12668395042419434
0.005,40,up->down,2400.0,0.010819104500114918,0.12022866308689117
0.005,40,up->down,2600.0,0.0074022081680595875,0.08823425322771072
0.005,40,up->down,2800.0,0.021144049242138863,0.11748962104320526
0.005,40,up->down,3000.0,0.005929362028837204,0.0626680999994278
0.005,40,up->down,3199.0,0.002243495313450694,0.01790936104953289
0.005,40,up->down,3200.0,0.02734399400651455,0.14858293533325195
0.005,40,up->down,3400.0,0.005678389687091112,0.07450475543737411
0.005,40,up->down,3600.0,0.005606859922409058,0.07356032729148865
0.005,40,up->down,3800.0,0.004015811253339052,0.052550673484802246
0.005,40,up->down,4000.0,0.0031767915934324265,0.03515547513961792
0.005,40,up->down,4200.0,0.0015672532608732581,0.020553655922412872
0.005,40,up->down,4400.0,0.0015474895481020212,0.02016783319413662
0.005,40,up->down,4600.0,0.005579223390668631,0.07304858416318893
0.005,40,up->down,4800.0,0.005116970743983984,0.06685033440589905
0.005,40,up->down,5000.0,0.008436079137027264,0.11067544668912888
0.005,40,up->down,5200.0,0.008392930030822754,0.10988051444292068
0.005,40,up->down,5400.0,0.008429931476712227,0.11059370636940002
0.005,40,up->down,5600.0,0.008415354415774345,0.11042604595422745
0.005,40,up->down,5800.0,0.009501050226390362,0.12463433295488358
0.005,40,up->down,6000.0,0.009482571855187416,0.12441298365592957
0.005,40,up->down,6200.0,0.009646041318774223,0.12616148591041565
0.005,40,up->down,6400.0,0.010156459175050259,0.13248088955879211
0.005,40,up->down,6600.0,0.01162012480199337,0.15243731439113617
0.005,40,up->down,6800.0,0.011536662466824055,0.15100263059139252
0.005,40,up->down,7000.0,0.013611645437777042,0.17786414921283722
0.005,40,up->down,7200.0,0.02007448486983776,0.2558603882789612
0.005,40,up->down,7400.0,0.018409447744488716,0.24139301478862762
0.005,40,up->down,7600.0,0.018375275656580925,0.24092021584510803
0.005,40,up->down,7800.0,0.011615405790507793,0.1516457498073578
0.005,40,up->down,7999.0,0.012168061919510365,0.15961918234825134
0.003,0,up_rational,0.0,0.06044447422027588,0.9175740480422974
0.003,0,up_rational,200.0,0.04949018359184265,0.8273367285728455
0.003,0,up_rational,400.0,0.04886537790298462,0.8198740482330322
0.003,0,up_rational,600.0,0.05049308389425278,0.8432009220123291
0.003,0,up_rational,800.0,0.048759594559669495,0.805615246295929
0.003,0,up_rational,1000.0,0.047039952129125595,0.7844803333282471
0.003,0,up_rational,1200.0,0.04685555025935173,0.7835350632667542
0.003,0,up_rational,1400.0,0.045768093317747116,0.7667567729949951
0.003,0,up_rational,1600.0,0.044343169778585434,0.7413924932479858
0.003,0,up_rational,1800.0,0.04876808449625969,0.8163124918937683
0.003,0,up_rational,2000.0,0.04809408634901047,0.8059377670288086
0.003,0,up_rational,2200.0,0.05008682236075401,0.8348193764686584
0.003,0,up_rational,2400.0,0.04894494265317917,0.8006015419960022
0.003,0,up_rational,2600.0,0.045041851699352264,0.7489436864852905
0.003,0,up_rational,2800.0,0.04486580565571785,0.7449751496315002
0.003,0,up_rational,3000.0,0.04460844770073891,0.7500178217887878
0.003,0,up_rational,3200.0,0.043086860328912735,0.7241511940956116
0.003,0,up_rational,3400.0,0.041862040758132935,0.6953071355819702
0.003,0,up_rational,3600.0,0.040209680795669556,0.6649546027183533
0.003,0,up_rational,3800.0,0.040844254195690155,0.6876128911972046
0.003,0,up_rational,4000.0,0.0407266765832901,0.6803116798400879
0.003,0,up_rational,4200.0,0.039618927985429764,0.6649564504623413
0.003,0,up_rational,4400.0,0.03863299638032913,0.6479427814483643
0.003,0,up_rational,4600.0,0.0386275015771389,0.6501383185386658
0.003,0,up_rational,4800.0,0.03531527891755104,0.5957733988761902
0.003,0,up_rational,5000.0,0.03675425052642822,0.619296133518219
0.003,0,up_rational,5200.0,0.03446479141712189,0.5733118057250977
0.003,0,up_rational,5400.0,0.035132285207509995,0.5926803350448608
0.003,0,up_rational,5600.0,0.032781653106212616,0.5528447031974792
0.003,0,up_rational,5800.0,0.03125964477658272,0.5260277390480042
0.003,0,up_rational,6000.0,0.03033708594739437,0.5088130235671997
0.003,0,up_rational,6200.0,0.029760265722870827,0.49916818737983704
0.003,0,up_rational,6400.0,0.029411496594548225,0.49528589844703674
0.003,0,up_rational,6600.0,0.028144361451268196,0.47597697377204895
0.003,0,up_rational,6800.0,0.02824961394071579,0.4644823670387268
0.003,0,up_rational,7000.0,0.024727120995521545,0.4128395617008209
0.003,0,up_rational,7200.0,0.02379930019378662,0.37976041436195374
0.003,0,up_rational,7400.0,0.020817775279283524,0.349388062953949
0.003,0,up_rational,7600.0,0.021611923351883888,0.3661549389362335
0.003,0,up_rational,7800.0,0.020260032266378403,0.3414600193500519
0.003,0,up_rational,7999.0,0.017374739050865173,0.2923808693885803
0.003,0,down_inv,0.0,0.060277070850133896,0.9176362156867981
0.003,0,down_inv,200.0,0.05121367797255516,0.8581075668334961
0.003,0,down_inv,400.0,0.051247529685497284,0.858659029006958
0.003,0,down_inv,600.0,0.04956594482064247,0.8294832110404968
0.003,0,down_inv,800.0,0.0490649938583374,0.8232461810112
0.003,0,down_inv,1000.0,0.04791318625211716,0.8041030168533325
0.003,0,down_inv,1200.0,0.04726175218820572,0.7936094403266907
0.003,0,down_inv,1400.0,0.04806477576494217,0.8067019581794739
0.003,0,down_inv,1600.0,0.04796713963150978,0.8053873181343079
0.003,0,down_inv,1800.0,0.04809706658124924,0.8058175444602966
0.003,0,down_inv,2000.0,0.04056975990533829,0.6837424635887146
0.003,0,down_inv,2200.0,0.040532249957323074,0.683132529258728
0.003,0,down_inv,2400.0,0.040574513375759125,0.6838269829750061
0.003,0,down_inv,2600.0,0.04705014079809189,0.7903308868408203
0.003,0,down_inv,2800.0,0.04672357812523842,0.7850447297096252
0.003,0,down_inv,3000.0,0.046665143221616745,0.784092366695404
0.003,0,down_inv,3200.0,0.04662400484085083,0.7834217548370361
0.003,0,down_inv,3400.0,0.05529677867889404,0.8023566007614136
0.003,0,down_inv,3600.0,0.04400448873639107,0.7404395937919617
0.003,0,down_inv,3800.0,0.043991297483444214,0.7402163147926331
0.003,0,down_inv,4000.0,0.043972406536340714,0.7399035096168518
0.003,0,down_inv,4200.0,0.044080790132284164,0.7416464686393738
0.003,0,down_inv,4400.0,0.04408004879951477,0.7415271997451782
0.003,0,down_inv,4600.0,0.04469524323940277,0.749670147895813
0.003,0,down_inv,4800.0,0.04325674846768379,0.728062629699707
0.003,0,down_inv,5000.0,0.04326988756656647,0.7283354997634888
0.003,0,down_inv,5200.0,0.043232012540102005,0.7277453541755676
0.003,0,down_inv,5400.0,0.044398099184036255,0.7442104816436768
0.003,0,down_inv,5600.0,0.043948736041784286,0.739532470703125
0.003,0,down_inv,5800.0,0.043998487293720245,0.7402787208557129
0.003,0,down_inv,6000.0,0.03264472633600235,0.5517450571060181
0.003,0,down_inv,6200.0,0.03260340914130211,0.5511124134063721
0.003,0,down_inv,6400.0,0.03256745636463165,0.5505114197731018
0.003,0,down_inv,6600.0,0.03254038840532303,0.5500754117965698
0.003,0,down_inv,6800.0,0.0325426384806633,0.5501024723052979
0.003,0,down_inv,7000.0,0.03291768208146095,0.5564654469490051
0.003,0,down_inv,7200.0,0.036548156291246414,0.607738196849823
0.003,0,down_inv,7400.0,0.0351533442735672,0.5937185883522034
0.003,0,down_inv,7600.0,0.035168349742889404,0.5939610600471497
0.003,0,down_inv,7800.0,0.03514527902007103,0.5935600399971008
0.003,0,down_inv,7999.0,0.03524615988135338,0.595271110534668
0.003,0,uniform,0.0,0.060465600341558456,0.9180883765220642
0.003,0,uniform,200.0,0.050483740866184235,0.8432777523994446
0.003,0,uniform,400.0,0.050176020711660385,0.8407649993896484
0.003,0,uniform,600.0,0.05061621591448784,0.844767689704895
0.003,0,uniform,800.0,0.048839882016181946,0.819335401058197
0.003,0,uniform,1000.0,0.04805422201752663,0.8067976832389832
0.003,0,uniform,1200.0,0.049823909997940063,0.8344302177429199
0.003,0,uniform,1400.0,0.04903384670615196,0.8220929503440857
0.003,0,uniform,1600.0,0.04749847576022148,0.7974632978439331
0.003,0,uniform,1800.0,0.04672032222151756,0.7810654640197754
0.003,0,uniform,2000.0,0.04641233757138252,0.7799617052078247
0.003,0,uniform,2200.0,0.04637144133448601,0.7765259742736816
0.003,0,uniform,2400.0,0.04625046253204346,0.77734375
0.003,0,uniform,2600.0,0.04820472002029419,0.8038118481636047
0.003,0,uniform,2800.0,0.04804994910955429,0.8059755563735962
0.003,0,uniform,3000.0,0.047163914889097214,0.7915284633636475
0.003,0,uniform,3200.0,0.046327006071805954,0.7749407887458801
0.003,0,uniform,3400.0,0.04401974752545357,0.7400087714195251
0.003,0,uniform,3600.0,0.04457809031009674,0.7497308850288391
0.003,0,uniform,3800.0,0.04383355379104614,0.7370687127113342
0.003,0,uniform,4000.0,0.04149569943547249,0.6985727548599243
0.003,0,uniform,4200.0,0.04099124297499657,0.6908144950866699
0.003,0,uniform,4400.0,0.04087665677070618,0.6888064742088318
0.003,0,uniform,4600.0,0.0395393967628479,0.666504442691803
0.003,0,uniform,4800.0,0.03814913332462311,0.6424052715301514
0.003,0,uniform,5000.0,0.03848787397146225,0.6480588316917419
0.003,0,uniform,5200.0,0.03758892044425011,0.6342220306396484
0.003,0,uniform,5400.0,0.037864286452531815,0.6364743709564209
0.003,0,uniform,5600.0,0.03635021299123764,0.6112902760505676
0.003,0,uniform,5800.0,0.03637799993157387,0.6140701174736023
0.003,0,uniform,6000.0,0.036355964839458466,0.6132315993309021
0.003,0,uniform,6200.0,0.03614763543009758,0.6104111075401306
0.003,0,uniform,6400.0,0.03442593663930893,0.5806646943092346
0.003,0,uniform,6600.0,0.033329859375953674,0.5618436336517334
0.003,0,uniform,6800.0,0.03353823721408844,0.5667503476142883
0.003,0,uniform,7000.0,0.03390824794769287,0.5724951028823853
0.003,0,uniform,7200.0,0.03334103152155876,0.5538578033447266
0.003,0,uniform,7400.0,0.03290098160505295,0.5561081171035767
0.003,0,uniform,7600.0,0.03246916085481644,0.5485121011734009
0.003,0,uniform,7800.0,0.030335932970046997,0.5125753879547119
0.003,0,uniform,7999.0,0.030266709625720978,0.5119825005531311
0.003,0,down->up,0.0,0.060277070850133896,0.9176362156867981
0.003,0,down->up,200.0,0.05121367797255516,0.8581075668334961
0.003,0,down->up,400.0,0.051247529685497284,0.858659029006958
0.003,0,down->up,600.0,0.04956594482064247,0.8294832110404968
0.003,0,down->up,800.0,0.0490649938583374,0.8232461810112
0.003,0,down->up,1000.0,0.04791318625211716,0.8041030168533325
0.003,0,down->up,1200.0,0.04726175218820572,0.7936094403266907
0.003,0,down->up,1400.0,0.04806477576494217,0.8067019581794739
0.003,0,down->up,1600.0,0.04796713963150978,0.8053873181343079
0.003,0,down->up,1800.0,0.04809706658124924,0.8058175444602966
0.003,0,down->up,2000.0,0.04056975990533829,0.6837424635887146
0.003,0,down->up,2200.0,0.040532249957323074,0.683132529258728
0.003,0,down->up,2400.0,0.040574513375759125,0.6838269829750061
0.003,0,down->up,2600.0,0.04705014079809189,0.7903308868408203
0.003,0,down->up,2800.0,0.04672357812523842,0.7850447297096252
0.003,0,down->up,3000.0,0.046665143221616745,0.784092366695404
0.003,0,down->up,3199.0,0.046628084033727646,0.7834765315055847
0.003,0,down->up,3200.0,0.05397994443774223,0.7756443023681641
0.003,0,down->up,3400.0,0.03437921404838562,0.5798043012619019
0.003,0,down->up,3600.0,0.03610295429825783,0.6045824885368347
0.003,0,down->up,3800.0,0.03340720757842064,0.5556796789169312
0.003,0,down->up,4000.0,0.03480888530611992,0.48180899024009705
0.003,0,down->up,4200.0,0.027271805331110954,0.4614725410938263
0.003,0,down->up,4400.0,0.02505786530673504,0.42196252942085266
0.003,0,down->up,4600.0,0.025456300005316734,0.42759427428245544
0.003,0,down->up,4800.0,0.023269636556506157,0.39207375049591064
0.003,0,down->up,5000.0,0.02333187125623226,0.3872372806072235
0.003,0,down->up,5200.0,0.02330034412443638,0.38374200463294983
0.003,0,down->up,5400.0,0.020617062225937843,0.34640029072761536
0.003,0,down->up,5600.0,0.022376911714673042,0.3569076657295227
0.003,0,down->up,5800.0,0.01989908143877983,0.310345858335495
0.003,0,down->up,6000.0,0.016087420284748077,0.266279011964798
0.003,0,down->up,6200.0,0.015836836770176888,0.24932460486888885
0.003,0,down->up,6400.0,0.012631366029381752,0.1908465325832367
0.003,0,down->up,6600.0,0.0074897087179124355,0.1270706057548523
0.003,0,down->up,6800.0,0.00545028131455183,0.07518400996923447
0.003,0,down->up,7000.0,0.0035122891422361135,0.050226468592882156
0.003,0,down->up,7200.0,0.006754815578460693,0.04936433956027031
0.003,0,down->up,7400.0,0.008570408448576927,0.09459234774112701
0.003,0,down->up,7600.0,0.0008888741140253842,0.00931117869913578
0.003,0,down->up,7800.0,0.0026526888832449913,0.013433912768959999
0.003,0,down->up,7999.0,0.009444906376302242,0.08408834785223007
0.003,0,up->down,0.0,0.06044447422027588,0.9175740480422974
0.003,0,up->down,200.0,0.04949018359184265,0.8273367285728455
0.003,0,up->down,400.0,0.04886537790298462,0.8198740482330322
0.003,0,up->down,600.0,0.05049308389425278,0.8432009220123291
0.003,0,up->down,800.0,0.048759594559669495,0.805615246295929
0.003,0,up->down,1000.0,0.047039952129125595,0.7844803333282471
0.003,0,up->down,1200.0,0.04685555025935173,0.7835350632667542
0.003,0,up->down,1400.0,0.045768093317747116,0.7667567729949951
0.003,0,up->down,1600.0,0.044343169778585434,0.7413924932479858
0.003,0,up->down,1800.0,0.04876808449625969,0.8163124918937683
0.003,0,up->down,2000.0,0.04809408634901047,0.8059377670288086
0.003,0,up->down,2200.0,0.05008682236075401,0.8348193764686584
0.003,0,up->down,2400.0,0.04894494265317917,0.8006015419960022
0.003,0,up->down,2600.0,0.045041851699352264,0.7489436864852905
0.003,0,up->down,2800.0,0.04486580565571785,0.7449751496315002
0.003,0,up->down,3000.0,0.04460844770073891,0.7500178217887878
0.003,0,up->down,3199.0,0.043190862983465195,0.7247723937034607
0.003,0,up->down,3200.0,0.046901680529117584,0.7286821603775024
0.003,0,up->down,3400.0,0.044782765209674835,0.7532128095626831
0.003,0,up->down,3600.0,0.04474432393908501,0.7525781989097595
0.003,0,up->down,3800.0,0.04459499940276146,0.750036895275116
0.003,0,up->down,4000.0,0.04424120485782623,0.7442911863327026
0.003,0,up->down,4200.0,0.04369223490357399,0.7341716885566711
0.003,0,up->down,4400.0,0.04572917893528938,0.7683019042015076
0.003,0,up->down,4600.0,0.045588262379169464,0.7664257884025574
0.003,0,up->down,4800.0,0.045615505427122116,0.7668904662132263
0.003,0,up->down,5000.0,0.04567502811551094,0.7677900195121765
0.003,0,up->down,5200.0,0.04468423128128052,0.7512305974960327
0.003,0,up->down,5400.0,0.044250257313251495,0.7444151043891907
0.003,0,up->down,5600.0,0.0441867932677269,0.7434267401695251
0.003,0,up->down,5800.0,0.04245265573263168,0.7147690653800964
0.003,0,up->down,6000.0,0.04228309914469719,0.7120683789253235
0.003,0,up->down,6200.0,0.042631134390830994,0.717872142791748
0.003,0,up->down,6400.0,0.04366571828722954,0.7348390817642212
0.003,0,up->down,6600.0,0.04358908161520958,0.7336047887802124
0.003,0,up->down,6800.0,0.04358777776360512,0.7335712313652039
0.003,0,up->down,7000.0,0.043541319668293,0.7328155636787415
0.003,0,up->down,7200.0,0.0419028215110302,0.7048628926277161
0.003,0,up->down,7400.0,0.04522526636719704,0.7604921460151672
0.003,0,up->down,7600.0,0.045193903148174286,0.7599849104881287
0.003,0,up->down,7800.0,0.0450003445148468,0.7567570805549622
0.003,0,up->down,7999.0,0.03992654010653496,0.6730369925498962
0.003,10,up_rational,0.0,0.5748713612556458,0.9798024296760559
0.003,10,up_rational,200.0,0.1793244183063507,1.8017526865005493
0.003,10,up_rational,400.0,0.18012575805187225,1.8715150356292725
0.003,10,up_rational,600.0,0.17997917532920837,1.861881136894226
0.003,10,up_rational,800.0,0.179561048746109,1.8613121509552002
0.003,10,up_rational,1000.0,0.18064428865909576,1.8735895156860352
0.003,10,up_rational,1200.0,0.18028049170970917,1.8707118034362793
0.003,10,up_rational,1400.0,0.1810879409313202,1.8732154369354248
0.003,10,up_rational,1600.0,0.1805022954940796,1.8665196895599365
0.003,10,up_rational,1800.0,0.18063431978225708,1.8725254535675049
0.003,10,up_rational,2000.0,0.18171195685863495,1.8751119375228882
0.003,10,up_rational,2200.0,0.18154920637607574,1.8748292922973633
0.003,10,up_rational,2400.0,0.18115785717964172,1.871501088142395
0.003,10,up_rational,2600.0,0.18198727071285248,1.8692684173583984
0.003,10,up_rational,2800.0,0.18235282599925995,1.8674579858779907
0.003,10,up_rational,3000.0,0.18364590406417847,1.8812326192855835
0.003,10,up_rational,3200.0,0.18321163952350616,1.8762117624282837
0.003,10,up_rational,3400.0,0.18390066921710968,1.8817492723464966
0.003,10,up_rational,3600.0,0.18360291421413422,1.8785738945007324
0.003,10,up_rational,3800.0,0.18391507863998413,1.870560646057129
0.003,10,up_rational,4000.0,0.1848316788673401,1.885105848312378
0.003,10,up_rational,4200.0,0.18403790891170502,1.876404881477356
0.003,10,up_rational,4400.0,0.18441306054592133,1.8828853368759155
0.003,10,up_rational,4600.0,0.1848737895488739,1.8804986476898193
0.003,10,up_rational,4800.0,0.18483370542526245,1.877902626991272
0.003,10,up_rational,5000.0,0.1848883479833603,1.8806965351104736
0.003,10,up_rational,5200.0,0.18501760065555573,1.8832148313522339
0.003,10,up_rational,5400.0,0.18547303974628448,1.8787649869918823
0.003,10,up_rational,5600.0,0.1851939857006073,1.8789565563201904
0.003,10,up_rational,5800.0,0.18617931008338928,1.8821475505828857
0.003,10,up_rational,6000.0,0.18666093051433563,1.8852888345718384
0.003,10,up_rational,6200.0,0.1865180879831314,1.8855299949645996
0.003,10,up_rational,6400.0,0.18653732538223267,1.8781256675720215
0.003,10,up_rational,6600.0,0.186722993850708,1.8860052824020386
0.003,10,up_rational,6800.0,0.1867367923259735,1.8810583353042603
0.003,10,up_rational,7000.0,0.18727323412895203,1.88096022605896
0.003,10,up_rational,7200.0,0.18781203031539917,1.8867807388305664
0.003,10,up_rational,7400.0,0.18777762353420258,1.8855654001235962
0.003,10,up_rational,7600.0,0.18800395727157593,1.8804901838302612
0.003,10,up_rational,7800.0,0.18659323453903198,1.8686946630477905
0.003,10,up_rational,7999.0,0.18789885938167572,1.884213924407959
0.003,10,down_inv,0.0,0.5749779343605042,0.9784067273139954
0.003,10,down_inv,200.0,0.4368022382259369,1.0626815557479858
0.003,10,down_inv,400.0,0.29904237389564514,1.8932865858078003
0.003,10,down_inv,600.0,0.2991865575313568,1.8933359384536743
0.003,10,down_inv,800.0,0.2991754412651062,1.8927041292190552
0.003,10,down_inv,1000.0,0.29927858710289,1.8925421237945557
0.003,10,down_inv,1200.0,0.29913344979286194,1.8891061544418335
0.003,10,down_inv,1400.0,0.29718634486198425,1.8709759712219238
0.003,10,down_inv,1600.0,0.29883241653442383,1.8845090866088867
0.003,10,down_inv,1800.0,0.29967001080513,1.8933180570602417
0.003,10,down_inv,2000.0,0.29982876777648926,1.8944814205169678
0.003,10,down_inv,2200.0,0.29939278960227966,1.8891491889953613
0.003,10,down_inv,2400.0,0.29954978823661804,1.8928658962249756
0.003,10,down_inv,2600.0,0.29943710565567017,1.8936501741409302
0.003,10,down_inv,2800.0,0.2988041639328003,1.8878438472747803
0.003,10,down_inv,3000.0,0.29955628514289856,1.8941071033477783
0.003,10,down_inv,3200.0,0.2994805872440338,1.8936995267868042
0.003,10,down_inv,3400.0,0.299314945936203,1.893824815750122
0.003,10,down_inv,3600.0,0.2957507371902466,1.8621211051940918
0.003,10,down_inv,3800.0,0.2994842827320099,1.8941643238067627
0.003,10,down_inv,4000.0,0.298622727394104,1.8869647979736328
0.003,10,down_inv,4200.0,0.29905226826667786,1.893123745918274
0.003,10,down_inv,4400.0,0.29860198497772217,1.8920013904571533
0.003,10,down_inv,4600.0,0.298617422580719,1.8945497274398804
0.003,10,down_inv,4800.0,0.2988162338733673,1.894180417060852
0.003,10,down_inv,5000.0,0.2986157536506653,1.890150547027588
0.003,10,down_inv,5200.0,0.2989330291748047,1.8940013647079468
0.003,10,down_inv,5400.0,0.2989201247692108,1.8939814567565918
0.003,10,down_inv,5600.0,0.2980184555053711,1.8933002948760986
0.003,10,down_inv,5800.0,0.2977845370769501,1.891849160194397
0.003,10,down_inv,6000.0,0.29769304394721985,1.8930014371871948
0.003,10,down_inv,6200.0,0.2978205382823944,1.893995761871338
0.003,10,down_inv,6400.0,0.29765135049819946,1.8930909633636475
0.003,10,down_inv,6600.0,0.29761803150177,1.8932887315750122
0.003,10,down_inv,6800.0,0.2970131039619446,1.8927847146987915
0.003,10,down_inv,7000.0,0.2966451942920685,1.8885915279388428
0.003,10,down_inv,7200.0,0.2971630096435547,1.8944017887115479
0.003,10,down_inv,7400.0,0.2958369851112366,1.8930513858795166
0.003,10,down_inv,7600.0,0.2956761121749878,1.8905750513076782
0.003,10,down_inv,7800.0,0.29499655961990356,1.8848779201507568
0.003,10,down_inv,7999.0,0.29488301277160645,1.8928003311157227
0.003,10,uniform,0.0,0.5749810338020325,0.9792466163635254
0.003,10,uniform,200.0,0.10662510246038437,0.2559896409511566
0.003,10,uniform,400.0,0.005950271617621183,0.016615640372037888
0.003,10,uniform,600.0,0.005805270746350288,0.043169014155864716
0.003,10,uniform,800.0,0.008584045805037022,0.05486864224076271
0.003,10,uniform,1000.0,0.0069445157423615456,0.053226351737976074
0.003,10,uniform,1200.0,0.00687506515532732,0.07945746183395386
0.003,10,uniform,1400.0,0.005880043841898441,0.06628865003585815
0.003,10,uniform,1600.0,0.003923068288713694,0.04406368359923363
0.003,10,uniform,1800.0,0.005035175941884518,0.041497573256492615
0.003,10,uniform,2000.0,0.006386633031070232,0.04688101261854172
0.003,10,uniform,2200.0,0.008695688098669052,0.05158431455492973
0.003,10,uniform,2400.0,0.005015491042286158,0.05587974935770035
0.003,10,uniform,2600.0,0.004167557694017887,0.047850947827100754
0.003,10,uniform,2800.0,0.0038252421654760838,0.024252180010080338
0.003,10,uniform,3000.0,0.004795997403562069,0.034093715250492096
0.003,10,uniform,3200.0,0.003350901184603572,0.035441771149635315
0.003,10,uniform,3400.0,0.00471520097926259,0.038684286177158356
0.003,10,uniform,3600.0,0.0010935618774965405,0.016549892723560333
0.003,10,uniform,3800.0,0.002632592571899295,0.008217822760343552
0.003,10,uniform,4000.0,0.0027014990337193012,0.013759266585111618
0.003,10,uniform,4200.0,0.002798473695293069,0.018863245844841003
0.003,10,uniform,4400.0,0.0020970036275684834,0.02010561339557171
0.003,10,uniform,4600.0,0.005805319640785456,0.028481662273406982
0.003,10,uniform,4800.0,0.000602924614213407,0.0043047945946455
0.003,10,uniform,5000.0,0.002189395949244499,0.027505800127983093
0.003,10,uniform,5200.0,0.004784173797816038,0.034010566771030426
0.003,10,uniform,5400.0,0.0016351953381672502,0.009854784235358238
0.003,10,uniform,5600.0,0.001823943224735558,0.00486762635409832
0.003,10,uniform,5800.0,0.001869990723207593,0.011109931394457817
0.003,10,uniform,6000.0,0.0031704306602478027,0.010530327446758747
0.003,10,uniform,6200.0,0.002036423422396183,0.027990229427814484
0.003,10,uniform,6400.0,0.0014814210589975119,0.023667704313993454
0.003,10,uniform,6600.0,0.0005342821823433042,0.008491169661283493
0.003,10,uniform,6800.0,0.011549554765224457,0.02124893106520176
0.003,10,uniform,7000.0,0.0031248696614056826,0.01496084500104189
0.003,10,uniform,7200.0,0.0006818317342549562,0.00847502239048481
0.003,10,uniform,7400.0,0.0031633067410439253,0.040682848542928696
0.003,10,uniform,7600.0,0.002340623177587986,0.03592934459447861
0.003,10,uniform,7800.0,0.006081870757043362,0.025017408654093742
0.003,10,uniform,7999.0,0.0034147859551012516,0.0543413870036602
0.003,10,down->up,0.0,0.5749779343605042,0.9784067273139954
0.003,10,down->up,200.0,0.4368022382259369,1.0626815557479858
0.003,10,down->up,400.0,0.29904237389564514,1.8932865858078003
0.003,10,down->up,600.0,0.2991865575313568,1.8933359384536743
0.003,10,down->up,800.0,0.2991754412651062,1.8927041292190552
0.003,10,down->up,1000.0,0.29927858710289,1.8925421237945557
0.003,10,down->up,1200.0,0.29913344979286194,1.8891061544418335
0.003,10,down->up,1400.0,0.29718634486198425,1.8709759712219238
0.003,10,down->up,1600.0,0.29883241653442383,1.8845090866088867
0.003,10,down->up,1800.0,0.29967001080513,1.8933180570602417
0.003,10,down->up,2000.0,0.29982876777648926,1.8944814205169678
0.003,10,down->up,2200.0,0.29939278960227966,1.8891491889953613
0.003,10,down->up,2400.0,0.29954978823661804,1.8928658962249756
0.003,10,down->up,2600.0,0.29943710565567017,1.8936501741409302
0.003,10,down->up,2800.0,0.2988041639328003,1.8878438472747803
0.003,10,down->up,3000.0,0.29955628514289856,1.8941071033477783
0.003,10,down->up,3199.0,0.29946210980415344,1.8931987285614014
0.003,10,down->up,3200.0,0.5739203691482544,0.9825906157493591
0.003,10,down->up,3400.0,0.1466536670923233,0.3999711573123932
0.003,10,down->up,3600.0,0.016803093254566193,0.23387016355991364
0.003,10,down->up,3800.0,0.016033519059419632,0.2522504925727844
0.003,10,down->up,4000.0,0.01448613591492176,0.22589144110679626
0.003,10,down->up,4200.0,0.01579788327217102,0.23652200400829315
0.003,10,down->up,4400.0,0.014552321285009384,0.23147478699684143
0.003,10,down->up,4600.0,0.015813078731298447,0.25629186630249023
0.003,10,down->up,4800.0,0.015702934935688972,0.25235050916671753
0.003,10,down->up,5000.0,0.018133997917175293,0.23702287673950195
0.003,10,down->up,5200.0,0.013281789608299732,0.21012885868549347
0.003,10,down->up,5400.0,0.013570168055593967,0.18842478096485138
0.003,10,down->up,5600.0,0.011677075177431107,0.17847880721092224
0.003,10,down->up,5800.0,0.010488323867321014,0.1745396852493286
0.003,10,down->up,6000.0,0.009323714300990105,0.1516973078250885
0.003,10,down->up,6200.0,0.00640744436532259,0.10590849816799164
0.003,10,down->up,6400.0,0.006236992310732603,0.08051025122404099
0.003,10,down->up,6600.0,0.004438099917024374,0.06129145622253418
0.003,10,down->up,6800.0,0.004548761062324047,0.03612363338470459
0.003,10,down->up,7000.0,0.007348214741796255,0.02072119154036045
0.003,10,down->up,7200.0,0.003900365438312292,0.038238126784563065
0.003,10,down->up,7400.0,0.004091203212738037,0.06293768435716629
0.003,10,down->up,7600.0,0.006611018441617489,0.0945134088397026
0.003,10,down->up,7800.0,0.009009570814669132,0.11369305849075317
0.003,10,down->up,7999.0,0.007471615448594093,0.11612363159656525
0.003,10,up->down,0.0,0.5748713612556458,0.9798024296760559
0.003,10,up->down,200.0,0.1793244183063507,1.8017526865005493
0.003,10,up->down,400.0,0.18012575805187225,1.8715150356292725
0.003,10,up->down,600.0,0.17997917532920837,1.861881136894226
0.003,10,up->down,800.0,0.179561048746109,1.8613121509552002
0.003,10,up->down,1000.0,0.18064428865909576,1.8735895156860352
0.003,10,up->down,1200.0,0.18028049170970917,1.8707118034362793
0.003,10,up->down,1400.0,0.1810879409313202,1.8732154369354248
0.003,10,up->down,1600.0,0.1805022954940796,1.8665196895599365
0.003,10,up->down,1800.0,0.18063431978225708,1.8725254535675049
0.003,10,up->down,2000.0,0.18171195685863495,1.8751119375228882
0.003,10,up->down,2200.0,0.18154920637607574,1.8748292922973633
0.003,10,up->down,2400.0,0.18115785717964172,1.871501088142395
0.003,10,up->down,2600.0,0.18198727071285248,1.8692684173583984
0.003,10,up->down,2800.0,0.18235282599925995,1.8674579858779907
0.003,10,up->down,3000.0,0.18364590406417847,1.8812326192855835
0.003,10,up->down,3199.0,0.18331219255924225,1.8755449056625366
0.003,10,up->down,3200.0,0.5739011764526367,0.9834580421447754
0.003,10,up->down,3400.0,0.36654484272003174,0.9059232473373413
0.003,10,up->down,3600.0,0.08893640339374542,1.4124526977539062
0.003,10,up->down,3800.0,0.08978018909692764,1.413735032081604
0.003,10,up->down,4000.0,0.09273700416088104,1.4540537595748901
0.003,10,up->down,4200.0,0.09534859657287598,1.4906278848648071
0.003,10,up->down,4400.0,0.09595249593257904,1.490369439125061
0.003,10,up->down,4600.0,0.09693965315818787,1.5076452493667603
0.003,10,up->down,4800.0,0.09722095727920532,1.512146234512329
0.003,10,up->down,5000.0,0.09756636619567871,1.512589693069458
0.003,10,up->down,5200.0,0.10114509612321854,1.5561439990997314
0.003,10,up->down,5400.0,0.10099732875823975,1.5530474185943604
0.003,10,up->down,5600.0,0.10051653534173965,1.5436182022094727
0.003,10,up->down,5800.0,0.09960932284593582,1.5363467931747437
0.003,10,up->down,6000.0,0.09888746589422226,1.52846360206604
0.003,10,up->down,6200.0,0.09950113296508789,1.5370569229125977
0.003,10,up->down,6400.0,0.09990273416042328,1.5408695936203003
0.003,10,up->down,6600.0,0.10134514421224594,1.5532571077346802
0.003,10,up->down,6800.0,0.09985261410474777,1.5416592359542847
0.003,10,up->down,7000.0,0.09991222620010376,1.5414563417434692
0.003,10,up->down,7200.0,0.10022275894880295,1.5382949113845825
0.003,10,up->down,7400.0,0.10118082910776138,1.554308295249939
0.003,10,up->down,7600.0,0.09834231436252594,1.506003975868225
0.003,10,up->down,7800.0,0.09650147706270218,1.5041749477386475
0.003,10,up->down,7999.0,0.09890542179346085,1.5320810079574585
0.003,20,up_rational,0.0,0.5739780068397522,0.9658077955245972
0.003,20,up_rational,200.0,0.27950844168663025,1.8615447282791138
0.003,20,up_rational,400.0,0.28241032361984253,1.8820103406906128
0.003,20,up_rational,600.0,0.2813594937324524,1.8703924417495728
0.003,20,up_rational,800.0,0.28283390402793884,1.883400559425354
0.003,20,up_rational,1000.0,0.283261775970459,1.883027195930481
0.003,20,up_rational,1200.0,0.2822436988353729,1.8704862594604492
0.003,20,up_rational,1400.0,0.2830977141857147,1.879299521446228
0.003,20,up_rational,1600.0,0.2840931713581085,1.887194037437439
0.003,20,up_rational,1800.0,0.28285595774650574,1.874561071395874
0.003,20,up_rational,2000.0,0.2838881015777588,1.8828356266021729
0.003,20,up_rational,2200.0,0.28448039293289185,1.8831942081451416
0.003,20,up_rational,2400.0,0.2849867343902588,1.8888505697250366
0.003,20,up_rational,2600.0,0.28465914726257324,1.8823548555374146
0.003,20,up_rational,2800.0,0.2853177487850189,1.8821426630020142
0.003,20,up_rational,3000.0,0.2847692370414734,1.8792039155960083
0.003,20,up_rational,3200.0,0.2859390079975128,1.886957049369812
0.003,20,up_rational,3400.0,0.2863844633102417,1.8877619504928589
0.003,20,up_rational,3600.0,0.2857380211353302,1.8816848993301392
0.003,20,up_rational,3800.0,0.2859233319759369,1.882886528968811
0.003,20,up_rational,4000.0,0.2863161861896515,1.8824135065078735
0.003,20,up_rational,4200.0,0.2876708507537842,1.8935942649841309
0.003,20,up_rational,4400.0,0.2867441475391388,1.8859522342681885
0.003,20,up_rational,4600.0,0.28692376613616943,1.8842822313308716
0.003,20,up_rational,4800.0,0.28827130794525146,1.8902510404586792
0.003,20,up_rational,5000.0,0.2869596481323242,1.8801270723342896
0.003,20,up_rational,5200.0,0.2877940833568573,1.8830758333206177
0.003,20,up_rational,5400.0,0.2890738546848297,1.89364492893219
0.003,20,up_rational,5600.0,0.28882497549057007,1.8912782669067383
0.003,20,up_rational,5800.0,0.28858301043510437,1.8830068111419678
0.003,20,up_rational,6000.0,0.2890508770942688,1.8862046003341675
0.003,20,up_rational,6200.0,0.2893121540546417,1.8925361633300781
0.003,20,up_rational,6400.0,0.2900767922401428,1.892441987991333
0.003,20,up_rational,6600.0,0.28949663043022156,1.8902807235717773
0.003,20,up_rational,6800.0,0.28921568393707275,1.8899885416030884
0.003,20,up_rational,7000.0,0.28970614075660706,1.8829747438430786
0.003,20,up_rational,7200.0,0.28949788212776184,1.8852972984313965
0.003,20,up_rational,7400.0,0.289806604385376,1.8837642669677734
0.003,20,up_rational,7600.0,0.2914448380470276,1.8929067850112915
0.003,20,up_rational,7800.0,0.2905241549015045,1.884644865989685
0.003,20,up_rational,7999.0,0.2913075089454651,1.8885419368743896
0.003,20,down_inv,0.0,0.5739313960075378,0.963978111743927
0.003,20,down_inv,200.0,0.23360379040241241,1.8218159675598145
0.003,20,down_inv,400.0,0.23804539442062378,1.8925442695617676
0.003,20,down_inv,600.0,0.23779648542404175,1.8933268785476685
0.003,20,down_inv,800.0,0.2377532422542572,1.8937329053878784
0.003,20,down_inv,1000.0,0.23778192698955536,1.893078088760376
0.003,20,down_inv,1200.0,0.23746463656425476,1.8939498662948608
0.003,20,down_inv,1400.0,0.23710758984088898,1.8898953199386597
0.003,20,down_inv,1600.0,0.2373751550912857,1.8935809135437012
0.003,20,down_inv,1800.0,0.2368994802236557,1.893383264541626
0.003,20,down_inv,2000.0,0.2369399070739746,1.893801212310791
0.003,20,down_inv,2200.0,0.23748137056827545,1.8946306705474854
0.003,20,down_inv,2400.0,0.23739898204803467,1.8938060998916626
0.003,20,down_inv,2600.0,0.2372351884841919,1.8929879665374756
0.003,20,down_inv,2800.0,0.23727506399154663,1.893856406211853
0.003,20,down_inv,3000.0,0.23595045506954193,1.8935651779174805
0.003,20,down_inv,3200.0,0.23597949743270874,1.893580675125122
0.003,20,down_inv,3400.0,0.23570699989795685,1.8942018747329712
0.003,20,down_inv,3600.0,0.23573049902915955,1.8933013677597046
0.003,20,down_inv,3800.0,0.23592616617679596,1.89328932762146
0.003,20,down_inv,4000.0,0.23624609410762787,1.8938390016555786
0.003,20,down_inv,4200.0,0.23622480034828186,1.893754482269287
0.003,20,down_inv,4400.0,0.23327453434467316,1.8639881610870361
0.003,20,down_inv,4600.0,0.23558230698108673,1.892999529838562
0.003,20,down_inv,4800.0,0.23560725152492523,1.89363694190979
0.003,20,down_inv,5000.0,0.23161277174949646,1.8547059297561646
0.003,20,down_inv,5200.0,0.23595254123210907,1.8937846422195435
0.003,20,down_inv,5400.0,0.23595689237117767,1.8937636613845825
0.003,20,down_inv,5600.0,0.23596914112567902,1.8939497470855713
0.003,20,down_inv,5800.0,0.2356029748916626,1.8903058767318726
0.003,20,down_inv,6000.0,0.23444335162639618,1.884153127670288
0.003,20,down_inv,6200.0,0.23543865978717804,1.893667459487915
0.003,20,down_inv,6400.0,0.23514798283576965,1.8890994787216187
0.003,20,down_inv,6600.0,0.2356974184513092,1.8931540250778198
0.003,20,down_inv,6800.0,0.23543758690357208,1.893856406211853
0.003,20,down_inv,7000.0,0.2346072494983673,1.8885107040405273
0.003,20,down_inv,7200.0,0.23544320464134216,1.8955496549606323
0.003,20,down_inv,7400.0,0.2356049120426178,1.8909307718276978
0.003,20,down_inv,7600.0,0.23579993844032288,1.893438458442688
0.003,20,down_inv,7800.0,0.2353883981704712,1.8884438276290894
0.003,20,down_inv,7999.0,0.23539699614048004,1.8937321901321411
0.003,20,uniform,0.0,0.5739706158638,0.9650713801383972
0.003,20,uniform,200.0,0.09463390707969666,1.4489012956619263
0.003,20,uniform,400.0,0.09538724273443222,1.4664268493652344
0.003,20,uniform,600.0,0.09671419113874435,1.5012893676757812
0.003,20,uniform,800.0,0.09659211337566376,1.4940558671951294
0.003,20,uniform,1000.0,0.09675318747758865,1.502192735671997
0.003,20,uniform,1200.0,0.09769529849290848,1.5109301805496216
0.003,20,uniform,1400.0,0.09824559092521667,1.520461082458496
0.003,20,uniform,1600.0,0.09872271120548248,1.5190058946609497
0.003,20,uniform,1800.0,0.09916208684444427,1.5281493663787842
0.003,20,uniform,2000.0,0.09997010976076126,1.5389418601989746
0.003,20,uniform,2200.0,0.1001322790980339,1.5398739576339722
0.003,20,uniform,2400.0,0.09994819760322571,1.5366281270980835
0.003,20,uniform,2600.0,0.10013248026371002,1.538151502609253
0.003,20,uniform,2800.0,0.09985195845365524,1.5294700860977173
0.003,20,uniform,3000.0,0.100059375166893,1.5391212701797485
0.003,20,uniform,3200.0,0.10087034851312637,1.546075701713562
0.003,20,uniform,3400.0,0.1018378883600235,1.5569065809249878
0.003,20,uniform,3600.0,0.10122144222259521,1.5516457557678223
0.003,20,uniform,3800.0,0.10211886465549469,1.557379961013794
0.003,20,uniform,4000.0,0.10098381340503693,1.5481908321380615
0.003,20,uniform,4200.0,0.10098041594028473,1.549317717552185
0.003,20,uniform,4400.0,0.10149262100458145,1.5542168617248535
0.003,20,uniform,4600.0,0.10204189270734787,1.560746669769287
0.003,20,uniform,4800.0,0.10126753151416779,1.553627371788025
0.003,20,uniform,5000.0,0.10167908668518066,1.5597587823867798
0.003,20,uniform,5200.0,0.10108264535665512,1.5540729761123657
0.003,20,uniform,5400.0,0.10111221671104431,1.5542795658111572
0.003,20,uniform,5600.0,0.10036642104387283,1.5416491031646729
0.003,20,uniform,5800.0,0.10121690481901169,1.5543960332870483
0.003,20,uniform,6000.0,0.10101692378520966,1.550701379776001
0.003,20,uniform,6200.0,0.1002308800816536,1.5401346683502197
0.003,20,uniform,6400.0,0.10002730041742325,1.5372921228408813
0.003,20,uniform,6600.0,0.10018155723810196,1.5424838066101074
0.003,20,uniform,6800.0,0.10028724372386932,1.5408730506896973
0.003,20,uniform,7000.0,0.09945735335350037,1.5325498580932617
0.003,20,uniform,7200.0,0.10008032619953156,1.5426480770111084
0.003,20,uniform,7400.0,0.0989241972565651,1.5254853963851929
0.003,20,uniform,7600.0,0.10033231973648071,1.5416346788406372
0.003,20,uniform,7800.0,0.09967853128910065,1.5390625
0.003,20,uniform,7999.0,0.0986143946647644,1.5150032043457031
0.003,20,down->up,0.0,0.5739313960075378,0.963978111743927
0.003,20,down->up,200.0,0.23360379040241241,1.8218159675598145
0.003,20,down->up,400.0,0.23804539442062378,1.8925442695617676
0.003,20,down->up,600.0,0.23779648542404175,1.8933268785476685
0.003,20,down->up,800.0,0.2377532422542572,1.8937329053878784
0.003,20,down->up,1000.0,0.23778192698955536,1.893078088760376
0.003,20,down->up,1200.0,0.23746463656425476,1.8939498662948608
0.003,20,down->up,1400.0,0.23710758984088898,1.8898953199386597
0.003,20,down->up,1600.0,0.2373751550912857,1.8935809135437012
0.003,20,down->up,1800.0,0.2368994802236557,1.893383264541626
0.003,20,down->up,2000.0,0.2369399070739746,1.893801212310791
0.003,20,down->up,2200.0,0.23748137056827545,1.8946306705474854
0.003,20,down->up,2400.0,0.23739898204803467,1.8938060998916626
0.003,20,down->up,2600.0,0.2372351884841919,1.8929879665374756
0.003,20,down->up,2800.0,0.23727506399154663,1.893856406211853
0.003,20,down->up,3000.0,0.23595045506954193,1.8935651779174805
0.003,20,down->up,3199.0,0.23607365787029266,1.8945232629776
0.003,20,down->up,3200.0,0.5742276906967163,0.9775927662849426
0.003,20,down->up,3400.0,0.19003267586231232,1.871093511581421
0.003,20,down->up,3600.0,0.19143706560134888,1.8776159286499023
0.003,20,down->up,3800.0,0.19145101308822632,1.8649204969406128
0.003,20,down->up,4000.0,0.19174577295780182,1.866767168045044
0.003,20,down->up,4200.0,0.19371750950813293,1.8807997703552246
0.003,20,down->up,4400.0,0.19553226232528687,1.8822780847549438
0.003,20,down->up,4600.0,0.19639232754707336,1.877355694770813
0.003,20,down->up,4800.0,0.1958511918783188,1.8808857202529907
0.003,20,down->up,5000.0,0.19817331433296204,1.8862910270690918
0.003,20,down->up,5200.0,0.19946308434009552,1.883245587348938
0.003,20,down->up,5400.0,0.19734221696853638,1.8797138929367065
0.003,20,down->up,5600.0,0.19776126742362976,1.8775984048843384
0.003,20,down->up,5800.0,0.19990113377571106,1.8866924047470093
0.003,20,down->up,6000.0,0.19780822098255157,1.8872681856155396
0.003,20,down->up,6200.0,0.19982069730758667,1.8842976093292236
0.003,20,down->up,6400.0,0.2000076025724411,1.8807755708694458
0.003,20,down->up,6600.0,0.19934764504432678,1.890821099281311
0.003,20,down->up,6800.0,0.2011217474937439,1.8911956548690796
0.003,20,down->up,7000.0,0.2007598727941513,1.881353497505188
0.003,20,down->up,7200.0,0.2032211422920227,1.8868435621261597
0.003,20,down->up,7400.0,0.20106767117977142,1.879941463470459
0.003,20,down->up,7600.0,0.20241817831993103,1.8907254934310913
0.003,20,down->up,7800.0,0.20313239097595215,1.8905231952667236
0.003,20,down->up,7999.0,0.20256532728672028,1.889166235923767
0.003,20,up->down,0.0,0.5739780068397522,0.9658077955245972
0.003,20,up->down,200.0,0.27950844168663025,1.8615447282791138
0.003,20,up->down,400.0,0.28241032361984253,1.8820103406906128
0.003,20,up->down,600.0,0.2813594937324524,1.8703924417495728
0.003,20,up->down,800.0,0.28283390402793884,1.883400559425354
0.003,20,up->down,1000.0,0.283261775970459,1.883027195930481
0.003,20,up->down,1200.0,0.2822436988353729,1.8704862594604492
0.003,20,up->down,1400.0,0.2830977141857147,1.879299521446228
0.003,20,up->down,1600.0,0.2840931713581085,1.887194037437439
0.003,20,up->down,1800.0,0.28285595774650574,1.874561071395874
0.003,20,up->down,2000.0,0.2838881015777588,1.8828356266021729
0.003,20,up->down,2200.0,0.28448039293289185,1.8831942081451416
0.003,20,up->down,2400.0,0.2849867343902588,1.8888505697250366
0.003,20,up->down,2600.0,0.28465914726257324,1.8823548555374146
0.003,20,up->down,2800.0,0.2853177487850189,1.8821426630020142
0.003,20,up->down,3000.0,0.2847692370414734,1.8792039155960083
0.003,20,up->down,3199.0,0.28551268577575684,1.884714126586914
0.003,20,up->down,3200.0,0.5741121172904968,0.9765133857727051
0.003,20,up->down,3400.0,0.15788887441158295,1.7836564779281616
0.003,20,up->down,3600.0,0.15690378844738007,1.851450800895691
0.003,20,up->down,3800.0,0.15395969152450562,1.8390954732894897
0.003,20,up->down,4000.0,0.15463995933532715,1.855582356452942
0.003,20,up->down,4200.0,0.15356358885765076,1.8467886447906494
0.003,20,up->down,4400.0,0.15139314532279968,1.828803539276123
0.003,20,up->down,4600.0,0.1493774950504303,1.8447210788726807
0.003,20,up->down,4800.0,0.14857672154903412,1.8316785097122192
0.003,20,up->down,5000.0,0.14856919646263123,1.840037226676941
0.003,20,up->down,5200.0,0.14826923608779907,1.8401587009429932
0.003,20,up->down,5400.0,0.14664605259895325,1.8378945589065552
0.003,20,up->down,5600.0,0.14641952514648438,1.8356037139892578
0.003,20,up->down,5800.0,0.14530833065509796,1.8339576721191406
0.003,20,up->down,6000.0,0.14361679553985596,1.791539192199707
0.003,20,up->down,6200.0,0.14448489248752594,1.831773042678833
0.003,20,up->down,6400.0,0.1442011296749115,1.8261427879333496
0.003,20,up->down,6600.0,0.14197306334972382,1.8236943483352661
0.003,20,up->down,6800.0,0.14169780910015106,1.8234014511108398
0.003,20,up->down,7000.0,0.1391187459230423,1.739513874053955
0.003,20,up->down,7200.0,0.14050869643688202,1.818921685218811
0.003,20,up->down,7400.0,0.14048771560192108,1.8192087411880493
0.003,20,up->down,7600.0,0.13920068740844727,1.8140506744384766
0.003,20,up->down,7800.0,0.13943296670913696,1.8153666257858276
0.003,20,up->down,7999.0,0.13673262298107147,1.8052831888198853
0.003,30,up_rational,0.0,0.01627507247030735,0.18442364037036896
0.003,30,up_rational,200.0,0.008657018654048443,0.05942389741539955
0.003,30,up_rational,400.0,0.005784075707197189,0.09198383241891861
0.003,30,up_rational,600.0,0.006387694738805294,0.07373682409524918
0.003,30,up_rational,800.0,0.010016771033406258,0.1462584286928177
0.003,30,up_rational,1000.0,0.009602146223187447,0.11355413496494293
0.003,30,up_rational,1200.0,0.007266818080097437,0.081202931702137
0.003,30,up_rational,1400.0,0.00855254102498293,0.08656951785087585
0.003,30,up_rational,1600.0,0.005771361757069826,0.06587546318769455
0.003,30,up_rational,1800.0,0.008603300899267197,0.09943714737892151
0.003,30,up_rational,2000.0,0.007544913329184055,0.12663224339485168
0.003,30,up_rational,2200.0,0.005281590390950441,0.08454079180955887
0.003,30,up_rational,2400.0,0.005192683544009924,0.08526122570037842
0.003,30,up_rational,2600.0,0.004768259357661009,0.06783442199230194
0.003,30,up_rational,2800.0,0.005960735026746988,0.07737455517053604
0.003,30,up_rational,3000.0,0.007164620794355869,0.04049471765756607
0.003,30,up_rational,3200.0,0.001419605570845306,0.010038760490715504
0.003,30,up_rational,3400.0,0.0035393701400607824,0.01791100762784481
0.003,30,up_rational,3600.0,0.00780054135248065,0.012120358645915985
0.003,30,up_rational,3800.0,0.005403803661465645,0.036600127816200256
0.003,30,up_rational,4000.0,0.008338876999914646,0.029376458376646042
0.003,30,up_rational,4200.0,0.008186678402125835,0.04406576603651047
0.003,30,up_rational,4400.0,0.003426761133596301,0.036503806710243225
0.003,30,up_rational,4600.0,0.008218654431402683,0.0170258991420269
0.003,30,up_rational,4800.0,0.003896990092471242,0.024548141285777092
0.003,30,up_rational,5000.0,0.0027988902293145657,0.025755077600479126
0.003,30,up_rational,5200.0,0.0032312197145074606,0.018207719549536705
0.003,30,up_rational,5400.0,0.012149362824857235,0.049708109349012375
0.003,30,up_rational,5600.0,0.006334492936730385,0.03184277564287186
0.003,30,up_rational,5800.0,0.004307156894356012,0.009083607234060764
0.003,30,up_rational,6000.0,0.0037962293718010187,0.008173882029950619
0.003,30,up_rational,6200.0,0.0023179880809038877,0.023560408502817154
0.003,30,up_rational,6400.0,0.0065799797885119915,0.023110011592507362
0.003,30,up_rational,6600.0,0.0038914207834750414,0.05048450455069542
0.003,30,up_rational,6800.0,0.006479558069258928,0.10058305412530899
0.003,30,up_rational,7000.0,0.0069322665221989155,0.10305262356996536
0.003,30,up_rational,7200.0,0.006373122800141573,0.10534802079200745
0.003,30,up_rational,7400.0,0.008851808495819569,0.10742455720901489
0.003,30,up_rational,7600.0,0.009594251401722431,0.1198308914899826
0.003,30,up_rational,7800.0,0.009414018131792545,0.13468338549137115
0.003,30,up_rational,7999.0,0.01000529620796442,0.1657637655735016
0.003,30,down_inv,0.0,0.017570018768310547,0.19392505288124084
0.003,30,down_inv,200.0,0.006239422131329775,0.10592824965715408
0.003,30,down_inv,400.0,0.006186964921653271,0.10503555834293365
0.003,30,down_inv,600.0,0.005460936576128006,0.09279310703277588
0.003,30,down_inv,800.0,0.007363574113696814,0.12500722706317902
0.003,30,down_inv,1000.0,0.006612826604396105,0.11219680309295654
0.003,30,down_inv,1200.0,0.010988294146955013,0.1864929050207138
0.003,30,down_inv,1400.0,0.010125315748155117,0.17041215300559998
0.003,30,down_inv,1600.0,0.0068086436949670315,0.11558477580547333
0.003,30,down_inv,1800.0,0.006799391936510801,0.11542963236570358
0.003,30,down_inv,2000.0,0.011784045957028866,0.1729196012020111
0.003,30,down_inv,2200.0,0.011502867564558983,0.19480204582214355
0.003,30,down_inv,2400.0,0.00985474232584238,0.15512201189994812
0.003,30,down_inv,2600.0,0.008351029828190804,0.14175811409950256
0.003,30,down_inv,2800.0,0.00835786759853363,0.14188025891780853
0.003,30,down_inv,3000.0,0.008999506011605263,0.15192830562591553
0.003,30,down_inv,3200.0,0.007561275269836187,0.1283828169107437
0.003,30,down_inv,3400.0,0.005359960254281759,0.08047996461391449
0.003,30,down_inv,3600.0,0.0037770962808281183,0.06411787122488022
0.003,30,down_inv,3800.0,0.0037422445602715015,0.06354157626628876
0.003,30,down_inv,4000.0,0.0024501183070242405,0.04147021099925041
0.003,30,down_inv,4200.0,0.002603010507300496,0.04418947920203209
0.003,30,down_inv,4400.0,0.0025690875481814146,0.04361577332019806
0.003,30,down_inv,4600.0,0.014424283988773823,0.24290965497493744
0.003,30,down_inv,4800.0,0.014227457344532013,0.24140006303787231
0.003,30,down_inv,5000.0,0.014272073283791542,0.242152601480484
0.003,30,down_inv,5200.0,0.014198794029653072,0.24073152244091034
0.003,30,down_inv,5400.0,0.014346113428473473,0.24342131614685059
0.003,30,down_inv,5600.0,0.013636496849358082,0.23133958876132965
0.003,30,down_inv,5800.0,0.012782463803887367,0.21686559915542603
0.003,30,down_inv,6000.0,0.013849172741174698,0.23499582707881927
0.003,30,down_inv,6200.0,0.013990011066198349,0.2373691201210022
0.003,30,down_inv,6400.0,0.013789813965559006,0.23393233120441437
0.003,30,down_inv,6600.0,0.013684768229722977,0.23218762874603271
0.003,30,down_inv,6800.0,0.011454802006483078,0.1943126767873764
0.003,30,down_inv,7000.0,0.0114588038995862,0.19445490837097168
0.003,30,down_inv,7200.0,0.011336449533700943,0.19240407645702362
0.003,30,down_inv,7400.0,0.013120339252054691,0.22263497114181519
0.003,30,down_inv,7600.0,0.013153876177966595,0.2232067883014679
0.003,30,down_inv,7800.0,0.013160742819309235,0.22331494092941284
0.003,30,down_inv,7999.0,0.011042896658182144,0.1871296614408493
0.003,30,uniform,0.0,0.016833515837788582,0.18977870047092438
0.003,30,uniform,200.0,0.005929098464548588,0.09834659099578857
0.003,30,uniform,400.0,0.006548026110976934,0.10510413348674774
0.003,30,uniform,600.0,0.009019468910992146,0.12431461364030838
0.003,30,uniform,800.0,0.007125227712094784,0.12004058063030243
0.003,30,uniform,1000.0,0.009353414177894592,0.12734746932983398
0.003,30,uniform,1200.0,0.003395717591047287,0.0575563944876194
0.003,30,uniform,1400.0,0.005529171321541071,0.0933573842048645
0.003,30,uniform,1600.0,0.006599173415452242,0.0897606611251831
0.003,30,uniform,1800.0,0.002732809167355299,0.04643382132053375
0.003,30,uniform,2000.0,0.008127373643219471,0.06308149546384811
0.003,30,uniform,2200.0,0.006070029456168413,0.07243138551712036
0.003,30,uniform,2400.0,0.005350233521312475,0.09016231447458267
0.003,30,uniform,2600.0,0.005754244048148394,0.09680204093456268
0.003,30,uniform,2800.0,0.0056086340919137,0.08631989359855652
0.003,30,uniform,3000.0,0.003186990274116397,0.05198206752538681
0.003,30,uniform,3200.0,0.002907766029238701,0.047952987253665924
0.003,30,uniform,3400.0,0.003003735328093171,0.02330155298113823
0.003,30,uniform,3600.0,0.0024895870592445135,0.04027032479643822
0.003,30,uniform,3800.0,0.0006616909522563219,0.009778426960110664
0.003,30,uniform,4000.0,0.002126151928678155,0.01888890750706196
0.003,30,uniform,4200.0,0.0012685446999967098,0.007740622851997614
0.003,30,uniform,4400.0,0.0007835361175239086,0.012983351945877075
0.003,30,uniform,4600.0,0.0012863250449299812,0.020079849287867546
0.003,30,uniform,4800.0,0.003660636954009533,0.04830067604780197
0.003,30,uniform,5000.0,0.004568792879581451,0.05421154573559761
0.003,30,uniform,5200.0,0.002961738733574748,0.04971356317400932
0.003,30,uniform,5400.0,0.0014125880552455783,0.023964406922459602
0.003,30,uniform,5600.0,0.0014076181687414646,0.02303428389132023
0.003,30,uniform,5800.0,0.0007717555272392929,0.0117105171084404
0.003,30,uniform,6000.0,0.0010454327566549182,0.005446107592433691
0.003,30,uniform,6200.0,0.0010851280530914664,0.01677158661186695
0.003,30,uniform,6400.0,0.004624843597412109,0.028977075591683388
0.003,30,uniform,6600.0,0.0028075440786778927,0.005385029129683971
0.003,30,uniform,6800.0,0.00028108619153499603,0.00446121534332633
0.003,30,uniform,7000.0,0.00459282286465168,0.06937594711780548
0.003,30,uniform,7200.0,0.00782693549990654,0.13264700770378113
0.003,30,uniform,7400.0,0.0058196475729346275,0.09797479212284088
0.003,30,uniform,7600.0,0.0038330594543367624,0.06444912403821945
0.003,30,uniform,7800.0,0.00441371276974678,0.07489614933729172
0.003,30,uniform,7999.0,0.006269657053053379,0.051305968314409256
0.003,30,down->up,0.0,0.017570018768310547,0.19392505288124084
0.003,30,down->up,200.0,0.006239422131329775,0.10592824965715408
0.003,30,down->up,400.0,0.006186964921653271,0.10503555834293365
0.003,30,down->up,600.0,0.005460936576128006,0.09279310703277588
0.003,30,down->up,800.0,0.007363574113696814,0.12500722706317902
0.003,30,down->up,1000.0,0.006612826604396105,0.11219680309295654
0.003,30,down->up,1200.0,0.010988294146955013,0.1864929050207138
0.003,30,down->up,1400.0,0.010125315748155117,0.17041215300559998
0.003,30,down->up,1600.0,0.0068086436949670315,0.11558477580547333
0.003,30,down->up,1800.0,0.006799391936510801,0.11542963236570358
0.003,30,down->up,2000.0,0.011784045957028866,0.1729196012020111
0.003,30,down->up,2200.0,0.011502867564558983,0.19480204582214355
0.003,30,down->up,2400.0,0.00985474232584238,0.15512201189994812
0.003,30,down->up,2600.0,0.008351029828190804,0.14175811409950256
0.003,30,down->up,2800.0,0.00835786759853363,0.14188025891780853
0.003,30,down->up,3000.0,0.008999506011605263,0.15192830562591553
0.003,30,down->up,3199.0,0.007647318299859762,0.12976491451263428
0.003,30,down->up,3200.0,0.0214832816272974,0.15540388226509094
0.003,30,down->up,3400.0,0.014881487004458904,0.23025016486644745
0.003,30,down->up,3600.0,0.014295544475317001,0.23779721558094025
0.003,30,down->up,3800.0,0.013872609473764896,0.21824027597904205
0.003,30,down->up,4000.0,0.013801688328385353,0.2285769283771515
0.003,30,down->up,4200.0,0.015487922355532646,0.20899727940559387
0.003,30,down->up,4400.0,0.01289785373955965,0.21540717780590057
0.003,30,down->up,4600.0,0.0131605863571167,0.21161521971225739
0.003,30,down->up,4800.0,0.01450334768742323,0.20056788623332977
0.003,30,down->up,5000.0,0.0104331960901618,0.16930361092090607
0.003,30,down->up,5200.0,0.01551385410130024,0.21214176714420319
0.003,30,down->up,5400.0,0.013058259151875973,0.21617481112480164
0.003,30,down->up,5600.0,0.015402941964566708,0.23689982295036316
0.003,30,down->up,5800.0,0.012540129013359547,0.21177315711975098
0.003,30,down->up,6000.0,0.01440973300486803,0.23170989751815796
0.003,30,down->up,6200.0,0.015718773007392883,0.26606041193008423
0.003,30,down->up,6400.0,0.022671295329928398,0.21679577231407166
0.003,30,down->up,6600.0,0.015074864961206913,0.25381773710250854
0.003,30,down->up,6800.0,0.017112726345658302,0.2776109278202057
0.003,30,down->up,7000.0,0.01298319362103939,0.21293719112873077
0.003,30,down->up,7200.0,0.013911598362028599,0.21776936948299408
0.003,30,down->up,7400.0,0.016564883291721344,0.2579789459705353
0.003,30,down->up,7600.0,0.015738271176815033,0.256599098443985
0.003,30,down->up,7800.0,0.012793822214007378,0.210511714220047
0.003,30,down->up,7999.0,0.020395589992403984,0.25908249616622925
0.003,30,up->down,0.0,0.01627507247030735,0.18442364037036896
0.003,30,up->down,200.0,0.008657018654048443,0.05942389741539955
0.003,30,up->down,400.0,0.005784075707197189,0.09198383241891861
0.003,30,up->down,600.0,0.006387694738805294,0.07373682409524918
0.003,30,up->down,800.0,0.010016771033406258,0.1462584286928177
0.003,30,up->down,1000.0,0.009602146223187447,0.11355413496494293
0.003,30,up->down,1200.0,0.007266818080097437,0.081202931702137
0.003,30,up->down,1400.0,0.00855254102498293,0.08656951785087585
0.003,30,up->down,1600.0,0.005771361757069826,0.06587546318769455
0.003,30,up->down,1800.0,0.008603300899267197,0.09943714737892151
0.003,30,up->down,2000.0,0.007544913329184055,0.12663224339485168
0.003,30,up->down,2200.0,0.005281590390950441,0.08454079180955887
0.003,30,up->down,2400.0,0.005192683544009924,0.08526122570037842
0.003,30,up->down,2600.0,0.004768259357661009,0.06783442199230194
0.003,30,up->down,2800.0,0.005960735026746988,0.07737455517053604
0.003,30,up->down,3000.0,0.007164620794355869,0.04049471765756607
0.003,30,up->down,3199.0,0.0016955235041677952,0.012893727980554104
0.003,30,up->down,3200.0,0.023390576243400574,0.060022562742233276
0.003,30,up->down,3400.0,0.011289086192846298,0.1915908008813858
0.003,30,up->down,3600.0,0.011301206424832344,0.19180363416671753
0.003,30,up->down,3800.0,0.012609918601810932,0.213970348238945
0.003,30,up->down,4000.0,0.012525535188615322,0.2125578373670578
0.003,30,up->down,4200.0,0.012193851172924042,0.20647084712982178
0.003,30,up->down,4400.0,0.011206421069800854,0.18958786129951477
0.003,30,up->down,4600.0,0.010380723513662815,0.17618602514266968
0.003,30,up->down,4800.0,0.010434200055897236,0.14637060463428497
0.003,30,up->down,5000.0,0.008734696544706821,0.14826850593090057
0.003,30,up->down,5200.0,0.00911774206906557,0.15248216688632965
0.003,30,up->down,5400.0,0.007883203215897083,0.13378992676734924
0.003,30,up->down,5600.0,0.007919194176793098,0.13442426919937134
0.003,30,up->down,5800.0,0.008779979310929775,0.144633948802948
0.003,30,up->down,6000.0,0.006007691379636526,0.10032685101032257
0.003,30,up->down,6200.0,0.007130450569093227,0.12091539800167084
0.003,30,up->down,6400.0,0.007617631461471319,0.12926223874092102
0.003,30,up->down,6600.0,0.009318670257925987,0.15445983409881592
0.003,30,up->down,6800.0,0.008363726548850536,0.1419798731803894
0.003,30,up->down,7000.0,0.008694048970937729,0.14696837961673737
0.003,30,up->down,7200.0,0.005103974603116512,0.0840136706829071
0.003,30,up->down,7400.0,0.004905151668936014,0.083287812769413
0.003,30,up->down,7600.0,0.004942497704178095,0.08392102271318436
0.003,30,up->down,7800.0,0.005503635387867689,0.0931607335805893
0.003,30,up->down,7999.0,0.007172168232500553,0.06121119111776352
0.003,40,up_rational,0.0,0.040357351303100586,0.6640152335166931
0.003,40,up_rational,200.0,0.028358999639749527,0.47865042090415955
0.003,40,up_rational,400.0,0.028113072738051414,0.4727158546447754
0.003,40,up_rational,600.0,0.02953099086880684,0.4619266092777252
0.003,40,up_rational,800.0,0.02439432591199875,0.40328022837638855
0.003,40,up_rational,1000.0,0.022842124104499817,0.3861689865589142
0.003,40,up_rational,1200.0,0.020692193880677223,0.32507646083831787
0.003,40,up_rational,1400.0,0.02438354305922985,0.31890228390693665
0.003,40,up_rational,1600.0,0.018033243715763092,0.27461370825767517
0.003,40,up_rational,1800.0,0.01502172276377678,0.24355660378932953
0.003,40,up_rational,2000.0,0.014303598552942276,0.2109512984752655
0.003,40,up_rational,2200.0,0.011904185637831688,0.20042312145233154
0.003,40,up_rational,2400.0,0.010245169512927532,0.1711433082818985
0.003,40,up_rational,2600.0,0.010188719257712364,0.16310299932956696
0.003,40,up_rational,2800.0,0.009096665307879448,0.14635777473449707
0.003,40,up_rational,3000.0,0.008211210370063782,0.1367119550704956
0.003,40,up_rational,3200.0,0.007479135412722826,0.11692371219396591
0.003,40,up_rational,3400.0,0.008895683102309704,0.09021778404712677
0.003,40,up_rational,3600.0,0.00642374949529767,0.07612486183643341
0.003,40,up_rational,3800.0,0.00486623402684927,0.07503713667392731
0.003,40,up_rational,4000.0,0.007744068745523691,0.10034000873565674
0.003,40,up_rational,4200.0,0.005714292638003826,0.0755111500620842
0.003,40,up_rational,4400.0,0.004304626956582069,0.0202729944139719
0.003,40,up_rational,4600.0,0.003056975081562996,0.013219336047768593
0.003,40,up_rational,4800.0,0.004263554699718952,0.034097250550985336
0.003,40,up_rational,5000.0,0.0030676559545099735,0.02208556979894638
0.003,40,up_rational,5200.0,0.004215511027723551,0.03499187156558037
0.003,40,up_rational,5400.0,0.007000887766480446,0.11330459266901016
0.003,40,up_rational,5600.0,0.00959763303399086,0.14703309535980225
0.003,40,up_rational,5800.0,0.01139389630407095,0.15061144530773163
0.003,40,up_rational,6000.0,0.008907433599233627,0.1509617418050766
0.003,40,up_rational,6200.0,0.008356692269444466,0.1355707347393036
0.003,40,up_rational,6400.0,0.009695757180452347,0.15473361313343048
0.003,40,up_rational,6600.0,0.00946488045156002,0.14917325973510742
0.003,40,up_rational,6800.0,0.012638469226658344,0.20722317695617676
0.003,40,up_rational,7000.0,0.010564792901277542,0.17713333666324615
0.003,40,up_rational,7200.0,0.011008644476532936,0.1744612604379654
0.003,40,up_rational,7400.0,0.011682716198265553,0.19686275720596313
0.003,40,up_rational,7600.0,0.01607947051525116,0.27224501967430115
0.003,40,up_rational,7800.0,0.015840642154216766,0.25710099935531616
0.003,40,up_rational,7999.0,0.01712128333747387,0.28587204217910767
0.003,40,down_inv,0.0,0.040149688720703125,0.6547591090202332
0.003,40,down_inv,200.0,0.03200787305831909,0.5411469340324402
0.003,40,down_inv,400.0,0.03221413865685463,0.5446054935455322
0.003,40,down_inv,600.0,0.03272370994091034,0.5530879497528076
0.003,40,down_inv,800.0,0.030938906595110893,0.5231425762176514
0.003,40,down_inv,1000.0,0.03102060593664646,0.5245989561080933
0.003,40,down_inv,1200.0,0.03311502933502197,0.5595728158950806
0.003,40,down_inv,1400.0,0.03305032476782799,0.5585846304893494
0.003,40,down_inv,1600.0,0.030240802094340324,0.5115746855735779
0.003,40,down_inv,1800.0,0.030509866774082184,0.5157918930053711
0.003,40,down_inv,2000.0,0.030831659212708473,0.5143251419067383
0.003,40,down_inv,2200.0,0.025867974385619164,0.4380437731742859
0.003,40,down_inv,2400.0,0.025895344093441963,0.43851128220558167
0.003,40,down_inv,2600.0,0.025560516864061356,0.43228745460510254
0.003,40,down_inv,2800.0,0.0277590062469244,0.46987485885620117
0.003,40,down_inv,3000.0,0.02772422693669796,0.4692695736885071
0.003,40,down_inv,3200.0,0.03720017895102501,0.6225511431694031
0.003,40,down_inv,3400.0,0.03585832938551903,0.6054741740226746
0.003,40,down_inv,3600.0,0.03578869253396988,0.604315459728241
0.003,40,down_inv,3800.0,0.03575919568538666,0.6038256287574768
0.003,40,down_inv,4000.0,0.03568260371685028,0.6025771498680115
0.003,40,down_inv,4200.0,0.03527573496103287,0.5957223773002625
0.003,40,down_inv,4400.0,0.035225048661231995,0.5949106216430664
0.003,40,down_inv,4600.0,0.03521963208913803,0.5948284864425659
0.003,40,down_inv,4800.0,0.035601139068603516,0.5861731767654419
0.003,40,down_inv,5000.0,0.03384131193161011,0.5718096494674683
0.003,40,down_inv,5200.0,0.03384779766201973,0.5719181299209595
0.003,40,down_inv,5400.0,0.03435476869344711,0.5801392197608948
0.003,40,down_inv,5600.0,0.03425472974777222,0.5787169933319092
0.003,40,down_inv,5800.0,0.033697232604026794,0.5693626403808594
0.003,40,down_inv,6000.0,0.03043096326291561,0.5147285461425781
0.003,40,down_inv,6200.0,0.030391212552785873,0.5140597224235535
0.003,40,down_inv,6400.0,0.030347205698490143,0.5133199095726013
0.003,40,down_inv,6600.0,0.03029346838593483,0.5124166011810303
0.003,40,down_inv,6800.0,0.030516792088747025,0.5147967338562012
0.003,40,down_inv,7000.0,0.030390461906790733,0.5140476822853088
0.003,40,down_inv,7200.0,0.030419956892728806,0.5145318508148193
0.003,40,down_inv,7400.0,0.030415110290050507,0.5144729018211365
0.003,40,down_inv,7600.0,0.030344901606440544,0.5133209228515625
0.003,40,down_inv,7800.0,0.034594353288412094,0.5841229557991028
0.003,40,down_inv,7999.0,0.03437633439898491,0.5807393193244934
0.003,40,uniform,0.0,0.04033610224723816,0.6611238718032837
0.003,40,uniform,200.0,0.031075483188033104,0.5256500244140625
0.003,40,uniform,400.0,0.031398411840200424,0.5291993618011475
0.003,40,uniform,600.0,0.029608141630887985,0.5004889965057373
0.003,40,uniform,800.0,0.029893144965171814,0.5057262182235718
0.003,40,uniform,1000.0,0.029216498136520386,0.4918331801891327
0.003,40,uniform,1200.0,0.028151219710707664,0.4762400984764099
0.003,40,uniform,1400.0,0.02722485177218914,0.45895737409591675
0.003,40,uniform,1600.0,0.026533670723438263,0.44545021653175354
0.003,40,uniform,1800.0,0.025135377421975136,0.4256342947483063
0.003,40,uniform,2000.0,0.024325618520379066,0.41147950291633606
0.003,40,uniform,2200.0,0.02265721932053566,0.381553590297699
0.003,40,uniform,2400.0,0.024028366431593895,0.40583500266075134
0.003,40,uniform,2600.0,0.024196920916438103,0.4098920226097107
0.003,40,uniform,2800.0,0.022524626925587654,0.38093301653862
0.003,40,uniform,3000.0,0.021263232454657555,0.3601618707180023
0.003,40,uniform,3200.0,0.02162310481071472,0.366534024477005
0.003,40,uniform,3400.0,0.02081592194736004,0.35240182280540466
0.003,40,uniform,3600.0,0.02022971771657467,0.34290507435798645
0.003,40,uniform,3800.0,0.020256439223885536,0.3433316946029663
0.003,40,uniform,4000.0,0.019473068416118622,0.32990846037864685
0.003,40,uniform,4200.0,0.020517313852906227,0.3425939977169037
0.003,40,uniform,4400.0,0.020592954009771347,0.3488445281982422
0.003,40,uniform,4600.0,0.017922550439834595,0.30388036370277405
0.003,40,uniform,4800.0,0.018546586856245995,0.31423428654670715
0.003,40,uniform,5000.0,0.016855981200933456,0.2851739525794983
0.003,40,uniform,5200.0,0.01637505367398262,0.27169328927993774
0.003,40,uniform,5400.0,0.014820273034274578,0.25015488266944885
0.003,40,uniform,5600.0,0.015283677726984024,0.24633671343326569
0.003,40,uniform,5800.0,0.015216261148452759,0.25812217593193054
0.003,40,uniform,6000.0,0.013118887320160866,0.22255246341228485
0.003,40,uniform,6200.0,0.012999477796256542,0.22036154568195343
0.003,40,uniform,6400.0,0.013299780897796154,0.22534430027008057
0.003,40,uniform,6600.0,0.013486763462424278,0.22669975459575653
0.003,40,uniform,6800.0,0.017588280141353607,0.28132447600364685
0.003,40,uniform,7000.0,0.01746729016304016,0.2043871134519577
0.003,40,uniform,7200.0,0.009752932004630566,0.16544628143310547
0.003,40,uniform,7400.0,0.009852915070950985,0.1672428697347641
0.003,40,uniform,7600.0,0.0108743105083704,0.17885108292102814
0.003,40,uniform,7800.0,0.008240913040935993,0.12674570083618164
0.003,40,uniform,7999.0,0.008023885078728199,0.1360141932964325
0.003,40,down->up,0.0,0.040149688720703125,0.6547591090202332
0.003,40,down->up,200.0,0.03200787305831909,0.5411469340324402
0.003,40,down->up,400.0,0.03221413865685463,0.5446054935455322
0.003,40,down->up,600.0,0.03272370994091034,0.5530879497528076
0.003,40,down->up,800.0,0.030938906595110893,0.5231425762176514
0.003,40,down->up,1000.0,0.03102060593664646,0.5245989561080933
0.003,40,down->up,1200.0,0.03311502933502197,0.5595728158950806
0.003,40,down->up,1400.0,0.03305032476782799,0.5585846304893494
0.003,40,down->up,1600.0,0.030240802094340324,0.5115746855735779
0.003,40,down->up,1800.0,0.030509866774082184,0.5157918930053711
0.003,40,down->up,2000.0,0.030831659212708473,0.5143251419067383
0.003,40,down->up,2200.0,0.025867974385619164,0.4380437731742859
0.003,40,down->up,2400.0,0.025895344093441963,0.43851128220558167
0.003,40,down->up,2600.0,0.025560516864061356,0.43228745460510254
0.003,40,down->up,2800.0,0.0277590062469244,0.46987485885620117
0.003,40,down->up,3000.0,0.02772422693669796,0.4692695736885071
0.003,40,down->up,3199.0,0.03683247044682503,0.6205013394355774
0.003,40,down->up,3200.0,0.04019001126289368,0.5251877307891846
0.003,40,down->up,3400.0,0.02635364420711994,0.4408840537071228
0.003,40,down->up,3600.0,0.025517839938402176,0.4242984652519226
0.003,40,down->up,3800.0,0.026486489921808243,0.4249868392944336
0.003,40,down->up,4000.0,0.02379450760781765,0.39575448632240295
0.003,40,down->up,4200.0,0.022818442434072495,0.37664806842803955
0.003,40,down->up,4400.0,0.02212001197040081,0.37099689245224
0.003,40,down->up,4600.0,0.022771088406443596,0.3809662163257599
0.003,40,down->up,4800.0,0.0219124648720026,0.35840296745300293
0.003,40,down->up,5000.0,0.02402934432029724,0.37093257904052734
0.003,40,down->up,5200.0,0.02149788849055767,0.3241446316242218
0.003,40,down->up,5400.0,0.019545618444681168,0.32124993205070496
0.003,40,down->up,5600.0,0.01955585740506649,0.2942546010017395
0.003,40,down->up,5800.0,0.017843209207057953,0.29338476061820984
0.003,40,down->up,6000.0,0.016719168052077293,0.2823741137981415
0.003,40,down->up,6200.0,0.01803787238895893,0.27870017290115356
0.003,40,down->up,6400.0,0.017048146575689316,0.2690538167953491
0.003,40,down->up,6600.0,0.015452803112566471,0.25609421730041504
0.003,40,down->up,6800.0,0.016847465187311172,0.2159406691789627
0.003,40,down->up,7000.0,0.014106757938861847,0.20858047902584076
0.003,40,down->up,7200.0,0.012822667136788368,0.20839685201644897
0.003,40,down->up,7400.0,0.01415329985320568,0.2236916571855545
0.003,40,down->up,7600.0,0.012363477610051632,0.19572420418262482
0.003,40,down->up,7800.0,0.012384812347590923,0.20334358513355255
0.003,40,down->up,7999.0,0.01351053174585104,0.21386712789535522
0.003,40,up->down,0.0,0.040357351303100586,0.6640152335166931
0.003,40,up->down,200.0,0.028358999639749527,0.47865042090415955
0.003,40,up->down,400.0,0.028113072738051414,0.4727158546447754
0.003,40,up->down,600.0,0.02953099086880684,0.4619266092777252
0.003,40,up->down,800.0,0.02439432591199875,0.40328022837638855
0.003,40,up->down,1000.0,0.022842124104499817,0.3861689865589142
0.003,40,up->down,1200.0,0.020692193880677223,0.32507646083831787
0.003,40,up->down,1400.0,0.02438354305922985,0.31890228390693665
0.003,40,up->down,1600.0,0.018033243715763092,0.27461370825767517
0.003,40,up->down,1800.0,0.01502172276377678,0.24355660378932953
0.003,40,up->down,2000.0,0.014303598552942276,0.2109512984752655
0.003,40,up->down,2200.0,0.011904185637831688,0.20042312145233154
0.003,40,up->down,2400.0,0.010245169512927532,0.1711433082818985
0.003,40,up->down,2600.0,0.010188719257712364,0.16310299932956696
0.003,40,up->down,2800.0,0.009096665307879448,0.14635777473449707
0.003,40,up->down,3000.0,0.008211210370063782,0.1367119550704956
0.003,40,up->down,3199.0,0.007658998481929302,0.11668145656585693
0.003,40,up->down,3200.0,0.018895111978054047,0.08530333638191223
0.003,40,up->down,3400.0,0.004063157364726067,0.06898074597120285
0.003,40,up->down,3600.0,0.004043428227305412,0.06865191459655762
0.003,40,up->down,3800.0,0.004484954290091991,0.07613363862037659
0.003,40,up->down,4000.0,0.006517929490655661,0.11064357310533524
0.003,40,up->down,4200.0,0.006463935598731041,0.10974373668432236
0.003,40,up->down,4400.0,0.007157598156481981,0.1212560310959816
0.003,40,up->down,4600.0,0.007130529265850782,0.12104066461324692
0.003,40,up->down,4800.0,0.0070877294056117535,0.12032651156187057
0.003,40,up->down,5000.0,0.007103750016540289,0.12060413509607315
0.003,40,up->down,5200.0,0.008498750627040863,0.14370031654834747
0.003,40,up->down,5400.0,0.006807811092585325,0.1155238226056099
0.003,40,up->down,5600.0,0.006813579238951206,0.11448212713003159
0.003,40,up->down,5800.0,0.004386269021779299,0.07413095235824585
0.003,40,up->down,6000.0,0.004365208558738232,0.07411547750234604
0.003,40,up->down,6200.0,0.004340524319559336,0.07369569689035416
0.003,40,up->down,6400.0,0.006303342059254646,0.10676628351211548
0.003,40,up->down,6600.0,0.006067156326025724,0.10300620645284653
0.003,40,up->down,6800.0,0.005932679865509272,0.10065388679504395
0.003,40,up->down,7000.0,0.006230886559933424,0.10577988624572754
0.003,40,up->down,7200.0,0.006254827603697777,0.10618982464075089
0.003,40,up->down,7400.0,0.00637758569791913,0.10678623616695404
0.003,40,up->down,7600.0,0.008900635875761509,0.1510964334011078
0.003,40,up->down,7800.0,0.027134602889418602,0.44504666328430176
0.003,40,up->down,7999.0,0.024439027532935143,0.41397884488105774
