feat,nu,seed,beta,phase0_L2,gate_ok,L2,Linf,l2_band,best_epoch,conv_epoch,converged,eta_gate,eta_end,cos_gate,source
Hi,0.01,0,1.0,0.06025448068976402,0.0,0.028779668733477592,0.24943074584007263,0.2554740607738495,5800.0,-1.0,-1.0,191331.22998749936,489630.8694053973,0.27839550375938416,hist_E1
Hi,0.01,0,5.0,0.06025448068976402,0.0,0.039152633398771286,0.2966742515563965,0.3157552480697632,1400.0,-1.0,-1.0,326460.9486234241,460375.06876761914,0.25076374411582947,hist_E1
Hi,0.01,5,1.0,0.07370549440383911,0.0,0.008399092592298985,0.04489782452583313,0.04688941687345505,2400.0,-1.0,-1.0,680.5440803358784,7446.292162321179,-0.00836715754121542,hist_E1
Hi,0.01,5,5.0,0.07370549440383911,0.0,0.0059376307763159275,0.013755381107330322,0.01676180213689804,4800.0,-1.0,-1.0,1331.8853811191648,507.5306843816803,-0.006364662200212479,hist_E1
Hi,0.01,10,1.0,0.10586489737033844,0.0,0.10660869628190994,0.8579614162445068,0.9106324315071106,0.0,-1.0,-1.0,816.5168531230142,5384.869422978695,0.22016902267932892,hist_E1
Hi,0.01,10,5.0,0.10586489737033844,0.0,0.1061890721321106,0.8558046817779541,0.9078289270401001,0.0,-1.0,-1.0,1697.2984347601953,7626.220242133946,0.25041598081588745,hist_E1
Hi,0.01,15,1.0,0.08869197964668274,0.0,0.07601254433393478,0.637040913105011,0.672021746635437,6400.0,-1.0,-1.0,4936.426140655568,77075.57781939967,0.21959203481674194,hist_E1
Hi,0.01,15,5.0,0.08869197964668274,0.0,0.0833791121840477,0.6854553818702698,0.7235608696937561,6600.0,-1.0,-1.0,8125.298704449699,94639.79894305262,0.24610678851604462,hist_E1
Hi,0.01,20,1.0,0.06742796301841736,0.0,0.05864790454506874,0.48327094316482544,0.5110191106796265,800.0,-1.0,-1.0,8548.528246839565,4609.732250366427,0.3676813542842865,hist_E1
Hi,0.01,20,5.0,0.06742796301841736,0.0,0.040829651057720184,0.34029340744018555,0.3593112826347351,7600.0,-1.0,-1.0,14334.11002525305,574205.7769800527,0.3939771056175232,hist_E1
Hi,0.01,25,1.0,0.039207786321640015,1.0,0.024158310145139694,0.19590137898921967,0.20129795372486115,200.0,-1.0,-1.0,5594.017211542833,17772.986426867723,0.14489863812923431,hist_E1
Hi,0.01,25,5.0,0.039207786321640015,1.0,0.023547498509287834,0.18235978484153748,0.19026203453540802,200.0,-1.0,-1.0,12107.231111245135,9129.38063876978,0.16107001900672913,hist_E1
Hi,0.01,30,1.0,0.10017174482345581,0.0,0.08023839443922043,0.669127881526947,0.7046691179275513,3000.0,-1.0,-1.0,10438.570997971821,106825.96043245538,0.40396276116371155,hist_E1
Hi,0.01,30,5.0,0.10017174482345581,0.0,0.0965251624584198,0.6966636776924133,0.7109037637710571,0.0,-1.0,-1.0,15096.57860015036,25805.39973152733,0.4155193865299225,hist_E1
Hi,0.01,35,1.0,0.034647341817617416,1.0,0.04043784365057945,0.20808926224708557,0.21529127657413483,0.0,-1.0,-1.0,11950.298680356069,30900.702414004478,0.36262065172195435,hist_E1
Hi,0.01,35,5.0,0.034647341817617416,1.0,0.042680494487285614,0.20957937836647034,0.2169237732887268,0.0,-1.0,-1.0,26601.922594243973,120371.27933329866,0.37073877453804016,hist_E1
Hi,0.01,40,1.0,0.0265683401376009,1.0,0.015219056978821754,0.12712015211582184,0.1343381106853485,3800.0,-1.0,-1.0,37157.29530562112,1629.8651816509155,0.22437293827533722,hist_E1
Hi,0.01,40,5.0,0.0265683401376009,1.0,0.019575664773583412,0.13699887692928314,0.1377202868461609,800.0,-1.0,-1.0,76471.89855363227,126191.81282513084,0.23223772644996643,hist_E1
Hi,0.01,45,1.0,0.03375113755464554,1.0,0.024512622505426407,0.2081904411315918,0.20993441343307495,0.0,-1.0,-1.0,11037.759297556615,48085.67464106755,0.1484992951154709,hist_E1
Hi,0.01,45,5.0,0.03375113755464554,1.0,0.01597207598388195,0.1336650550365448,0.13625836372375488,7800.0,-1.0,-1.0,22647.961863965887,22520.443447151178,0.14613723754882812,hist_E1
Hi,0.01,50,1.0,0.03025089204311371,1.0,0.01677718199789524,0.14333480596542358,0.14625005424022675,200.0,-1.0,-1.0,18296.29601324213,5140.9030345726205,0.22926588356494904,hist_E1
Hi,0.01,50,5.0,0.03025089204311371,1.0,0.01350304763764143,0.11750917881727219,0.11802874505519867,7600.0,-1.0,-1.0,37591.57058540927,170567.59035906373,0.235732302069664,hist_E1
Hi,0.005,0,1.0,0.007907511666417122,1.0,0.002473933156579733,0.030694283545017242,0.02935170754790306,2800.0,-1.0,-1.0,796474.190474866,593183.5864086902,0.17685776948928833,hist_E1
Hi,0.005,0,2.0,0.007907511666417122,1.0,0.0056123994290828705,0.021956920623779297,0.02487310580909252,200.0,-1.0,-1.0,1182390.3169997297,75481.02299303397,0.18168297410011292,hist_E1
Hi,0.005,0,3.0,0.007907511666417122,1.0,0.004398535005748272,0.02206188440322876,0.024439964443445206,600.0,-1.0,-1.0,1378793.6919719342,85177.37673790062,0.18360765278339386,hist_E1
Hi,0.005,0,5.0,0.007907511666417122,1.0,0.006993222050368786,0.04867878183722496,0.05235865339636803,200.0,-1.0,-1.0,1574248.799761534,813496.9501420883,0.1852649748325348,hist_E1
Hi,0.005,5,1.0,0.04994013160467148,1.0,0.036877453327178955,0.4423397183418274,0.48112350702285767,7800.0,-1.0,-1.0,31597.621627297107,390464.8458291173,0.3285074830055237,hist_E1
Hi,0.005,5,2.0,0.04994013160467148,1.0,0.030225159600377083,0.362839013338089,0.39450904726982117,7999.0,-1.0,-1.0,46353.35365578636,744695.6400504309,0.3474682569503784,hist_E1
Hi,0.005,5,3.0,0.04994013160467148,1.0,0.018141724169254303,0.21422988176345825,0.23421846330165863,7200.0,-1.0,-1.0,53891.19060874385,1536819.1484006238,0.35571572184562683,hist_E1
Hi,0.005,5,5.0,0.04994013160467148,1.0,0.01522270031273365,0.18458962440490723,0.19744518399238586,7999.0,-1.0,-1.0,61421.05554181078,758007.7010370465,0.3632456958293915,hist_E1
Hi,0.005,10,1.0,0.573353111743927,0.0,0.0030849275644868612,0.008013784885406494,0.006402275059372187,6600.0,-1.0,-1.0,72.90361984479061,148252.67049928906,0.28607243299484253,hist_E1
Hi,0.005,10,2.0,0.573353111743927,0.0,0.01533359196037054,0.18106041848659515,0.19797945022583008,7800.0,-1.0,-1.0,98.2576400682351,140378.48419763191,0.2821508049964905,hist_E1
Hi,0.005,10,3.0,0.573353111743927,0.0,0.006936144549399614,0.060403190553188324,0.06462255865335464,7999.0,-1.0,-1.0,111.60519549725221,73284.84493037674,0.2804677188396454,hist_E1
Hi,0.005,10,5.0,0.573353111743927,0.0,0.006826890632510185,0.06591019034385681,0.07029523700475693,7999.0,-1.0,-1.0,125.29239620423633,2240.188756533242,0.2789391577243805,hist_E1
Hi,0.005,15,1.0,0.5703968405723572,0.0,0.5691787600517273,1.031653642654419,0.9891490936279297,0.0,-1.0,-1.0,15.014724919367696,5.102023911046833,0.20173245668411255,hist_E1
Hi,0.005,15,2.0,0.5703968405723572,0.0,0.5691394805908203,1.0324252843856812,0.9891799688339233,0.0,-1.0,-1.0,17.29523400422597,4.395198196252228,0.2111135870218277,hist_E1
Hi,0.005,15,3.0,0.5703968405723572,0.0,0.5691669583320618,1.032603144645691,0.9893428087234497,0.0,-1.0,-1.0,18.426103447367545,4.533521991776137,0.21550928056240082,hist_E1
Hi,0.005,15,5.0,0.5703968405723572,0.0,0.5691762566566467,1.032512903213501,0.9894858002662659,0.0,-1.0,-1.0,19.54698967704106,4.586099394828535,0.2197209596633911,hist_E1
Hi,0.005,20,1.0,0.5713188052177429,0.0,0.5721607208251953,1.001668095588684,0.9528563022613525,0.0,-1.0,-1.0,110.25497896689778,165.61444636285782,0.2074899971485138,hist_E1
Hi,0.005,20,2.0,0.5713188052177429,0.0,0.5721058249473572,1.001343846321106,0.9535266757011414,0.0,-1.0,-1.0,152.481681458,211.4740313378916,0.19722630083560944,hist_E1
Hi,0.005,20,3.0,0.5713188052177429,0.0,0.5720927715301514,1.0012311935424805,0.9538513422012329,0.0,-1.0,-1.0,175.3392441067746,231.86623136403782,0.19304019212722778,hist_E1
Hi,0.005,20,5.0,0.5713188052177429,0.0,0.572085976600647,1.0012702941894531,0.9542070627212524,0.0,-1.0,-1.0,199.17571356204797,249.9335073985438,0.1893339306116104,hist_E1
Hi,0.005,25,1.0,0.006521126721054316,1.0,0.00036146282218396664,0.0021996498107910156,0.002549614990130067,6400.0,-1.0,-1.0,7304.462327058857,306749.8625145831,0.09042248129844666,hist_E1
Hi,0.005,25,2.0,0.006521126721054316,1.0,0.0029134510550647974,0.012682661414146423,0.012251646257936954,2000.0,-1.0,-1.0,11397.860614667918,421868.267244405,0.09246183186769485,hist_E1
Hi,0.005,25,3.0,0.006521126721054316,1.0,0.0038579099345952272,0.03705564886331558,0.043264616280794144,3400.0,-1.0,-1.0,13625.749509106632,1128586.2762015257,0.09344290941953659,hist_E1
Hi,0.005,25,5.0,0.006521126721054316,1.0,0.0035333551932126284,0.04183724522590637,0.04512063041329384,2200.0,-1.0,-1.0,15946.117294621557,179919.72976958743,0.09439007937908173,hist_E1
Hi,0.005,30,1.0,0.045355018228292465,1.0,0.04343600943684578,0.5213178396224976,0.565264105796814,7600.0,-1.0,-1.0,95544.6807111241,243147.240027472,0.3002740740776062,hist_E1
Hi,0.005,30,2.0,0.045355018228292465,1.0,0.03417651727795601,0.40045496821403503,0.43356308341026306,7200.0,-1.0,-1.0,138631.3202260348,358610.51935845497,0.31169402599334717,hist_E1
Hi,0.005,30,3.0,0.045355018228292465,1.0,0.02229570969939232,0.26721468567848206,0.2836565375328064,7999.0,-1.0,-1.0,160144.92938899816,1472942.3891161974,0.3164055049419403,hist_E1
Hi,0.005,30,5.0,0.045355018228292465,1.0,0.0358009859919548,0.42950740456581116,0.46668341755867004,7800.0,-1.0,-1.0,181307.2729214328,322219.8728385278,0.32055336236953735,hist_E1
Hi,0.005,35,1.0,0.044168621301651,1.0,0.0263089407235384,0.32028746604919434,0.34472277760505676,7999.0,-1.0,-1.0,112329.22691867834,198940.2553180732,0.42501041293144226,hist_E1
Hi,0.005,35,2.0,0.044168621301651,1.0,0.01104832161217928,0.13444417715072632,0.14456582069396973,7800.0,-1.0,-1.0,172358.9342475664,604750.2616726432,0.42555585503578186,hist_E1
Hi,0.005,35,3.0,0.044168621301651,1.0,0.020124929025769234,0.22533845901489258,0.2460341900587082,7999.0,-1.0,-1.0,204649.33664349877,1934871.8593097585,0.425569623708725,hist_E1
Hi,0.005,35,5.0,0.044168621301651,1.0,0.0017733456334099174,0.006786465644836426,0.008822950534522533,7999.0,-1.0,-1.0,238014.8594253623,135764.84340476783,0.42544326186180115,hist_E1
Hi,0.005,40,1.0,0.024200094863772392,1.0,0.004309493582695723,0.019437462091445923,0.021186385303735733,7200.0,-1.0,-1.0,10752.865151477004,49649.07977996861,0.09600840508937836,hist_E1
Hi,0.005,40,2.0,0.024200094863772392,1.0,0.004072440788149834,0.014727532863616943,0.016441326588392258,5400.0,-1.0,-1.0,16343.885871148928,378610.7705687279,0.09733434021472931,hist_E1
Hi,0.005,40,3.0,0.024200094863772392,1.0,0.0046093459241092205,0.007747352123260498,0.008599611930549145,5000.0,-1.0,-1.0,19372.214616415047,110976.58899882228,0.09790892153978348,hist_E1
Hi,0.005,40,5.0,0.024200094863772392,1.0,0.0034031891264021397,0.023638486862182617,0.02524484507739544,5400.0,-1.0,-1.0,22519.283929328605,1001132.0528496966,0.098433718085289,hist_E1
Hi,0.005,45,1.0,0.01778133027255535,1.0,0.008398977108299732,0.09710881114006042,0.1051235944032669,6200.0,-1.0,-1.0,69519.87813703535,29811.006356775186,0.13034588098526,hist_E1
Hi,0.005,45,2.0,0.01778133027255535,1.0,0.009902309626340866,0.11363884806632996,0.12278441339731216,7800.0,-1.0,-1.0,102627.48171503385,30001.247864158813,0.13047683238983154,hist_E1
Hi,0.005,45,3.0,0.01778133027255535,1.0,0.010882994160056114,0.1314055472612381,0.14222469925880432,7999.0,-1.0,-1.0,119514.04363238158,770664.60985975,0.13045737147331238,hist_E1
Hi,0.005,45,5.0,0.01778133027255535,1.0,0.011658954434096813,0.12496897578239441,0.1337881237268448,6200.0,-1.0,-1.0,136364.95820779778,65528.75990633258,0.13038672506809235,hist_E1
Hi,0.005,50,1.0,0.010936444625258446,1.0,0.0023721749894320965,0.022015415132045746,0.02382483147084713,200.0,-1.0,-1.0,157954.47513781377,13097.028908769145,0.42052754759788513,hist_E1
Hi,0.005,50,2.0,0.010936444625258446,1.0,0.008671686053276062,0.01879805326461792,0.018203087151050568,400.0,-1.0,-1.0,244566.03099950447,144428.81092189002,0.4163336157798767,hist_E1
Hi,0.005,50,3.0,0.010936444625258446,1.0,0.0016795090632513165,0.00779348611831665,0.009146353229880333,600.0,-1.0,-1.0,291649.2378785731,573472.0704119654,0.4142516851425171,hist_E1
Hi,0.005,50,5.0,0.010936444625258446,1.0,0.0030451754573732615,0.025588005781173706,0.02814604341983795,600.0,-1.0,-1.0,340653.4002100492,48319.307493374254,0.41218075156211853,hist_E1
Hi,0.005,0,8.0,0.007907511666417122,1.0,0.0013379415031522512,0.0042462944984436035,0.004497844725847244,2000.0,7999.0,0.0,1782488.043230358,305703.6621563148,0.20160044729709625,new
Hi,0.005,0,12.0,0.007907511666417122,1.0,0.0033401064574718475,0.040030479431152344,0.043233614414930344,800.0,7999.0,0.0,1863247.7750092288,1834470.4289822627,0.20232412219047546,new
Hi,0.005,5,8.0,0.04994013160467148,1.0,0.010175357572734356,0.11923293769359589,0.131740540266037,7999.0,7999.0,0.0,66355.31396605828,321094.38891640666,0.38466116786003113,new
Hi,0.005,5,12.0,0.04994013160467148,1.0,0.0035565544385463,0.017705142498016357,0.018552983179688454,7800.0,7999.0,0.0,69280.29281864851,966276.9984944653,0.3876012861728668,new
Hi,0.005,10,8.0,0.573353111743927,0.0,0.01829606108367443,0.22145166993141174,0.2395777851343155,7999.0,7999.0,0.0,130.64373840447038,55553.6856469972,0.28440287709236145,new
Hi,0.005,10,12.0,0.573353111743927,0.0,0.03694441169500351,0.443345308303833,0.48156118392944336,7999.0,7999.0,0.0,136.2897439362692,68691.38771850929,0.28398191928863525,new
Hi,0.005,15,8.0,0.5703968405723572,0.0,0.5691815614700317,1.0324550867080688,0.9895517826080322,0.0,7999.0,0.0,21.626570662085793,4.190358203020402,0.21963192522525787,new
Hi,0.005,15,12.0,0.5703968405723572,0.0,0.5691941976547241,1.032581090927124,0.9897066354751587,0.0,7999.0,0.0,22.107704260382206,4.307109513665614,0.22119836509227753,new
Hi,0.005,20,8.0,0.5713188052177429,0.0,0.5720790028572083,1.001259446144104,0.9544397592544556,0.0,7999.0,0.0,227.16871715152755,269.9080904979924,0.18706995248794556,new
Hi,0.005,20,12.0,0.5713188052177429,0.0,0.5720775127410889,1.001254677772522,0.9545693397521973,0.0,7999.0,0.0,238.00700759436504,276.8998382897434,0.18586233258247375,new
Hi,0.005,25,8.0,0.006521126721054316,1.0,0.0036689776461571455,0.010235607624053955,0.011740383692085743,5200.0,7999.0,0.0,18675.006013112652,110382.58465933886,0.09302707016468048,new
Hi,0.005,25,12.0,0.006521126721054316,1.0,0.005787673406302929,0.0219496488571167,0.025046294555068016,800.0,7999.0,0.0,19729.640238075674,124231.12362221847,0.09336798638105392,new
Hi,0.005,30,8.0,0.045355018228292465,1.0,0.027187636122107506,0.322685182094574,0.3477753698825836,7800.0,7999.0,0.0,180997.21947553987,624067.7697942987,0.3497489392757416,new
Hi,0.005,30,12.0,0.045355018228292465,1.0,0.020473893731832504,0.23602284491062164,0.25309959053993225,7999.0,7999.0,0.0,187932.80160816264,651698.5370993072,0.3512424826622009,new
Hi,0.005,35,8.0,0.044168621301651,1.0,0.013954157009720802,0.12504589557647705,0.13568110764026642,7999.0,7999.0,0.0,270662.68792221457,967277.5023515674,0.4323553740978241,new
Hi,0.005,35,12.0,0.044168621301651,1.0,0.012922697700560093,0.10930656641721725,0.12044774740934372,7400.0,7999.0,0.0,285036.62023500924,391947.0439714355,0.4323497712612152,new
Hi,0.005,40,8.0,0.024200094863772392,1.0,0.004583932459354401,0.010877370834350586,0.010936975479125977,2400.0,7999.0,0.0,26068.9115289335,398959.6304361563,0.0989147424697876,new
Hi,0.005,40,12.0,0.024200094863772392,1.0,0.0022183319088071585,0.01587587222456932,0.017200568690896034,3400.0,7999.0,0.0,27477.60983302011,619056.1350203658,0.09912005066871643,new
Hi,0.005,45,8.0,0.01778133027255535,1.0,0.0031114211305975914,0.03624831140041351,0.03962237015366554,7999.0,7999.0,0.0,156084.74804487242,2743949.37823302,0.1336251199245453,new
Hi,0.005,45,12.0,0.01778133027255535,1.0,0.006176118738949299,0.01953837275505066,0.02220991440117359,7999.0,7999.0,0.0,163229.57123583523,64454.04424633516,0.13359405100345612,new
Hi,0.005,50,8.0,0.010936444625258446,1.0,0.0010906339157372713,0.009059488773345947,0.00931923184543848,200.0,7999.0,0.0,399860.6378882771,333880.279584924,0.40995725989341736,new
Hi,0.005,50,12.0,0.010936444625258446,1.0,0.0034761829301714897,0.006482899188995361,0.006781639531254768,1400.0,7999.0,0.0,422235.8953204309,134027.41539264345,0.4090948700904846,new
Hi,0.01,0,2.0,0.06025448068976402,0.0,0.03517165035009384,0.27856680750846863,0.29558366537094116,1600.0,7999.0,0.0,277483.7503736937,125593.69604485887,0.26508021354675293,new
Hi,0.01,0,3.0,0.06025448068976402,0.0,0.0362967811524868,0.30487024784088135,0.3173603117465973,7600.0,7999.0,0.0,315427.41572911455,356078.6999883276,0.2586085796356201,new
Hi,0.01,0,8.0,0.06025448068976402,0.0,0.03796255588531494,0.2865715026855469,0.29444262385368347,5600.0,7999.0,0.0,374668.1602009564,463230.5864838096,0.2480851411819458,new
Hi,0.01,0,12.0,0.06025448068976402,0.0,0.03394678235054016,0.26571616530418396,0.28526735305786133,6200.0,7999.0,0.0,388404.3332726895,26263.4969936239,0.24556927382946014,new
Hi,0.01,5,2.0,0.07370549440383911,0.0,0.011136460117995739,0.04063275456428528,0.046504706144332886,1400.0,7999.0,0.0,963.4425895722092,9574.257455723133,-0.007006616797298193,new
Hi,0.01,5,3.0,0.07370549440383911,0.0,0.009055138565599918,0.047699689865112305,0.05024111643433571,1200.0,7999.0,0.0,1123.3118665286843,10252.049280623178,-0.006485551130026579,new
Hi,0.01,5,8.0,0.07370549440383911,0.0,0.004176018759608269,0.019499897956848145,0.019716612994670868,6600.0,7999.0,0.0,1394.8918980368073,124791.64768255972,-0.0056506674736738205,new
Hi,0.01,5,12.0,0.07370549440383911,0.0,0.005998498760163784,0.013446807861328125,0.015262529253959656,6000.0,7999.0,0.0,1462.2381995825363,49177.37411258139,-0.005452394485473633,new
Hi,0.01,10,2.0,0.10586489737033844,0.0,0.10078801214694977,0.8234702944755554,0.8778388500213623,200.0,7999.0,0.0,1207.8457086799542,10134.388987516537,0.23288363218307495,new
Hi,0.01,10,3.0,0.10586489737033844,0.0,0.10612358152866364,0.8417195081710815,0.8986281156539917,200.0,7999.0,0.0,1428.0694703715083,6329.859272506726,0.2400190681219101,new
Hi,0.01,10,8.0,0.10586489737033844,0.0,0.10615035891532898,0.8557485342025757,0.9076989889144897,0.0,7999.0,0.0,1808.5458711342164,7727.51229473815,0.25117191672325134,new
Hi,0.01,10,12.0,0.10586489737033844,0.0,0.10608066618442535,0.85527104139328,0.9070712327957153,0.0,7999.0,0.0,1904.0004166490446,7864.889775734681,0.25377967953681946,new
Hi,0.01,15,2.0,0.08869197964668274,0.0,0.0833856388926506,0.6639145612716675,0.7086955904960632,6600.0,7999.0,0.0,6575.901530813102,36428.23405195443,0.22810184955596924,new
Hi,0.01,15,3.0,0.08869197964668274,0.0,0.08207879215478897,0.6457310914993286,0.6830846071243286,7999.0,7999.0,0.0,7363.229587815807,24211.603916704244,0.2339749038219452,new
Hi,0.01,15,8.0,0.08869197964668274,0.0,0.08481946587562561,0.6867904663085938,0.7248296737670898,6200.0,7999.0,0.0,8578.051413791694,21960.202523459888,0.24224521219730377,new
Hi,0.01,15,12.0,0.08869197964668274,0.0,0.07675963640213013,0.6226308345794678,0.6641472578048706,7600.0,7999.0,0.0,8858.212421806638,86935.24070508938,0.24403291940689087,new
Hi,0.01,20,2.0,0.06742796301841736,0.0,0.04941362515091896,0.420836865901947,0.43595653772354126,7000.0,7999.0,0.0,12071.294332243133,146545.1336580366,0.3713003396987915,new
Hi,0.01,20,3.0,0.06742796301841736,0.0,0.04895748943090439,0.406300812959671,0.4277743697166443,7400.0,7999.0,0.0,13614.276090766396,41098.369721785675,0.37709614634513855,new
Hi,0.01,20,8.0,0.06742796301841736,0.0,0.042690616101026535,0.35471880435943604,0.3730030655860901,7800.0,7999.0,0.0,16031.619046351605,34175.00791941741,0.3850724995136261,new
Hi,0.01,20,12.0,0.06742796301841736,0.0,0.05940878391265869,0.4776691794395447,0.5006052851676941,1600.0,7999.0,0.0,16595.45984200612,2764.17451244307,0.3867655396461487,new
Hi,0.01,25,2.0,0.039207786321640015,1.0,0.018032796680927277,0.14781329035758972,0.14997269213199615,7200.0,7999.0,0.0,8406.458325799395,36148.39691595074,0.15275900065898895,new
Hi,0.01,25,3.0,0.039207786321640015,1.0,0.024862444028258324,0.191864013671875,0.19697320461273193,200.0,7999.0,0.0,10036.702486245753,17272.800162316937,0.15663713216781616,new
Hi,0.01,25,8.0,0.039207786321640015,1.0,0.009763810783624649,0.07952920347452164,0.08035135269165039,6600.0,7999.0,0.0,12903.678386154626,24858.862101998628,0.1626453697681427,new
Hi,0.01,25,12.0,0.039207786321640015,1.0,0.018307730555534363,0.11500366777181625,0.12021247297525406,7600.0,7999.0,0.0,13632.423720382654,36277.86046387176,0.16404442489147186,new
Hi,0.01,30,2.0,0.10017174482345581,0.0,0.0818716436624527,0.6731513738632202,0.711532711982727,5000.0,7999.0,0.0,13837.304039215518,143741.3566325393,0.3991512060165405,new
Hi,0.01,30,3.0,0.10017174482345581,0.0,0.09630060195922852,0.697272777557373,0.7116300463676453,0.0,7999.0,0.0,15061.938400039557,27720.83050044206,0.40119972825050354,new
Hi,0.01,30,8.0,0.10017174482345581,0.0,0.0722663626074791,0.6031302213668823,0.6368229985237122,7600.0,7999.0,0.0,16822.931965320444,31532.935725044656,0.40316084027290344,new
Hi,0.01,30,12.0,0.10017174482345581,0.0,0.07832599431276321,0.6421819925308228,0.6805141568183899,4200.0,7999.0,0.0,17208.575031430435,58317.44131593072,0.40344011783599854,new
Hi,0.01,35,2.0,0.034647341817617416,1.0,0.025959789752960205,0.2054768204689026,0.21346637606620789,2200.0,7999.0,0.0,18282.43782036288,24967.60579719699,0.3611164391040802,new
Hi,0.01,35,3.0,0.034647341817617416,1.0,0.04203927889466286,0.2091725766658783,0.21648648381233215,0.0,7999.0,0.0,22004.908139978208,91422.6499538375,0.3628719449043274,new
Hi,0.01,35,8.0,0.034647341817617416,1.0,0.04270867630839348,0.21014711260795593,0.21730172634124756,0.0,7999.0,0.0,28711.24423945669,137681.1858876997,0.36563196778297424,new
Hi,0.01,35,12.0,0.034647341817617416,1.0,0.042875245213508606,0.21034133434295654,0.2174762338399887,0.0,7999.0,0.0,30448.139627420165,152054.73166170082,0.36628061532974243,new
Hi,0.01,40,2.0,0.0265683401376009,1.0,0.026925265789031982,0.13814258575439453,0.14875397086143494,200.0,7999.0,0.0,54311.158267280494,8860.514784229597,0.22724996507167816,new
Hi,0.01,40,3.0,0.0265683401376009,1.0,0.020465165376663208,0.0954103171825409,0.1063128411769867,1600.0,7999.0,0.0,64085.61364923338,125837.24556033174,0.22909744083881378,new
Hi,0.01,40,8.0,0.0265683401376009,1.0,0.01868101768195629,0.1367216855287552,0.1466238796710968,200.0,7999.0,0.0,80992.4165028087,232550.55970119557,0.23188529908657074,new
Hi,0.01,40,12.0,0.0265683401376009,1.0,0.018903536722064018,0.1447402685880661,0.14692766964435577,200.0,7999.0,0.0,85238.9679716603,217014.26246527393,0.23252026736736298,new
Hi,0.01,45,2.0,0.03375113755464554,1.0,0.0244759414345026,0.20844918489456177,0.20955967903137207,0.0,7999.0,0.0,16071.450479958745,75419.79065675459,0.147274911403656,new
Hi,0.01,45,3.0,0.03375113755464554,1.0,0.024500569328665733,0.20873332023620605,0.2095668464899063,0.0,7999.0,0.0,18966.410542185058,91671.60653782086,0.1468646079301834,new
Hi,0.01,45,8.0,0.03375113755464554,1.0,0.024538135156035423,0.20928695797920227,0.20963481068611145,0.0,7999.0,0.0,24023.79577730656,120409.65904424839,0.1463926136493683,new
Hi,0.01,45,12.0,0.03375113755464554,1.0,0.024547075852751732,0.2093961536884308,0.20964741706848145,0.0,7999.0,0.0,25304.28338985188,128408.6677718336,0.14630459249019623,new
Hi,0.01,50,2.0,0.03025089204311371,1.0,0.017184069380164146,0.1413792073726654,0.14504562318325043,200.0,7999.0,0.0,27142.779268602688,99954.23784175121,0.22930733859539032,new
Hi,0.01,50,3.0,0.03025089204311371,1.0,0.018498629331588745,0.13494552671909332,0.14308354258537292,200.0,7999.0,0.0,32063.648312881647,13467.013902702838,0.23069927096366882,new
Hi,0.01,50,8.0,0.03025089204311371,1.0,0.01526122447103262,0.10571566224098206,0.11217847466468811,7400.0,7999.0,0.0,40639.831804243084,224408.48247474566,0.23286885023117065,new
Hi,0.01,50,12.0,0.03025089204311371,1.0,0.022378427907824516,0.11711682379245758,0.1256740391254425,7600.0,7999.0,0.0,42806.97851268949,221733.27581965426,0.2333739697933197,new
Hi,0.03,0,1.0,0.06429427862167358,0.0,0.030517028644680977,0.1337905377149582,0.14078238606452942,7800.0,7999.0,0.0,90.29803302307887,2430.457879732159,0.04279214143753052,new
Hi,0.03,0,2.0,0.06429427862167358,0.0,0.03702206909656525,0.14433984458446503,0.1498069167137146,6600.0,7999.0,0.0,126.90911386212828,2017.8722998459386,0.04009416699409485,new
Hi,0.03,0,3.0,0.06429427862167358,0.0,0.028633352369070053,0.1327962577342987,0.14044064283370972,7400.0,7999.0,0.0,146.71978594770206,1021.4186717341428,0.039092935621738434,new
Hi,0.03,0,5.0,0.06429427862167358,0.0,0.0382288433611393,0.15151681005954742,0.15780378878116608,7400.0,7999.0,0.0,167.3949744580878,21722.853560298896,0.038253720849752426,new
Hi,0.03,0,8.0,0.06429427862167358,0.0,0.03153379634022713,0.13228490948677063,0.1402556449174881,6800.0,7999.0,0.0,181.6120115366078,14826.735472275866,0.037766896188259125,new
Hi,0.03,0,12.0,0.06429427862167358,0.0,0.03676758334040642,0.13692018389701843,0.14644519984722137,7999.0,7999.0,0.0,190.51988971320054,16131.242366042055,0.037491969764232635,new
Hi,0.03,5,1.0,0.05140797048807144,1.0,0.03406887874007225,0.140577033162117,0.14731015264987946,200.0,7999.0,0.0,9.202920588735475,196.52457063572064,-0.04663822427392006,new
Hi,0.03,5,2.0,0.05140797048807144,1.0,0.032844871282577515,0.14340879023075104,0.15284977853298187,3800.0,7999.0,0.0,14.373293904647419,1431.8441246638176,-0.03973915055394173,new
Hi,0.03,5,3.0,0.05140797048807144,1.0,0.030828608199954033,0.13311360776424408,0.14090803265571594,4800.0,7999.0,0.0,17.488750914505527,3280.4154779868873,-0.03628074750304222,new
Hi,0.03,5,5.0,0.05140797048807144,1.0,0.024738818407058716,0.10094675421714783,0.10920652002096176,7800.0,7999.0,0.0,20.9746104871952,3538.7809834079308,-0.032796017825603485,new
Hi,0.03,5,8.0,0.05140797048807144,1.0,0.031641893088817596,0.1377093642950058,0.1475420743227005,7800.0,7999.0,0.0,23.509347200145363,10686.142929526937,-0.030453365296125412,new
Hi,0.03,5,12.0,0.05140797048807144,1.0,0.030245592817664146,0.12245973944664001,0.1284904181957245,4400.0,7999.0,0.0,25.154290021447483,1383.5024311902978,-0.02900288626551628,new
Hi,0.03,10,1.0,0.0629827082157135,0.0,0.010311905294656754,0.026064693927764893,0.029817188158631325,2400.0,7999.0,0.0,3.505215286280671,379.1130288879987,0.05473767966032028,new
Hi,0.03,10,2.0,0.0629827082157135,0.0,0.01217663660645485,0.025677025318145752,0.031037557870149612,5000.0,7999.0,0.0,5.561483511106762,1764.4183720424953,0.053621806204319,new
Hi,0.03,10,3.0,0.0629827082157135,0.0,0.012341927736997604,0.02509152889251709,0.030957264825701714,7200.0,7999.0,0.0,6.81897471760075,2297.1847581795673,0.05322691425681114,new
Hi,0.03,10,5.0,0.0629827082157135,0.0,0.009614688344299793,0.019598007202148438,0.024091605097055435,7400.0,7999.0,0.0,8.243858270410497,1171.2985541335158,0.05290607362985611,new
Hi,0.03,10,8.0,0.0629827082157135,0.0,0.013825328089296818,0.027539432048797607,0.0332113653421402,4000.0,7999.0,0.0,9.292474974140408,6254.879925840029,0.052724696695804596,new
Hi,0.03,10,12.0,0.0629827082157135,0.0,0.012906615622341633,0.03294575214385986,0.03680841624736786,5600.0,7999.0,0.0,9.978856593184352,2716.0537586712326,0.0526239238679409,new
Hi,0.03,15,1.0,0.047101862728595734,1.0,0.012776597402989864,0.0329357385635376,0.03571248799562454,7800.0,7999.0,0.0,2511.4832023200493,7426.271891978888,0.28026384115219116,new
Hi,0.03,15,2.0,0.047101862728595734,1.0,0.015477711334824562,0.04047203063964844,0.0449240505695343,7999.0,7999.0,0.0,3614.679589475107,7330.792736750501,0.27540192008018494,new
Hi,0.03,15,3.0,0.047101862728595734,1.0,0.016606437042355537,0.04071950912475586,0.04740279167890549,7000.0,7999.0,0.0,4213.232884373911,8545.795181695215,0.2730252146720886,new
Hi,0.03,15,5.0,0.047101862728595734,1.0,0.015109354630112648,0.048236578702926636,0.05037832260131836,6400.0,7999.0,0.0,4838.028807547917,11492.539385393064,0.27068835496902466,new
Hi,0.03,15,8.0,0.047101862728595734,1.0,0.015515037812292576,0.03905361890792847,0.043380871415138245,7400.0,7999.0,0.0,5267.43556546109,13647.09918398588,0.26915282011032104,new
Hi,0.03,15,12.0,0.047101862728595734,1.0,0.01822424679994583,0.04046446084976196,0.04480639845132828,7600.0,7999.0,0.0,5536.310079618718,9942.411759138204,0.2682167589664459,new
Hi,0.03,20,1.0,0.04941457882523537,1.0,0.022313028573989868,0.08900871872901917,0.09628065675497055,1600.0,7999.0,0.0,812.3279473711085,1934.078559738875,0.19155672192573547,new
Hi,0.03,20,2.0,0.04941457882523537,1.0,0.02297106944024563,0.0919988751411438,0.0974506214261055,400.0,7999.0,0.0,1150.8864467976516,2438.1859453193906,0.18986549973487854,new
Hi,0.03,20,3.0,0.04941457882523537,1.0,0.02365950308740139,0.10042442381381989,0.10504379868507385,400.0,7999.0,0.0,1333.917253927429,2138.5178619141657,0.18917405605316162,new
Hi,0.03,20,5.0,0.04941457882523537,1.0,0.03056846745312214,0.09770417213439941,0.10437490791082382,400.0,7999.0,0.0,1524.6946493636294,1602.395086606583,0.18855106830596924,new
Hi,0.03,20,8.0,0.04941457882523537,1.0,0.02096368744969368,0.08760854601860046,0.09440843760967255,1000.0,7999.0,0.0,1655.7023984062068,473.11519259226094,0.1881653517484665,new
Hi,0.03,20,12.0,0.04941457882523537,1.0,0.03132117912173271,0.10500577092170715,0.11267547309398651,400.0,7999.0,0.0,1737.7025168233288,11642.681600900429,0.1879376769065857,new
Hi,0.03,25,1.0,0.04666060209274292,1.0,0.016074782237410545,0.06623601913452148,0.07074574381113052,7999.0,7999.0,0.0,1.1584575452201311,3454.74891684604,0.0105562349781394,new
Hi,0.03,25,2.0,0.04666060209274292,1.0,0.01931671053171158,0.07131826877593994,0.0740293338894844,7600.0,7999.0,0.0,1.8605420229309377,2784.2936049044197,0.012053793296217918,new
Hi,0.03,25,3.0,0.04666060209274292,1.0,0.017957979813218117,0.07712405920028687,0.08115523308515549,4400.0,7999.0,0.0,2.28884865148567,311.65243458293475,0.01269103866070509,new
Hi,0.03,25,5.0,0.04666060209274292,1.0,0.025979019701480865,0.08638176321983337,0.09264075011014938,6800.0,7999.0,0.0,2.7726165472672553,11302.441201232068,0.013279522769153118,new
Hi,0.03,25,8.0,0.04666060209274292,1.0,0.02766248770058155,0.09073513746261597,0.0965552031993866,4800.0,7999.0,0.0,3.127447928713252,6477.263112303193,0.013650770299136639,new
Hi,0.03,25,12.0,0.04666060209274292,1.0,0.02521643415093422,0.09493687748908997,0.10201331973075867,3400.0,7999.0,0.0,3.3591302209574723,1753.2369033638975,0.01387229934334755,new
Hi,0.03,30,1.0,0.05474937707185745,1.0,0.034349776804447174,0.13243964314460754,0.13989365100860596,2800.0,7999.0,0.0,0.4030913756423375,3861.394313199035,-0.00016938408953137696,new
Hi,0.03,30,2.0,0.05474937707185745,1.0,0.03343451768159866,0.1462944746017456,0.15580688416957855,800.0,7999.0,0.0,0.6390946677210487,151.41221368701756,0.0019265390001237392,new
Hi,0.03,30,3.0,0.05474937707185745,1.0,0.030186424031853676,0.12854556739330292,0.1338079422712326,4200.0,7999.0,0.0,0.7859249814688055,1947.7063922923116,0.002673504641279578,new
Hi,0.03,30,5.0,0.05474937707185745,1.0,0.03239167854189873,0.12417829036712646,0.13223202526569366,1800.0,7999.0,0.0,0.9543020155269089,1151.1272289302476,0.0032755874563008547,new
Hi,0.03,30,8.0,0.05474937707185745,1.0,0.030797282233834267,0.12757019698619843,0.1358060985803604,600.0,7999.0,0.0,1.079441266091006,30.806735116372813,0.003610346233472228,new
Hi,0.03,30,12.0,0.05474937707185745,1.0,0.032020993530750275,0.14097800850868225,0.14914391934871674,2600.0,7999.0,0.0,1.1618691380188748,902.031330567966,0.0037932172417640686,new
Hi,0.03,35,1.0,0.06425974518060684,0.0,0.010994985699653625,0.022451400756835938,0.027914738282561302,7600.0,7999.0,0.0,1.1353701396545763,4334.934833992764,0.08109933882951736,new
Hi,0.03,35,2.0,0.06425974518060684,0.0,0.015774723142385483,0.03220337629318237,0.03852422162890434,6800.0,7999.0,0.0,1.8355347400671593,6812.703916162859,0.0817745178937912,new
Hi,0.03,35,3.0,0.06425974518060684,0.0,0.02079843543469906,0.04205214977264404,0.05078209191560745,5400.0,7999.0,0.0,2.2687673862690594,1667.1905428263476,0.08209238201379776,new
Hi,0.03,35,5.0,0.06425974518060684,0.0,0.019966457039117813,0.048899948596954346,0.05412287637591362,2000.0,7999.0,0.0,2.763529716979279,1503.5415720717488,0.08240107446908951,new
Hi,0.03,35,8.0,0.06425974518060684,0.0,0.023513244464993477,0.05432850122451782,0.06103580445051193,3600.0,7999.0,0.0,3.130004280211157,1161.316310003767,0.08260250836610794,new
Hi,0.03,35,12.0,0.06425974518060684,0.0,0.016236692667007446,0.04123121500015259,0.04645669832825661,4600.0,7999.0,0.0,3.3708945855935775,363.5828080272533,0.08272488415241241,new
Hi,0.03,40,1.0,0.04451991245150566,1.0,0.03898835554718971,0.17471006512641907,0.1850498914718628,5400.0,7999.0,0.0,1671.8044591836683,12276.322351979275,0.23763790726661682,new
Hi,0.03,40,2.0,0.04451991245150566,1.0,0.04122856631875038,0.17081384360790253,0.18056419491767883,6400.0,7999.0,0.0,2304.6606702846148,12035.371678278187,0.23649387061595917,new
Hi,0.03,40,3.0,0.04451991245150566,1.0,0.0391879640519619,0.15840181708335876,0.1675373613834381,5400.0,7999.0,0.0,2634.4519321953208,14201.72601981087,0.23588815331459045,new
Hi,0.03,40,5.0,0.04451991245150566,1.0,0.03612872213125229,0.15885183215141296,0.16824626922607422,7400.0,7999.0,0.0,2970.1553547474355,11819.728412167742,0.23527081310749054,new
Hi,0.03,40,8.0,0.04451991245150566,1.0,0.03700758516788483,0.1647103726863861,0.17382828891277313,6600.0,7999.0,0.0,3196.315602414026,14908.616889712503,0.23485544323921204,new
Hi,0.03,40,12.0,0.04451991245150566,1.0,0.04147057980298996,0.17179200053215027,0.18090789020061493,800.0,7999.0,0.0,3336.1757099392826,5454.367164827816,0.23459886014461517,new
Hi,0.03,45,1.0,0.01573834754526615,1.0,0.01466343179345131,0.045674920082092285,0.049075715243816376,3400.0,7999.0,0.0,2927.3917123606875,18109.772518328977,-0.015285291709005833,new
Hi,0.03,45,2.0,0.01573834754526615,1.0,0.013361833058297634,0.04794272780418396,0.0509754940867424,4800.0,7999.0,0.0,4269.0532622218925,11506.705057249314,-0.020168263465166092,new
Hi,0.03,45,3.0,0.01573834754526615,1.0,0.01872970350086689,0.033619701862335205,0.04284869506955147,6400.0,7999.0,0.0,5003.129023266326,19343.409154945966,-0.022525155916810036,new
Hi,0.03,45,5.0,0.01573834754526615,1.0,0.01259821467101574,0.07370691001415253,0.05272679775953293,0.0,7999.0,0.0,5773.639839249749,19539.486371994823,-0.02482498809695244,new
Hi,0.03,45,8.0,0.01573834754526615,1.0,0.012669862248003483,0.07413622736930847,0.05312329903244972,0.0,7999.0,0.0,6305.59743326901,21911.910621191877,-0.026326648890972137,new
Hi,0.03,45,12.0,0.01573834754526615,1.0,0.012621263973414898,0.07441134750843048,0.053346265107393265,0.0,7999.0,0.0,6639.654437391902,23554.38366819047,-0.0272382739931345,new
Hi,0.03,50,1.0,0.04780906066298485,1.0,0.023445677012205124,0.10349328815937042,0.10945337265729904,3000.0,7999.0,0.0,10.473390257176506,314.0220535189347,0.21868464350700378,new
Hi,0.03,50,2.0,0.04780906066298485,1.0,0.023060478270053864,0.09568686783313751,0.10228363424539566,6400.0,7999.0,0.0,15.62818453935956,2249.719075269248,0.22349496185779572,new
Hi,0.03,50,3.0,0.04780906066298485,1.0,0.022810569033026695,0.08173191547393799,0.08769907802343369,7000.0,7999.0,0.0,18.563904425354085,3549.891897502314,0.22580857574939728,new
Hi,0.03,50,5.0,0.04780906066298485,1.0,0.027904417365789413,0.10074564814567566,0.10586171597242355,6000.0,7999.0,0.0,21.72943658276588,3157.5076671467273,0.22806425392627716,new
Hi,0.03,50,8.0,0.04780906066298485,1.0,0.027627678588032722,0.09854096174240112,0.10555905848741531,3600.0,7999.0,0.0,23.963852810127698,2574.4780922460923,0.22953611612319946,new
Hi,0.03,50,12.0,0.04780906066298485,1.0,0.029398711398243904,0.09816616773605347,0.10450580716133118,5800.0,7999.0,0.0,25.387033148713694,2187.8120719288745,0.2304292768239975,new
Hi,0.05,0,1.0,0.06318962574005127,0.0,0.027167465537786484,0.08455425500869751,0.09002859890460968,6800.0,7999.0,0.0,365.4765099802822,7110.102743830497,0.08526279032230377,new
Hi,0.05,0,2.0,0.06318962574005127,0.0,0.031108422204852104,0.10311779379844666,0.10840795189142227,6000.0,7999.0,0.0,470.40436342825774,5900.370221862577,0.08474276959896088,new
Hi,0.05,0,3.0,0.06318962574005127,0.0,0.03056963160634041,0.08971598744392395,0.09701816737651825,7999.0,7999.0,0.0,523.8872193715318,4796.222387957637,0.0846448615193367,new
Hi,0.05,0,5.0,0.06318962574005127,0.0,0.03138573467731476,0.08932358026504517,0.0943177118897438,7800.0,7999.0,0.0,577.670522875052,9296.956152577954,0.08461873978376389,new
Hi,0.05,0,8.0,0.06318962574005127,0.0,0.034658219665288925,0.09810352325439453,0.10428936779499054,7200.0,7999.0,0.0,613.5775422552372,14607.535509603735,0.08463197201490402,new
Hi,0.05,0,12.0,0.06318962574005127,0.0,0.028669720515608788,0.09769955277442932,0.10194539278745651,5600.0,7999.0,0.0,635.6629523670321,2519.0443904076706,0.08465003967285156,new
Hi,0.05,10,1.0,0.012685442343354225,1.0,0.014514596201479435,0.031263887882232666,0.03561713919043541,6200.0,7999.0,0.0,1288.2387567439168,7588.916191818039,0.0560796782374382,new
Hi,0.05,10,2.0,0.012685442343354225,1.0,0.01754933036863804,0.05518367886543274,0.04936171695590019,0.0,7999.0,0.0,1833.9404072287698,7212.006233578115,0.05336857959628105,new
Hi,0.05,10,3.0,0.012685442343354225,1.0,0.017905840650200844,0.04032611846923828,0.044522739946842194,3000.0,7999.0,0.0,2132.3526462553154,953.8445630654303,0.052022457122802734,new
Hi,0.05,10,5.0,0.012685442343354225,1.0,0.013484514318406582,0.03502315282821655,0.03787502273917198,4000.0,7999.0,0.0,2445.7452570651985,2066.8791183038643,0.05068669840693474,new
Hi,0.05,10,8.0,0.012685442343354225,1.0,0.017638718709349632,0.05345681309700012,0.04849403724074364,0.0,7999.0,0.0,2662.267827926243,14583.019016979197,0.04980295151472092,new
Hi,0.05,10,12.0,0.012685442343354225,1.0,0.015737012028694153,0.0407373309135437,0.04404060170054436,6800.0,7999.0,0.0,2798.3129603250413,6961.47445130155,0.04926205426454544,new
Hi,0.05,20,1.0,0.07780452072620392,0.0,0.06111595034599304,0.21403130888938904,0.226998969912529,7800.0,7999.0,0.0,187.2350091916608,1809.534690895129,0.08169396221637726,new
Hi,0.05,20,2.0,0.07780452072620392,0.0,0.05843783915042877,0.210639089345932,0.22154077887535095,6000.0,7999.0,0.0,257.31316986293217,1828.3081460647788,0.08101025223731995,new
Hi,0.05,20,3.0,0.07780452072620392,0.0,0.05990457907319069,0.20783653855323792,0.2187727987766266,7000.0,7999.0,0.0,294.6101600579491,1128.81143828871,0.08075765520334244,new
Hi,0.05,20,5.0,0.07780452072620392,0.0,0.061797432601451874,0.2092422991991043,0.2224440723657608,5800.0,7999.0,0.0,333.1214202897998,2872.4919696181178,0.08054576069116592,new
Hi,0.05,20,8.0,0.07780452072620392,0.0,0.059107549488544464,0.20464439690113068,0.21557390689849854,7200.0,7999.0,0.0,359.37412463808914,5677.121232419961,0.0804223045706749,new
Hi,0.05,20,12.0,0.07780452072620392,0.0,0.06193571165204048,0.20370513200759888,0.2150445282459259,5400.0,7999.0,0.0,375.73192803676704,2296.6469403803744,0.08035224676132202,new
Hi,0.05,30,1.0,0.05900982767343521,1.0,0.017717299982905388,0.04600107669830322,0.0508032888174057,4600.0,7999.0,0.0,1.6772140302348693,294.7265186390584,0.05191655084490776,new
Hi,0.05,30,2.0,0.05900982767343521,1.0,0.018801864236593246,0.04908406734466553,0.052952248603105545,2200.0,7999.0,0.0,2.5029274941395627,50.96812994546937,0.05104735493659973,new
Hi,0.05,30,3.0,0.05900982767343521,1.0,0.02195277065038681,0.05265998840332031,0.05630853772163391,7000.0,7999.0,0.0,3.0005583571494814,689.2691481675712,0.050698891282081604,new
Hi,0.05,30,5.0,0.05900982767343521,1.0,0.024612603709101677,0.059017181396484375,0.06336437165737152,7600.0,7999.0,0.0,3.5598464699603687,2192.1787301302356,0.05038944259285927,new
Hi,0.05,30,8.0,0.05900982767343521,1.0,0.01871558278799057,0.04615890979766846,0.04961817339062691,7999.0,7999.0,0.0,3.968890051906293,1755.2602734778022,0.0501994788646698,new
Hi,0.05,30,12.0,0.05900982767343521,1.0,0.018672393634915352,0.04710555076599121,0.05047939717769623,7800.0,7999.0,0.0,4.235596051927578,2155.4029184474643,0.05008767545223236,new
Hi,0.05,40,1.0,0.060143355280160904,0.0,0.03693951666355133,0.1194080114364624,0.1257035732269287,7400.0,7999.0,0.0,1.666501017650859,3494.3598264802044,0.007849396206438541,new
Hi,0.05,40,2.0,0.060143355280160904,0.0,0.03793137148022652,0.11962112784385681,0.12472421675920486,7999.0,7999.0,0.0,2.5193531852371294,2709.350691454715,0.006948812399059534,new
Hi,0.05,40,3.0,0.060143355280160904,0.0,0.037458889186382294,0.11558061838150024,0.1218094676733017,7800.0,7999.0,0.0,3.041359257415962,3059.246851762967,0.006608982104808092,new
Hi,0.05,40,5.0,0.060143355280160904,0.0,0.035211242735385895,0.11804276704788208,0.12217836827039719,7000.0,7999.0,0.0,3.6347125458895575,324.00349966590744,0.0063238427974283695,new
Hi,0.05,40,8.0,0.060143355280160904,0.0,0.041869137436151505,0.12070053815841675,0.12823638319969177,7800.0,7999.0,0.0,4.072921524635728,6391.074668467766,0.006159170996397734,new
Hi,0.05,40,12.0,0.060143355280160904,0.0,0.03779125213623047,0.12004914879798889,0.12554727494716644,5800.0,7999.0,0.0,4.360507555665504,806.0536644646185,0.006066661328077316,new
Match,0.005,0,1.0,0.007907511666417122,1.0,0.002473933156579733,0.030694283545017242,0.02935170754790306,2800.0,-1.0,-1.0,796474.190474866,593183.5864086902,0.17685776948928833,shared_Hi(nu=.005)|hist_E1
Match,0.005,0,2.0,0.007907511666417122,1.0,0.0056123994290828705,0.021956920623779297,0.02487310580909252,200.0,-1.0,-1.0,1182390.3169997297,75481.02299303397,0.18168297410011292,shared_Hi(nu=.005)|hist_E1
Match,0.005,0,3.0,0.007907511666417122,1.0,0.004398535005748272,0.02206188440322876,0.024439964443445206,600.0,-1.0,-1.0,1378793.6919719342,85177.37673790062,0.18360765278339386,shared_Hi(nu=.005)|hist_E1
Match,0.005,0,5.0,0.007907511666417122,1.0,0.006993222050368786,0.04867878183722496,0.05235865339636803,200.0,-1.0,-1.0,1574248.799761534,813496.9501420883,0.1852649748325348,shared_Hi(nu=.005)|hist_E1
Match,0.005,0,8.0,0.007907511666417122,1.0,0.0013379415031522512,0.0042462944984436035,0.004497844725847244,2000.0,7999.0,0.0,1782488.043230358,305703.6621563148,0.20160044729709625,shared_Hi(nu=.005)|new
Match,0.005,0,12.0,0.007907511666417122,1.0,0.0033401064574718475,0.040030479431152344,0.043233614414930344,800.0,7999.0,0.0,1863247.7750092288,1834470.4289822627,0.20232412219047546,shared_Hi(nu=.005)|new
Match,0.005,5,1.0,0.04994013160467148,1.0,0.036877453327178955,0.4423397183418274,0.48112350702285767,7800.0,-1.0,-1.0,31597.621627297107,390464.8458291173,0.3285074830055237,shared_Hi(nu=.005)|hist_E1
Match,0.005,5,2.0,0.04994013160467148,1.0,0.030225159600377083,0.362839013338089,0.39450904726982117,7999.0,-1.0,-1.0,46353.35365578636,744695.6400504309,0.3474682569503784,shared_Hi(nu=.005)|hist_E1
Match,0.005,5,3.0,0.04994013160467148,1.0,0.018141724169254303,0.21422988176345825,0.23421846330165863,7200.0,-1.0,-1.0,53891.19060874385,1536819.1484006238,0.35571572184562683,shared_Hi(nu=.005)|hist_E1
Match,0.005,5,5.0,0.04994013160467148,1.0,0.01522270031273365,0.18458962440490723,0.19744518399238586,7999.0,-1.0,-1.0,61421.05554181078,758007.7010370465,0.3632456958293915,shared_Hi(nu=.005)|hist_E1
Match,0.005,5,8.0,0.04994013160467148,1.0,0.010175357572734356,0.11923293769359589,0.131740540266037,7999.0,7999.0,0.0,66355.31396605828,321094.38891640666,0.38466116786003113,shared_Hi(nu=.005)|new
Match,0.005,5,12.0,0.04994013160467148,1.0,0.0035565544385463,0.017705142498016357,0.018552983179688454,7800.0,7999.0,0.0,69280.29281864851,966276.9984944653,0.3876012861728668,shared_Hi(nu=.005)|new
Match,0.005,10,1.0,0.573353111743927,0.0,0.0030849275644868612,0.008013784885406494,0.006402275059372187,6600.0,-1.0,-1.0,72.90361984479061,148252.67049928906,0.28607243299484253,shared_Hi(nu=.005)|hist_E1
Match,0.005,10,2.0,0.573353111743927,0.0,0.01533359196037054,0.18106041848659515,0.19797945022583008,7800.0,-1.0,-1.0,98.2576400682351,140378.48419763191,0.2821508049964905,shared_Hi(nu=.005)|hist_E1
Match,0.005,10,3.0,0.573353111743927,0.0,0.006936144549399614,0.060403190553188324,0.06462255865335464,7999.0,-1.0,-1.0,111.60519549725221,73284.84493037674,0.2804677188396454,shared_Hi(nu=.005)|hist_E1
Match,0.005,10,5.0,0.573353111743927,0.0,0.006826890632510185,0.06591019034385681,0.07029523700475693,7999.0,-1.0,-1.0,125.29239620423633,2240.188756533242,0.2789391577243805,shared_Hi(nu=.005)|hist_E1
Match,0.005,10,8.0,0.573353111743927,0.0,0.01829606108367443,0.22145166993141174,0.2395777851343155,7999.0,7999.0,0.0,130.64373840447038,55553.6856469972,0.28440287709236145,shared_Hi(nu=.005)|new
Match,0.005,10,12.0,0.573353111743927,0.0,0.03694441169500351,0.443345308303833,0.48156118392944336,7999.0,7999.0,0.0,136.2897439362692,68691.38771850929,0.28398191928863525,shared_Hi(nu=.005)|new
Match,0.005,15,1.0,0.5703968405723572,0.0,0.5691787600517273,1.031653642654419,0.9891490936279297,0.0,-1.0,-1.0,15.014724919367696,5.102023911046833,0.20173245668411255,shared_Hi(nu=.005)|hist_E1
Match,0.005,15,2.0,0.5703968405723572,0.0,0.5691394805908203,1.0324252843856812,0.9891799688339233,0.0,-1.0,-1.0,17.29523400422597,4.395198196252228,0.2111135870218277,shared_Hi(nu=.005)|hist_E1
Match,0.005,15,3.0,0.5703968405723572,0.0,0.5691669583320618,1.032603144645691,0.9893428087234497,0.0,-1.0,-1.0,18.426103447367545,4.533521991776137,0.21550928056240082,shared_Hi(nu=.005)|hist_E1
Match,0.005,15,5.0,0.5703968405723572,0.0,0.5691762566566467,1.032512903213501,0.9894858002662659,0.0,-1.0,-1.0,19.54698967704106,4.586099394828535,0.2197209596633911,shared_Hi(nu=.005)|hist_E1
Match,0.005,15,8.0,0.5703968405723572,0.0,0.5691815614700317,1.0324550867080688,0.9895517826080322,0.0,7999.0,0.0,21.626570662085793,4.190358203020402,0.21963192522525787,shared_Hi(nu=.005)|new
Match,0.005,15,12.0,0.5703968405723572,0.0,0.5691941976547241,1.032581090927124,0.9897066354751587,0.0,7999.0,0.0,22.107704260382206,4.307109513665614,0.22119836509227753,shared_Hi(nu=.005)|new
Match,0.005,20,1.0,0.5713188052177429,0.0,0.5721607208251953,1.001668095588684,0.9528563022613525,0.0,-1.0,-1.0,110.25497896689778,165.61444636285782,0.2074899971485138,shared_Hi(nu=.005)|hist_E1
Match,0.005,20,2.0,0.5713188052177429,0.0,0.5721058249473572,1.001343846321106,0.9535266757011414,0.0,-1.0,-1.0,152.481681458,211.4740313378916,0.19722630083560944,shared_Hi(nu=.005)|hist_E1
Match,0.005,20,3.0,0.5713188052177429,0.0,0.5720927715301514,1.0012311935424805,0.9538513422012329,0.0,-1.0,-1.0,175.3392441067746,231.86623136403782,0.19304019212722778,shared_Hi(nu=.005)|hist_E1
Match,0.005,20,5.0,0.5713188052177429,0.0,0.572085976600647,1.0012702941894531,0.9542070627212524,0.0,-1.0,-1.0,199.17571356204797,249.9335073985438,0.1893339306116104,shared_Hi(nu=.005)|hist_E1
Match,0.005,20,8.0,0.5713188052177429,0.0,0.5720790028572083,1.001259446144104,0.9544397592544556,0.0,7999.0,0.0,227.16871715152755,269.9080904979924,0.18706995248794556,shared_Hi(nu=.005)|new
Match,0.005,20,12.0,0.5713188052177429,0.0,0.5720775127410889,1.001254677772522,0.9545693397521973,0.0,7999.0,0.0,238.00700759436504,276.8998382897434,0.18586233258247375,shared_Hi(nu=.005)|new
Match,0.005,25,1.0,0.006521126721054316,1.0,0.00036146282218396664,0.0021996498107910156,0.002549614990130067,6400.0,-1.0,-1.0,7304.462327058857,306749.8625145831,0.09042248129844666,shared_Hi(nu=.005)|hist_E1
Match,0.005,25,2.0,0.006521126721054316,1.0,0.0029134510550647974,0.012682661414146423,0.012251646257936954,2000.0,-1.0,-1.0,11397.860614667918,421868.267244405,0.09246183186769485,shared_Hi(nu=.005)|hist_E1
Match,0.005,25,3.0,0.006521126721054316,1.0,0.0038579099345952272,0.03705564886331558,0.043264616280794144,3400.0,-1.0,-1.0,13625.749509106632,1128586.2762015257,0.09344290941953659,shared_Hi(nu=.005)|hist_E1
Match,0.005,25,5.0,0.006521126721054316,1.0,0.0035333551932126284,0.04183724522590637,0.04512063041329384,2200.0,-1.0,-1.0,15946.117294621557,179919.72976958743,0.09439007937908173,shared_Hi(nu=.005)|hist_E1
Match,0.005,25,8.0,0.006521126721054316,1.0,0.0036689776461571455,0.010235607624053955,0.011740383692085743,5200.0,7999.0,0.0,18675.006013112652,110382.58465933886,0.09302707016468048,shared_Hi(nu=.005)|new
Match,0.005,25,12.0,0.006521126721054316,1.0,0.005787673406302929,0.0219496488571167,0.025046294555068016,800.0,7999.0,0.0,19729.640238075674,124231.12362221847,0.09336798638105392,shared_Hi(nu=.005)|new
Match,0.005,30,1.0,0.045355018228292465,1.0,0.04343600943684578,0.5213178396224976,0.565264105796814,7600.0,-1.0,-1.0,95544.6807111241,243147.240027472,0.3002740740776062,shared_Hi(nu=.005)|hist_E1
Match,0.005,30,2.0,0.045355018228292465,1.0,0.03417651727795601,0.40045496821403503,0.43356308341026306,7200.0,-1.0,-1.0,138631.3202260348,358610.51935845497,0.31169402599334717,shared_Hi(nu=.005)|hist_E1
Match,0.005,30,3.0,0.045355018228292465,1.0,0.02229570969939232,0.26721468567848206,0.2836565375328064,7999.0,-1.0,-1.0,160144.92938899816,1472942.3891161974,0.3164055049419403,shared_Hi(nu=.005)|hist_E1
Match,0.005,30,5.0,0.045355018228292465,1.0,0.0358009859919548,0.42950740456581116,0.46668341755867004,7800.0,-1.0,-1.0,181307.2729214328,322219.8728385278,0.32055336236953735,shared_Hi(nu=.005)|hist_E1
Match,0.005,30,8.0,0.045355018228292465,1.0,0.027187636122107506,0.322685182094574,0.3477753698825836,7800.0,7999.0,0.0,180997.21947553987,624067.7697942987,0.3497489392757416,shared_Hi(nu=.005)|new
Match,0.005,30,12.0,0.045355018228292465,1.0,0.020473893731832504,0.23602284491062164,0.25309959053993225,7999.0,7999.0,0.0,187932.80160816264,651698.5370993072,0.3512424826622009,shared_Hi(nu=.005)|new
Match,0.005,35,1.0,0.044168621301651,1.0,0.0263089407235384,0.32028746604919434,0.34472277760505676,7999.0,-1.0,-1.0,112329.22691867834,198940.2553180732,0.42501041293144226,shared_Hi(nu=.005)|hist_E1
Match,0.005,35,2.0,0.044168621301651,1.0,0.01104832161217928,0.13444417715072632,0.14456582069396973,7800.0,-1.0,-1.0,172358.9342475664,604750.2616726432,0.42555585503578186,shared_Hi(nu=.005)|hist_E1
Match,0.005,35,3.0,0.044168621301651,1.0,0.020124929025769234,0.22533845901489258,0.2460341900587082,7999.0,-1.0,-1.0,204649.33664349877,1934871.8593097585,0.425569623708725,shared_Hi(nu=.005)|hist_E1
Match,0.005,35,5.0,0.044168621301651,1.0,0.0017733456334099174,0.006786465644836426,0.008822950534522533,7999.0,-1.0,-1.0,238014.8594253623,135764.84340476783,0.42544326186180115,shared_Hi(nu=.005)|hist_E1
Match,0.005,35,8.0,0.044168621301651,1.0,0.013954157009720802,0.12504589557647705,0.13568110764026642,7999.0,7999.0,0.0,270662.68792221457,967277.5023515674,0.4323553740978241,shared_Hi(nu=.005)|new
Match,0.005,35,12.0,0.044168621301651,1.0,0.012922697700560093,0.10930656641721725,0.12044774740934372,7400.0,7999.0,0.0,285036.62023500924,391947.0439714355,0.4323497712612152,shared_Hi(nu=.005)|new
Match,0.005,40,1.0,0.024200094863772392,1.0,0.004309493582695723,0.019437462091445923,0.021186385303735733,7200.0,-1.0,-1.0,10752.865151477004,49649.07977996861,0.09600840508937836,shared_Hi(nu=.005)|hist_E1
Match,0.005,40,2.0,0.024200094863772392,1.0,0.004072440788149834,0.014727532863616943,0.016441326588392258,5400.0,-1.0,-1.0,16343.885871148928,378610.7705687279,0.09733434021472931,shared_Hi(nu=.005)|hist_E1
Match,0.005,40,3.0,0.024200094863772392,1.0,0.0046093459241092205,0.007747352123260498,0.008599611930549145,5000.0,-1.0,-1.0,19372.214616415047,110976.58899882228,0.09790892153978348,shared_Hi(nu=.005)|hist_E1
Match,0.005,40,5.0,0.024200094863772392,1.0,0.0034031891264021397,0.023638486862182617,0.02524484507739544,5400.0,-1.0,-1.0,22519.283929328605,1001132.0528496966,0.098433718085289,shared_Hi(nu=.005)|hist_E1
Match,0.005,40,8.0,0.024200094863772392,1.0,0.004583932459354401,0.010877370834350586,0.010936975479125977,2400.0,7999.0,0.0,26068.9115289335,398959.6304361563,0.0989147424697876,shared_Hi(nu=.005)|new
Match,0.005,40,12.0,0.024200094863772392,1.0,0.0022183319088071585,0.01587587222456932,0.017200568690896034,3400.0,7999.0,0.0,27477.60983302011,619056.1350203658,0.09912005066871643,shared_Hi(nu=.005)|new
Match,0.005,45,1.0,0.01778133027255535,1.0,0.008398977108299732,0.09710881114006042,0.1051235944032669,6200.0,-1.0,-1.0,69519.87813703535,29811.006356775186,0.13034588098526,shared_Hi(nu=.005)|hist_E1
Match,0.005,45,2.0,0.01778133027255535,1.0,0.009902309626340866,0.11363884806632996,0.12278441339731216,7800.0,-1.0,-1.0,102627.48171503385,30001.247864158813,0.13047683238983154,shared_Hi(nu=.005)|hist_E1
Match,0.005,45,3.0,0.01778133027255535,1.0,0.010882994160056114,0.1314055472612381,0.14222469925880432,7999.0,-1.0,-1.0,119514.04363238158,770664.60985975,0.13045737147331238,shared_Hi(nu=.005)|hist_E1
Match,0.005,45,5.0,0.01778133027255535,1.0,0.011658954434096813,0.12496897578239441,0.1337881237268448,6200.0,-1.0,-1.0,136364.95820779778,65528.75990633258,0.13038672506809235,shared_Hi(nu=.005)|hist_E1
Match,0.005,45,8.0,0.01778133027255535,1.0,0.0031114211305975914,0.03624831140041351,0.03962237015366554,7999.0,7999.0,0.0,156084.74804487242,2743949.37823302,0.1336251199245453,shared_Hi(nu=.005)|new
Match,0.005,45,12.0,0.01778133027255535,1.0,0.006176118738949299,0.01953837275505066,0.02220991440117359,7999.0,7999.0,0.0,163229.57123583523,64454.04424633516,0.13359405100345612,shared_Hi(nu=.005)|new
Match,0.005,50,1.0,0.010936444625258446,1.0,0.0023721749894320965,0.022015415132045746,0.02382483147084713,200.0,-1.0,-1.0,157954.47513781377,13097.028908769145,0.42052754759788513,shared_Hi(nu=.005)|hist_E1
Match,0.005,50,2.0,0.010936444625258446,1.0,0.008671686053276062,0.01879805326461792,0.018203087151050568,400.0,-1.0,-1.0,244566.03099950447,144428.81092189002,0.4163336157798767,shared_Hi(nu=.005)|hist_E1
Match,0.005,50,3.0,0.010936444625258446,1.0,0.0016795090632513165,0.00779348611831665,0.009146353229880333,600.0,-1.0,-1.0,291649.2378785731,573472.0704119654,0.4142516851425171,shared_Hi(nu=.005)|hist_E1
Match,0.005,50,5.0,0.010936444625258446,1.0,0.0030451754573732615,0.025588005781173706,0.02814604341983795,600.0,-1.0,-1.0,340653.4002100492,48319.307493374254,0.41218075156211853,shared_Hi(nu=.005)|hist_E1
Match,0.005,50,8.0,0.010936444625258446,1.0,0.0010906339157372713,0.009059488773345947,0.00931923184543848,200.0,7999.0,0.0,399860.6378882771,333880.279584924,0.40995725989341736,shared_Hi(nu=.005)|new
Match,0.005,50,12.0,0.010936444625258446,1.0,0.0034761829301714897,0.006482899188995361,0.006781639531254768,1400.0,7999.0,0.0,422235.8953204309,134027.41539264345,0.4090948700904846,shared_Hi(nu=.005)|new
Match,0.01,0,1.0,0.07844263315200806,0.0,0.0705040767788887,0.5954146981239319,0.6258596181869507,7800.0,7999.0,0.0,36617.35870162341,71618.72068774073,0.5424489974975586,new
Match,0.01,0,2.0,0.07844263315200806,0.0,0.07640664279460907,0.5902273058891296,0.6413410902023315,0.0,7999.0,0.0,47589.962489328056,27432.874761432664,0.554021418094635,new
Match,0.01,0,3.0,0.07844263315200806,0.0,0.07621289044618607,0.5890378355979919,0.6399974822998047,0.0,7999.0,0.0,52455.35791206101,28966.232773015705,0.5582306385040283,new
Match,0.01,0,5.0,0.07844263315200806,0.0,0.07601479440927505,0.5881919860839844,0.6390072107315063,0.0,7999.0,0.0,56927.428600115316,30368.08866554988,0.5616708397865295,new
Match,0.01,0,8.0,0.07844263315200806,0.0,0.07594098150730133,0.5879985690116882,0.6387577652931213,0.0,7999.0,0.0,59703.55874622476,31124.7999372897,0.5636146664619446,new
Match,0.01,0,12.0,0.07844263315200806,0.0,0.07589922100305557,0.5878128409385681,0.6385391354560852,0.0,7999.0,0.0,61334.878829804875,31525.848682995893,0.5646920800209045,new
Match,0.01,5,1.0,0.0028008983936160803,1.0,0.000608809816185385,0.0038671940565109253,0.00371495820581913,2800.0,7999.0,0.0,8115.394607577243,28498.624533905906,0.11928669363260269,new
Match,0.01,5,2.0,0.0028008983936160803,1.0,0.0030884956941008568,0.012357300147414207,0.012988073751330376,400.0,7999.0,0.0,12340.144133080765,107719.75583438482,0.1215042993426323,new
Match,0.01,5,3.0,0.0028008983936160803,1.0,0.0023498451337218285,0.019426465034484863,0.020173940807580948,400.0,7999.0,0.0,14630.436253481961,120925.67382277864,0.12260585278272629,new
Match,0.01,5,5.0,0.0028008983936160803,1.0,0.003214982571080327,0.00735396146774292,0.0066180299036204815,3600.0,7999.0,0.0,17012.546291918996,196546.96431232756,0.12368272244930267,new
Match,0.01,5,8.0,0.0028008983936160803,1.0,0.005455933976918459,0.020123310387134552,0.022024771198630333,5600.0,7999.0,0.0,18643.0249452159,124692.54981064613,0.12438318878412247,new
Match,0.01,5,12.0,0.0028008983936160803,1.0,0.002221012022346258,0.02003822848200798,0.019283585250377655,5200.0,7999.0,0.0,19660.835830994663,309720.03689235664,0.12480663508176804,new
Match,0.01,10,1.0,0.5674673914909363,0.0,0.5670419335365295,1.0170564651489258,0.9883688688278198,0.0,7999.0,0.0,21.49416050884798,77.04419488206202,-0.0009325666469521821,new
Match,0.01,10,2.0,0.5674673914909363,0.0,0.5668496489524841,1.0161560773849487,0.9871813058853149,0.0,7999.0,0.0,21.736176298017103,72.36056227314036,-0.005738448817282915,new
Match,0.01,10,3.0,0.5674673914909363,0.0,0.5668337345123291,1.0161259174346924,0.9872791171073914,0.0,7999.0,0.0,21.821202207908005,70.19031461048144,-0.00802305806428194,new
Match,0.01,10,5.0,0.5674673914909363,0.0,0.5668644309043884,1.0166784524917603,0.9869681596755981,0.0,7999.0,0.0,21.886070828990178,63.46215184077964,-0.010227978229522705,new
Match,0.01,10,8.0,0.5674673914909363,0.0,0.5668929219245911,1.0170916318893433,0.9869071841239929,0.0,7999.0,0.0,21.919372335240478,58.44315453756838,-0.011653900146484375,new
Match,0.01,10,12.0,0.5674673914909363,0.0,0.566878616809845,1.0171608924865723,0.9869459271430969,0.0,7999.0,0.0,21.936262009762256,56.86972130088257,-0.012514077126979828,new
Match,0.01,15,1.0,0.5647470355033875,0.0,0.5649793744087219,1.0160367488861084,0.987281858921051,0.0,7999.0,0.0,4.558350702342752,7.764680906656215,0.21973420679569244,new
Match,0.01,15,2.0,0.5647470355033875,0.0,0.5650554895401001,1.0167732238769531,0.9873649477958679,0.0,7999.0,0.0,4.721287444247982,8.004417295031933,0.22733071446418762,new
Match,0.01,15,3.0,0.5647470355033875,0.0,0.5650554299354553,1.0170620679855347,0.9871177077293396,0.0,7999.0,0.0,4.7970829457898425,7.57762753457447,0.2308190017938614,new
Match,0.01,15,5.0,0.5647470355033875,0.0,0.5650407075881958,1.0172830820083618,0.9866239428520203,0.0,7999.0,0.0,4.869297936885585,6.747558855623987,0.234116792678833,new
Match,0.01,15,8.0,0.5647470355033875,0.0,0.10939345508813858,0.8956780433654785,0.960246205329895,7999.0,7999.0,0.0,4.915526826501726,3621.64818602026,0.23621520400047302,new
Match,0.01,15,12.0,0.5647470355033875,0.0,0.5650395154953003,1.017769694328308,0.9866704940795898,0.0,7999.0,0.0,4.943238729673634,6.731663694227473,0.23746848106384277,new
Match,0.01,20,1.0,0.09303350001573563,0.0,0.08995076268911362,0.7502034902572632,0.7943826913833618,600.0,7999.0,0.0,19468.233027720064,24583.167733600105,0.3832971751689911,new
Match,0.01,20,2.0,0.09303350001573563,0.0,0.09120811522006989,0.7573639154434204,0.8059985041618347,200.0,7999.0,0.0,25561.641166012458,25810.786626369212,0.4055062532424927,new
Match,0.01,20,3.0,0.09303350001573563,0.0,0.08810774981975555,0.7311015129089355,0.7788639664649963,200.0,7999.0,0.0,28186.526819455266,21956.791417394532,0.4136684536933899,new
Match,0.01,20,5.0,0.09303350001573563,0.0,0.08295444399118423,0.692559003829956,0.7337538599967957,5400.0,7999.0,0.0,30549.11315317669,243761.600870677,0.4204002916812897,new
Match,0.01,20,8.0,0.09303350001573563,0.0,0.09169797599315643,0.7594539523124695,0.8097307085990906,200.0,7999.0,0.0,31989.738542199106,21371.688310587775,0.42423930764198303,new
Match,0.01,20,12.0,0.09303350001573563,0.0,0.09063658118247986,0.7534189224243164,0.8008285164833069,200.0,7999.0,0.0,32826.567462882405,4183.912207630236,0.42638078331947327,new
Match,0.01,25,1.0,0.06738772243261337,0.0,0.05481244996190071,0.46306735277175903,0.48772454261779785,200.0,7999.0,0.0,21531.002351601997,1502.604040082248,0.3681119680404663,new
Match,0.01,25,2.0,0.06738772243261337,0.0,0.050679028034210205,0.4283391833305359,0.45103734731674194,7800.0,7999.0,0.0,27410.385800255342,58459.43404470333,0.38519617915153503,new
Match,0.01,25,3.0,0.06738772243261337,0.0,0.030428601428866386,0.25559550523757935,0.2698337137699127,7999.0,7999.0,0.0,29887.774247907877,92965.77956035237,0.39136558771133423,new
Match,0.01,25,5.0,0.06738772243261337,0.0,0.05385738983750343,0.4557800889015198,0.4794721007347107,7999.0,7999.0,0.0,32095.516969845,19007.880837609435,0.39641523361206055,new
Match,0.01,25,8.0,0.06738772243261337,0.0,0.05919380113482475,0.4678957462310791,0.5120213031768799,0.0,7999.0,0.0,33433.02748600274,66342.26950408952,0.39928120374679565,new
Match,0.01,25,12.0,0.06738772243261337,0.0,0.05525271221995354,0.46770766377449036,0.4920539855957031,7999.0,7999.0,0.0,34207.33613235255,56801.20614314594,0.4008760452270508,new
Match,0.01,30,1.0,0.5672540068626404,0.0,0.5673964619636536,1.041534423828125,0.992782711982727,0.0,3200.0,1.0,16.7036249990226,23.142766915085126,0.2851780652999878,new
Match,0.01,30,2.0,0.5672540068626404,0.0,0.5673393607139587,1.0416690111160278,0.9931862950325012,0.0,7999.0,0.0,18.578931785861133,24.09521042831211,0.2977687418460846,new
Match,0.01,30,3.0,0.5672540068626404,0.0,0.5673201084136963,1.041935920715332,0.993506669998169,0.0,7999.0,0.0,19.473532409160793,24.78036820939886,0.30349522829055786,new
Match,0.01,30,5.0,0.5672540068626404,0.0,0.567291796207428,1.0422849655151367,0.9938734173774719,0.0,7999.0,0.0,20.33866948867386,25.250755359033857,0.30887898802757263,new
Match,0.01,30,8.0,0.5672540068626404,0.0,0.5672727227210999,1.0423038005828857,0.9939864873886108,0.0,7999.0,0.0,20.89901501824928,25.563326715427415,0.312290221452713,new
Match,0.01,30,12.0,0.5672540068626404,0.0,0.5672692656517029,1.04231858253479,0.9940274357795715,0.0,7999.0,0.0,21.23732962166043,25.551580168014734,0.3143223226070404,new
Match,0.01,35,1.0,0.03420324996113777,1.0,0.006783766206353903,0.05810118466615677,0.06058745086193085,7999.0,7999.0,0.0,13274.438655599564,73181.45245621543,0.028145642951130867,new
Match,0.01,35,2.0,0.03420324996113777,1.0,0.0027038482949137688,0.007430315017700195,0.006635512225329876,7600.0,7999.0,0.0,20661.88151907808,12445.25386726062,0.030695492401719093,new
Match,0.01,35,3.0,0.03420324996113777,1.0,0.00214985734783113,0.00403672456741333,0.001666491967625916,5000.0,7999.0,0.0,24720.06586330628,121087.85280611031,0.031855057924985886,new
Match,0.01,35,5.0,0.03420324996113777,1.0,0.001417381688952446,0.0036886930465698242,0.0032329873647540808,5400.0,7999.0,0.0,28971.60561207704,42394.28419660377,0.0329509973526001,new
Match,0.01,35,8.0,0.03420324996113777,1.0,0.001327810576185584,0.0029020309448242188,0.002579264109954238,7999.0,7999.0,0.0,31896.98307719315,647943.8479802776,0.03364957123994827,new
Match,0.01,35,12.0,0.03420324996113777,1.0,0.0022877210285514593,0.005653321743011475,0.005910112522542477,5200.0,7999.0,0.0,33728.70639226508,350943.47460035747,0.0340675450861454,new
Match,0.01,40,1.0,0.02511659637093544,1.0,0.00024634398869238794,0.0021301712840795517,0.002168667037039995,7000.0,7999.0,0.0,49981.94457420439,11645.321736195867,0.4180541932582855,new
Match,0.01,40,2.0,0.02511659637093544,1.0,0.001125770970247686,0.004379153251647949,0.003803286701440811,5800.0,7999.0,0.0,70221.72075033947,64918.07060344248,0.4166795313358307,new
Match,0.01,40,3.0,0.02511659637093544,1.0,0.0005558865377679467,0.001406341791152954,0.0011404681717976928,4000.0,7999.0,0.0,80354.80999954222,19219.660576567585,0.41592517495155334,new
Match,0.01,40,5.0,0.02511659637093544,1.0,0.0014058223459869623,0.0038134753704071045,0.0037694107741117477,5600.0,7999.0,0.0,90381.34064899429,357313.4379222557,0.4151327908039093,new
Match,0.01,40,8.0,0.02511659637093544,1.0,0.0005189463845454156,0.0028902292251586914,0.003384045558050275,4200.0,7999.0,0.0,96976.65688543917,88509.3122576675,0.4145870506763458,new
Match,0.01,40,12.0,0.02511659637093544,1.0,0.0030588372610509396,0.005560040473937988,0.0052368976175785065,4800.0,7999.0,0.0,100992.67058943465,64815.9094610658,0.41424551606178284,new
Match,0.01,45,1.0,0.052594538778066635,1.0,0.023238342255353928,0.19864626228809357,0.2074309140443802,7999.0,7999.0,0.0,3519.332110736891,49892.210116474234,0.18368121981620789,new
Match,0.01,45,2.0,0.052594538778066635,1.0,0.016423998400568962,0.14146697521209717,0.14671280980110168,7600.0,7999.0,0.0,5014.597126481466,148355.40281417637,0.1897559016942978,new
Match,0.01,45,3.0,0.052594538778066635,1.0,0.016679763793945312,0.14311710000038147,0.14893591403961182,7400.0,7999.0,0.0,5784.757560717308,80676.51095809223,0.19252461194992065,new
Match,0.01,45,5.0,0.052594538778066635,1.0,0.009771126322448254,0.08175930380821228,0.08456344157457352,7600.0,7999.0,0.0,6561.226016903199,269880.40055811737,0.19512686133384705,new
Match,0.01,45,8.0,0.052594538778066635,1.0,0.00530588161200285,0.021514534950256348,0.024659371003508568,7800.0,7999.0,0.0,7079.872385120885,128564.66519368856,0.19677457213401794,new
Match,0.01,45,12.0,0.052594538778066635,1.0,0.007648011203855276,0.06125509366393089,0.0631893202662468,7999.0,7999.0,0.0,7398.778935156913,4207.489657563772,0.19775556027889252,new
Match,0.01,50,1.0,0.04578118771314621,1.0,0.01829390600323677,0.15259131789207458,0.16144594550132751,7999.0,7999.0,0.0,23119.716472541153,189386.43021974986,0.24066239595413208,new
Match,0.01,50,2.0,0.04578118771314621,1.0,0.0032120405230671167,0.009368032217025757,0.008784439414739609,7999.0,7999.0,0.0,32052.814664922207,102413.36194319866,0.25554895401000977,new
Match,0.01,50,3.0,0.04578118771314621,1.0,0.002471919870004058,0.01867052912712097,0.021135838702321053,6400.0,7999.0,0.0,36333.11961653709,218753.7372578872,0.2617649734020233,new
Match,0.01,50,5.0,0.04578118771314621,1.0,0.0006366295274347067,0.0022217631340026855,0.0020666392520070076,7600.0,7999.0,0.0,40445.95197012657,127811.87672970048,0.2673039138317108,new
Match,0.01,50,8.0,0.04578118771314621,1.0,0.003049561521038413,0.006019771099090576,0.0029053296893835068,5600.0,7999.0,0.0,43086.72192702199,405856.1924800434,0.27066466212272644,new
Match,0.01,50,12.0,0.04578118771314621,1.0,0.002950231311842799,0.011957347393035889,0.014867575839161873,4400.0,7999.0,0.0,44670.21292380759,31559.977242411933,0.2726130187511444,new
Match,0.03,0,1.0,0.18256200850009918,0.0,0.17606885731220245,0.7267240285873413,0.7705918550491333,0.0,7999.0,0.0,75.7039826882166,60.88547264514286,0.4390001893043518,new
Match,0.03,0,2.0,0.18256200850009918,0.0,0.13973796367645264,0.6620851755142212,0.7079644203186035,3000.0,7999.0,0.0,86.36213969214185,1915.952342624799,0.44098061323165894,new
Match,0.03,0,3.0,0.18256200850009918,0.0,0.1763305515050888,0.7274604439735413,0.770397424697876,0.0,7999.0,0.0,91.18071641381995,66.38452062397151,0.4415648877620697,new
Match,0.03,0,5.0,0.18256200850009918,0.0,0.1761152297258377,0.7267546653747559,0.7690505385398865,0.0,7999.0,0.0,95.68151971871113,67.9385167373515,0.44195792078971863,new
Match,0.03,0,8.0,0.18256200850009918,0.0,0.17621667683124542,0.7271603941917419,0.7692674994468689,0.0,7999.0,0.0,98.51535714500069,69.8132888262581,0.4421347677707672,new
Match,0.03,0,12.0,0.18256200850009918,0.0,0.1763167679309845,0.7274338603019714,0.7694793343544006,0.0,7999.0,0.0,100.19611677966274,70.68386809295995,0.4422149956226349,new
Match,0.03,5,1.0,0.10091831535100937,0.0,0.0009565973887220025,0.0020450353622436523,0.0017564083682373166,4600.0,7999.0,0.0,151.40555942449407,297.7234302514427,0.31290146708488464,new
Match,0.03,5,2.0,0.10091831535100937,0.0,0.0005313989240676165,0.0011573433876037598,0.0009501646272838116,3200.0,7999.0,0.0,196.84517165280442,4863.363184914252,0.296914279460907,new
Match,0.03,5,3.0,0.10091831535100937,0.0,0.0007903460063971579,0.0037862565368413925,0.0040152715519070625,7200.0,7999.0,0.0,221.21376120152158,475.97638647882496,0.29012835025787354,new
Match,0.03,5,5.0,0.10091831535100937,0.0,0.0007591446628794074,0.003709256649017334,0.0034760807175189257,2200.0,7999.0,0.0,246.5743193079854,2675.631530046107,0.28397566080093384,new
Match,0.03,5,8.0,0.10091831535100937,0.0,0.0017899026861414313,0.005253054201602936,0.005530815105885267,2800.0,7999.0,0.0,263.99500323434773,1985.7064398085886,0.28017693758010864,new
Match,0.03,5,12.0,0.10091831535100937,0.0,0.002026050351560116,0.004524528980255127,0.002417420968413353,1000.0,7999.0,0.0,274.90858041180996,6201.151194564849,0.27794715762138367,new
Match,0.03,10,1.0,0.11651332676410675,0.0,0.07182776182889938,0.3461386263370514,0.36610913276672363,7999.0,7999.0,0.0,205.7921926972836,2205.0704042931497,0.42781737446784973,new
Match,0.03,10,2.0,0.11651332676410675,0.0,0.09169366955757141,0.4402390718460083,0.4668061435222626,5600.0,7999.0,0.0,255.45971368083733,445.65670607771733,0.41743579506874084,new
Match,0.03,10,3.0,0.11651332676410675,0.0,0.07930966466665268,0.3817676305770874,0.40408894419670105,3200.0,7999.0,0.0,279.30232050634936,2750.5568245815593,0.41306769847869873,new
Match,0.03,10,5.0,0.11651332676410675,0.0,0.11047142744064331,0.45336073637008667,0.4782550036907196,0.0,7999.0,0.0,302.41209819676845,93.39743887951701,0.40912365913391113,new
Match,0.03,10,8.0,0.11651332676410675,0.0,0.1104402169585228,0.4530180096626282,0.4779341220855713,0.0,7999.0,0.0,317.3988133244305,96.01033423645396,0.406696617603302,new
Match,0.03,10,12.0,0.11651332676410675,0.0,0.11045445501804352,0.4529609978199005,0.477904349565506,0.0,7999.0,0.0,326.4526917835976,97.48600811198489,0.4052748382091522,new
Match,0.03,15,1.0,0.13559232652187347,0.0,0.1271202117204666,0.5259125232696533,0.5585001111030579,0.0,7999.0,0.0,158.78471182378615,50.777903090209016,0.375095009803772,new
Match,0.03,15,2.0,0.13559232652187347,0.0,0.12685728073120117,0.5235657095909119,0.5563302636146545,0.0,7999.0,0.0,184.37178967367998,52.254739302942,0.3614756762981415,new
Match,0.03,15,3.0,0.13559232652187347,0.0,0.12675291299819946,0.5225915312767029,0.5554593205451965,0.0,7999.0,0.0,196.28642408146132,52.965496062415696,0.35567304491996765,new
Match,0.03,15,5.0,0.13559232652187347,0.0,0.1266832798719406,0.5219555497169495,0.5548316240310669,0.0,7999.0,0.0,207.63115054514773,53.824846063368405,0.3504103720188141,new
Match,0.03,15,8.0,0.13559232652187347,0.0,0.1266602724790573,0.5215415358543396,0.5544817447662354,0.0,7999.0,0.0,214.8874640330511,54.08972106083615,0.3471642732620239,new
Match,0.03,15,12.0,0.13559232652187347,0.0,0.126658096909523,0.5214265584945679,0.5543772578239441,0.0,7999.0,0.0,219.23441703792625,54.38087652867423,0.3452611267566681,new
Match,0.03,20,1.0,0.15562207996845245,0.0,0.1462981253862381,0.6077707409858704,0.641556441783905,0.0,7999.0,0.0,80.23894725528935,57.22292944476923,0.37265029549598694,new
Match,0.03,20,2.0,0.15562207996845245,0.0,0.14630746841430664,0.6062275767326355,0.640341579914093,0.0,7999.0,0.0,91.35817808487433,55.24224949717586,0.36603057384490967,new
Match,0.03,20,3.0,0.15562207996845245,0.0,0.1463155299425125,0.6057297587394714,0.6398935317993164,0.0,7999.0,0.0,96.4362578117591,55.18058726720967,0.36343246698379517,new
Match,0.03,20,5.0,0.15562207996845245,0.0,0.14635959267616272,0.6052960753440857,0.6394963264465332,0.0,7999.0,0.0,101.20423751126259,54.37383472452865,0.3611973822116852,new
Match,0.03,20,8.0,0.15562207996845245,0.0,0.14640453457832336,0.6051700115203857,0.6394031047821045,0.0,7999.0,0.0,104.21783669780054,54.11175526333204,0.35987693071365356,new
Match,0.03,20,12.0,0.15562207996845245,0.0,0.14639267325401306,0.6049688458442688,0.6391939520835876,0.0,7999.0,0.0,106.00930796584895,54.14818991704107,0.3591233491897583,new
Match,0.03,25,1.0,0.09988991171121597,0.0,2.638114892761223e-05,8.189678192138672e-05,0.00010422459308756515,4600.0,7999.0,0.0,161.4788700535326,1034.7594763581646,0.3019871413707733,new
Match,0.03,25,2.0,0.09988991171121597,0.0,0.0006898983265273273,0.003018174320459366,0.003225073218345642,5000.0,7999.0,0.0,209.30262555335062,3700.5586457757036,0.29186877608299255,new
Match,0.03,25,3.0,0.09988991171121597,0.0,0.001619847258552909,0.0077358875423669815,0.008244921453297138,1800.0,7999.0,0.0,233.87193554970452,3816.6254375660073,0.2877611219882965,new
Match,0.03,25,5.0,0.09988991171121597,0.0,0.005480744410306215,0.025900911539793015,0.027847090736031532,6800.0,7999.0,0.0,258.70544924222366,5188.023156475066,0.2841220200061798,new
Match,0.03,25,8.0,0.09988991171121597,0.0,0.0017483143601566553,0.00432896614074707,0.004613243043422699,3600.0,7999.0,0.0,275.3535948940572,17314.56769417513,0.28191280364990234,new
Match,0.03,25,12.0,0.09988991171121597,0.0,0.003064920660108328,0.004968971014022827,0.005782212596386671,7999.0,7999.0,0.0,285.62050293882504,3333.0289897219386,0.280628502368927,new
Match,0.03,30,1.0,0.1515815258026123,0.0,0.14478188753128052,0.6110803484916687,0.65129554271698,0.0,7999.0,0.0,111.26138190723289,36.70713475537517,0.4157286286354065,new
Match,0.03,30,2.0,0.1515815258026123,0.0,0.12707486748695374,0.604541540145874,0.6448323726654053,400.0,7999.0,0.0,140.0995614630127,8946.48426193938,0.41831687092781067,new
Match,0.03,30,3.0,0.1515815258026123,0.0,0.14474019408226013,0.6095504760742188,0.6497299075126648,0.0,7999.0,0.0,154.01532343330962,42.48310399132023,0.4196254014968872,new
Match,0.03,30,5.0,0.1515815258026123,0.0,0.144437775015831,0.6083155870437622,0.6481738686561584,0.0,7999.0,0.0,167.49952851740318,43.70780544219921,0.4208841919898987,new
Match,0.03,30,8.0,0.1515815258026123,0.0,0.14431951940059662,0.6075322031974792,0.6472859978675842,0.0,7999.0,0.0,176.22775546897276,45.00850851802414,0.4216843545436859,new
Match,0.03,30,12.0,0.1515815258026123,0.0,0.14436332881450653,0.6076289415359497,0.6473322510719299,0.0,7999.0,0.0,181.49068408629483,46.101784264385174,0.4221590757369995,new
Match,0.03,35,1.0,0.10170338302850723,0.0,0.01571149192750454,0.07586797326803207,0.08017610013484955,7600.0,7999.0,0.0,151.30782268688932,2677.6402755483446,0.32050907611846924,new
Match,0.03,35,2.0,0.10170338302850723,0.0,0.006233455613255501,0.030218105763196945,0.031826458871364594,6200.0,7999.0,0.0,179.33807174512918,234.37831077048313,0.30817878246307373,new
Match,0.03,35,3.0,0.10170338302850723,0.0,0.008541201241314411,0.03964084014296532,0.04138799011707306,7999.0,7999.0,0.0,192.43203404385,7246.298775723153,0.30290383100509644,new
Match,0.03,35,5.0,0.10170338302850723,0.0,0.0018963705515488982,0.009093184024095535,0.009657446295022964,4600.0,7999.0,0.0,204.91784032814465,7436.938614633389,0.29810428619384766,new
Match,0.03,35,8.0,0.10170338302850723,0.0,0.01354862842708826,0.06843333691358566,0.0691380575299263,6600.0,7999.0,0.0,212.9115718344949,5289.798062435153,0.2951354384422302,new
Match,0.03,35,12.0,0.10170338302850723,0.0,0.015008945018053055,0.07411327958106995,0.07626276463270187,4800.0,7999.0,0.0,217.702614468346,8876.714877326596,0.29339146614074707,new
Match,0.03,40,1.0,0.11037105321884155,0.0,0.09832249581813812,0.3635876476764679,0.39097875356674194,0.0,7999.0,0.0,115.99611022938845,25.51921556354767,0.4190935492515564,new
Match,0.03,40,2.0,0.11037105321884155,0.0,0.09836661070585251,0.3623221516609192,0.3899388611316681,0.0,7999.0,0.0,139.55573700608375,27.756890576166683,0.4135834276676178,new
Match,0.03,40,3.0,0.11037105321884155,0.0,0.09835135191679001,0.36161303520202637,0.38933563232421875,0.0,7999.0,0.0,150.43038079962923,28.68063953442153,0.41133326292037964,new
Match,0.03,40,5.0,0.11037105321884155,0.0,0.09834162145853043,0.3610241413116455,0.3888394832611084,0.0,7999.0,0.0,160.71912058338256,29.649609711313445,0.40932995080947876,new
Match,0.03,40,8.0,0.11037105321884155,0.0,0.09831922501325607,0.36063429713249207,0.3884962201118469,0.0,7999.0,0.0,167.26422415824578,30.189269498257374,0.4081088900566101,new
Match,0.03,40,12.0,0.11037105321884155,0.0,0.09830553084611893,0.36040979623794556,0.3882884681224823,0.0,7999.0,0.0,171.1712961440511,30.63789901673964,0.4073972702026367,new
Match,0.03,45,1.0,0.10336921364068985,0.0,0.0003410239878576249,0.0006979107856750488,0.00035784952342510223,5400.0,7999.0,0.0,148.92830290388827,5295.204732968354,0.3128772974014282,new
Match,0.03,45,2.0,0.10336921364068985,0.0,0.0006450338987633586,0.0012749135494232178,0.0012054455000907183,2800.0,7999.0,0.0,180.0424579411712,2455.1001781918103,0.30194106698036194,new
Match,0.03,45,3.0,0.10336921364068985,0.0,0.0024971719831228256,0.003999590873718262,0.002629324560984969,4800.0,7999.0,0.0,195.39154115679514,4871.578853889236,0.29669690132141113,new
Match,0.03,45,5.0,0.10336921364068985,0.0,0.0009038670687004924,0.0041399747133255005,0.004191934131085873,1600.0,7999.0,0.0,210.49736289348866,1402.7644115825624,0.29160988330841064,new
Match,0.03,45,8.0,0.10336921364068985,0.0,0.0014422958483919501,0.007313136011362076,0.007368054240942001,1600.0,7999.0,0.0,220.40311950658153,7702.414262704001,0.2883065938949585,new
Match,0.03,45,12.0,0.10336921364068985,0.0,0.003814003197476268,0.014879100024700165,0.015462539158761501,800.0,7999.0,0.0,226.4258788749626,19051.3153786616,0.28630876541137695,new
Match,0.03,50,1.0,0.10040760040283203,0.0,0.018536869436502457,0.08923673629760742,0.09460833668708801,200.0,7999.0,0.0,146.30447346320312,240207.09172375937,0.3041023910045624,new
Match,0.03,50,2.0,0.10040760040283203,0.0,0.014998966827988625,0.07308909296989441,0.07660722732543945,1400.0,7999.0,0.0,185.4064642092673,727.5207891282432,0.29882335662841797,new
Match,0.03,50,3.0,0.10040760040283203,0.0,0.00335685140453279,0.01620417833328247,0.017096910625696182,6600.0,7999.0,0.0,204.3038865959712,1885.4353421221101,0.29665184020996094,new
Match,0.03,50,5.0,0.10040760040283203,0.0,0.015805374830961227,0.07731360197067261,0.08080341666936874,7999.0,7999.0,0.0,222.67417320380451,8767.15859113834,0.29471132159233093,new
Match,0.03,50,8.0,0.10040760040283203,0.0,0.000371329253539443,0.0018023103475570679,0.0018513717222958803,2000.0,7999.0,0.0,234.60889376390287,2200.261244550306,0.2935253083705902,new
Match,0.03,50,12.0,0.10040760040283203,0.0,0.0017585217719897628,0.00331270694732666,0.0017566747264936566,6600.0,7999.0,0.0,241.82544839798229,16784.636231104396,0.29283300042152405,new
Match,0.05,0,1.0,0.20415142178535461,0.0,0.20200100541114807,0.5838906764984131,0.601158857345581,0.0,7999.0,0.0,8.713369141254628,7.815727991137876,0.40789464116096497,new
Match,0.05,0,2.0,0.20415142178535461,0.0,0.2024240642786026,0.5827680826187134,0.6011385917663574,0.0,7999.0,0.0,10.644526902895716,8.203586770673999,0.39445778727531433,new
Match,0.05,0,3.0,0.20415142178535461,0.0,0.20265398919582367,0.5821239948272705,0.6008333563804626,0.0,7999.0,0.0,11.677704011402758,8.438268984748182,0.38832876086235046,new
Match,0.05,0,5.0,0.20415142178535461,0.0,0.20275020599365234,0.5813332796096802,0.6003251671791077,0.0,7999.0,0.0,12.751907620677773,8.686856086007973,0.3825649917125702,new
Match,0.05,0,8.0,0.20415142178535461,0.0,0.20283380150794983,0.5809189081192017,0.6001301407814026,0.0,7999.0,0.0,13.489366594769475,8.81050815684802,0.3789129853248596,new
Match,0.05,0,12.0,0.20415142178535461,0.0,0.202897846698761,0.5807095766067505,0.6000529527664185,0.0,7999.0,0.0,13.951213231958333,8.910015065349892,0.37673720717430115,new
Match,0.05,10,1.0,0.1862277388572693,0.0,0.004985847510397434,0.01834053173661232,0.019214177504181862,7999.0,7999.0,0.0,6.836024040537942,50.15867000201245,0.2191288322210312,new
Match,0.05,10,2.0,0.1862277388572693,0.0,0.003360290778800845,0.012359307147562504,0.012948996387422085,1000.0,7999.0,0.0,8.680061401237227,5081.990905474045,0.19997815787792206,new
Match,0.05,10,3.0,0.1862277388572693,0.0,0.0030973467510193586,0.010601550340652466,0.011389005929231644,3400.0,7999.0,0.0,9.62893624439525,1331.8699199055818,0.19096431136131287,new
Match,0.05,10,5.0,0.1862277388572693,0.0,0.006404587533324957,0.02351423352956772,0.02467448078095913,3400.0,7999.0,0.0,10.588194059553215,1617.663914943645,0.18228833377361298,new
Match,0.05,10,8.0,0.1862277388572693,0.0,7.472522702300921e-05,0.0002696514129638672,0.0002846454444807023,2800.0,7999.0,0.0,11.231002641821258,52.77048095215158,0.17668145895004272,new
Match,0.05,10,12.0,0.1862277388572693,0.0,0.0003703159454744309,0.0013657258823513985,0.001427309587597847,3000.0,7999.0,0.0,11.627187600114452,1306.1129828756548,0.17329856753349304,new
Match,0.05,20,1.0,0.20039145648479462,0.0,0.06948230415582657,0.254442036151886,0.26747065782546997,7999.0,7999.0,0.0,6.169601233362373,552.2028670122539,0.25033706426620483,new
Match,0.05,20,2.0,0.20039145648479462,0.0,0.05669206753373146,0.20913664996623993,0.21841563284397125,7999.0,7999.0,0.0,7.546096936995967,452.4488838497616,0.23896563053131104,new
Match,0.05,20,3.0,0.20039145648479462,0.0,0.055184267461299896,0.20241817831993103,0.21253663301467896,7999.0,7999.0,0.0,8.267259443295323,189.75664495576365,0.233749657869339,new
Match,0.05,20,5.0,0.20039145648479462,0.0,0.060805607587099075,0.22351737320423126,0.23423191905021667,7999.0,7999.0,0.0,9.007572204476457,310.57040530207394,0.22880017757415771,new
Match,0.05,20,8.0,0.20039145648479462,0.0,0.03818999603390694,0.14059126377105713,0.14718583226203918,7999.0,7999.0,0.0,9.510773031671834,778.1801210425465,0.22563426196575165,new
Match,0.05,20,12.0,0.20039145648479462,0.0,0.04133887216448784,0.1495201587677002,0.15817539393901825,7000.0,7999.0,0.0,9.823982196871508,433.98111420030324,0.2237352579832077,new
Match,0.05,30,1.0,0.20565606653690338,0.0,0.12152598053216934,0.44267570972442627,0.46694985032081604,400.0,7999.0,0.0,10.840360878840666,45867.06633952907,0.4074419140815735,new
Match,0.05,30,2.0,0.20565606653690338,0.0,0.124540776014328,0.45266467332839966,0.47839558124542236,200.0,7999.0,0.0,13.228522927847429,33154.05364636689,0.38967859745025635,new
Match,0.05,30,3.0,0.20565606653690338,0.0,0.11567862331867218,0.4213026165962219,0.44458436965942383,2400.0,7999.0,0.0,14.421309704768708,1878.8402905200649,0.38119015097618103,new
Match,0.05,30,5.0,0.20565606653690338,0.0,0.12420718371868134,0.45400673151016235,0.47729364037513733,200.0,7999.0,0.0,15.60627351948296,12550.502399875444,0.37296262383461,new
Match,0.05,30,8.0,0.20565606653690338,0.0,0.12644530832767487,0.46069759130477905,0.48553162813186646,200.0,7999.0,0.0,16.389806555132076,15479.211377609201,0.36762070655822754,new
Match,0.05,30,12.0,0.20565606653690338,0.0,0.12338480353355408,0.45400407910346985,0.4732537865638733,200.0,7999.0,0.0,16.868860909932362,14892.469503368971,0.36438968777656555,new
Match,0.05,40,1.0,0.15985147655010223,0.0,0.0008260660688392818,0.0032337158918380737,0.003185872221365571,200.0,7999.0,0.0,11.308156699870834,28239.52209427393,0.3087858259677887,new
Match,0.05,40,2.0,0.15985147655010223,0.0,0.0005022368277423084,0.0019087642431259155,0.001871677814051509,1000.0,7999.0,0.0,13.081176311664159,10881.569431526932,0.28499409556388855,new
Match,0.05,40,3.0,0.15985147655010223,0.0,0.00018734767218120396,0.0006926190108060837,0.0007213399512693286,1000.0,7999.0,0.0,13.978941856665724,1105.7482007205906,0.2737453281879425,new
Match,0.05,40,5.0,0.15985147655010223,0.0,0.0032531910110265017,0.011886189691722393,0.012523462995886803,400.0,7999.0,0.0,14.880185716866562,1347.2131310015836,0.2629227936267853,new
Match,0.05,40,8.0,0.15985147655010223,0.0,0.006338687147945166,0.01562035083770752,0.01797807589173317,200.0,7999.0,0.0,15.481657497986914,3264.385526933881,0.2559390962123871,new
Match,0.05,40,12.0,0.15985147655010223,0.0,0.00613692682236433,0.019472122192382812,0.02144058793783188,200.0,7999.0,0.0,15.851690379295531,53100.82757370672,0.2517313063144684,new
MLP,0.005,0,1.0,0.04032730683684349,1.0,0.07023077458143234,0.49317872524261475,0.5345926880836487,0.0,7999.0,0.0,7049.792766476242,3397.461515519963,0.7972697615623474,new
MLP,0.005,0,2.0,0.04032730683684349,1.0,0.06995332986116409,0.49184679985046387,0.5332038402557373,0.0,7999.0,0.0,7552.5668810080615,4023.4148299971666,0.8165931105613708,new
MLP,0.005,0,3.0,0.04032730683684349,1.0,0.06989546120166779,0.4913704991340637,0.5326895117759705,0.0,7999.0,0.0,7741.739349624417,4288.741505589422,0.8235980272293091,new
MLP,0.005,0,5.0,0.04032730683684349,1.0,0.06983033567667007,0.49036240577697754,0.5315770506858826,0.0,7999.0,0.0,7901.787967218006,4518.9006204430825,0.8294148445129395,new
MLP,0.005,0,8.0,0.04032730683684349,1.0,0.002482637297362089,0.0037223100662231445,0.0038863271474838257,4200.0,7999.0,0.0,7995.403825060402,27702.24205255049,0.832771360874176,new
MLP,0.005,0,12.0,0.04032730683684349,1.0,0.06977085769176483,0.4893745183944702,0.5304874181747437,0.0,7999.0,0.0,8048.569485162731,4741.430086282972,0.8346626162528992,new
MLP,0.005,5,1.0,0.005604956299066544,1.0,0.0025308665353804827,0.003339409828186035,0.002461074385792017,3800.0,7999.0,0.0,10720.266273219937,4286.607511625069,0.23839141428470612,new
MLP,0.005,5,2.0,0.005604956299066544,1.0,0.01894059218466282,0.22988927364349365,0.24814045429229736,400.0,7999.0,0.0,13339.257777483472,6816.7824280247905,0.242784321308136,new
MLP,0.005,5,3.0,0.005604956299066544,1.0,0.04995667561888695,0.3417462110519409,0.3625067472457886,0.0,7999.0,0.0,14510.28879483804,14587.608768953853,0.24435651302337646,new
MLP,0.005,5,5.0,0.005604956299066544,1.0,0.04989202320575714,0.34317049384117126,0.3640439510345459,0.0,7999.0,0.0,15597.221642238523,16044.49173486566,0.24565505981445312,new
MLP,0.005,5,8.0,0.005604956299066544,1.0,0.049907028675079346,0.343927800655365,0.36487919092178345,0.0,7999.0,0.0,16278.435062876615,16828.74821550425,0.2464015930891037,new
MLP,0.005,5,12.0,0.005604956299066544,1.0,0.04989738017320633,0.3439757525920868,0.364931583404541,0.0,7999.0,0.0,16681.39476991002,17290.122278041188,0.24682140350341797,new
MLP,0.005,10,1.0,0.01237536035478115,1.0,0.009407530538737774,0.11377674341201782,0.12241491675376892,200.0,7999.0,0.0,17548.96664928185,44951.641830085355,-0.19500043988227844,new
MLP,0.005,10,2.0,0.01237536035478115,1.0,0.009816613048315048,0.11843563616275787,0.12780871987342834,200.0,7999.0,0.0,21579.396251623937,83976.32077425251,-0.19569772481918335,new
MLP,0.005,10,3.0,0.01237536035478115,1.0,0.013455890119075775,0.1624983847141266,0.175282821059227,1200.0,7999.0,0.0,23312.557011440524,7617.596567598639,-0.19602623581886292,new
MLP,0.005,10,5.0,0.01237536035478115,1.0,0.05221029371023178,0.2765910029411316,0.2911122441291809,0.0,7999.0,0.0,24884.684589545155,12507.363359608864,-0.19632863998413086,new
MLP,0.005,10,8.0,0.01237536035478115,1.0,0.05181939899921417,0.2765432894229889,0.2910301089286804,0.0,7999.0,0.0,25852.53753096534,13377.012058394472,-0.1965150684118271,new
MLP,0.005,10,12.0,0.01237536035478115,1.0,0.05149822309613228,0.27650657296180725,0.2909664511680603,0.0,7999.0,0.0,26418.877271761514,13968.999259076001,-0.19662365317344666,new
MLP,0.005,15,1.0,0.24298523366451263,0.0,0.000542319961823523,0.0023980997502803802,0.0026288372464478016,6000.0,7999.0,0.0,1402.6153582512043,6080.179178986701,-0.3706105053424835,new
MLP,0.005,15,2.0,0.24298523366451263,0.0,0.0019938393961638212,0.020451568067073822,0.022921759635210037,1600.0,7999.0,0.0,1884.050927277798,5535275.65009559,-0.3027243912220001,new
MLP,0.005,15,3.0,0.24298523366451263,0.0,0.045158687978982925,0.4854602813720703,0.5272957682609558,200.0,7999.0,0.0,2127.375137542987,8771.642058720958,-0.27050915360450745,new
MLP,0.005,15,5.0,0.24298523366451263,0.0,0.06337307393550873,0.652472734451294,0.7129250764846802,200.0,7999.0,0.0,2368.504101563498,1918.0810223614913,-0.23946593701839447,new
MLP,0.005,15,8.0,0.24298523366451263,0.0,0.2069387435913086,0.8734263777732849,0.9037495851516724,0.0,7999.0,0.0,2526.8361668421685,865.4781176136996,-0.21943233907222748,new
MLP,0.005,15,12.0,0.24298523366451263,0.0,0.06831331551074982,0.6983755826950073,0.764670193195343,200.0,7999.0,0.0,2622.9908302805525,28466.39586206805,-0.20736999809741974,new
MLP,0.005,20,1.0,0.018666861578822136,1.0,0.0005501224659383297,0.006045430898666382,0.00666582677513361,3400.0,7999.0,0.0,17903.399464519447,189731.45910964432,0.2560606598854065,new
MLP,0.005,20,2.0,0.018666861578822136,1.0,0.0004989379667676985,0.0008310079574584961,0.00022031209664419293,3000.0,7999.0,0.0,21578.527821991163,9137.041323444524,0.25585341453552246,new
MLP,0.005,20,3.0,0.018666861578822136,1.0,0.0513145886361599,0.07983541488647461,0.08199794590473175,0.0,7999.0,0.0,23114.671914916,9600.23624495384,0.2557539939880371,new
MLP,0.005,20,5.0,0.018666861578822136,1.0,0.050919536501169205,0.07940781116485596,0.0824650228023529,0.0,7999.0,0.0,24487.678198169157,10472.2127663287,0.255658894777298,new
MLP,0.005,20,8.0,0.018666861578822136,1.0,0.050863396376371384,0.07933342456817627,0.08275319635868073,0.0,7999.0,0.0,25323.88781257537,10918.836258742629,0.2555982768535614,new
MLP,0.005,20,12.0,0.018666861578822136,1.0,0.05082877352833748,0.07929825782775879,0.08276992291212082,0.0,7999.0,0.0,25810.147825462718,11180.458851954949,0.25556203722953796,new
MLP,0.005,25,1.0,0.06690739095211029,0.0,0.05980351194739342,0.5890023708343506,0.6478559374809265,0.0,7999.0,0.0,1612.4236094208427,4473.330011321743,0.6693786382675171,new
MLP,0.005,25,2.0,0.06690739095211029,0.0,0.059435613453388214,0.5886714458465576,0.6476614475250244,0.0,7999.0,0.0,1927.0970037045893,5729.005901533221,0.6644383668899536,new
MLP,0.005,25,3.0,0.06690739095211029,0.0,0.047463905066251755,0.5652270317077637,0.6161659359931946,200.0,7999.0,0.0,2060.7025189988635,1677.3438377767668,0.6624957919120789,new
MLP,0.005,25,5.0,0.06690739095211029,0.0,0.059259939938783646,0.5897152423858643,0.6489296555519104,0.0,7999.0,0.0,2181.1908825342553,6822.848365730444,0.660804808139801,new
MLP,0.005,25,8.0,0.06690739095211029,0.0,0.059215158224105835,0.5895730257034302,0.6487923264503479,0.0,7999.0,0.0,2255.077019744315,7116.393778290971,0.6597926020622253,new
MLP,0.005,25,12.0,0.06690739095211029,0.0,0.05921769142150879,0.5897276997566223,0.6489619612693787,0.0,7999.0,0.0,2298.2172408088004,7250.35567199761,0.6592095494270325,new
MLP,0.005,30,1.0,0.003895823610946536,1.0,0.0014145190361887217,0.013282466679811478,0.014437854290008545,600.0,7999.0,0.0,5991.214763528698,20998.181093870753,0.5821971893310547,new
MLP,0.005,30,2.0,0.003895823610946536,1.0,0.004857712425291538,0.053946398198604584,0.058109819889068604,800.0,7999.0,0.0,6717.011386637801,7714.21196864947,0.5808566808700562,new
MLP,0.005,30,3.0,0.003895823610946536,1.0,0.04924914613366127,0.22881148755550385,0.24074339866638184,0.0,7999.0,0.0,7010.408791434891,12574.257403505604,0.5803623199462891,new
MLP,0.005,30,5.0,0.003895823610946536,1.0,0.006150358356535435,0.07458470016717911,0.08028218895196915,200.0,7999.0,0.0,7268.279224057172,5824.433399832102,0.5799451470375061,new
MLP,0.005,30,8.0,0.003895823610946536,1.0,0.0490599125623703,0.22892612218856812,0.240837961435318,0.0,7999.0,0.0,7423.450849327486,13947.041540502165,0.579700767993927,new
MLP,0.005,30,12.0,0.003895823610946536,1.0,0.04906313493847847,0.2298208475112915,0.24178873002529144,0.0,7999.0,0.0,7513.05667641398,14248.189686580077,0.5795617699623108,new
MLP,0.005,35,1.0,0.23879411816596985,0.0,0.0011050148168578744,0.006716426461935043,0.0070921084843575954,1200.0,7999.0,0.0,4436.377069017004,24483.397317849325,0.22730973362922668,new
MLP,0.005,35,2.0,0.23879411816596985,0.0,0.2694094479084015,0.7563661336898804,0.7890005707740784,0.0,7999.0,0.0,5339.512839154302,691.6000847994258,0.2146482914686203,new
MLP,0.005,35,3.0,0.23879411816596985,0.0,0.26945704221725464,0.7557700276374817,0.7884230017662048,0.0,7999.0,0.0,5531.554219866804,760.0208305287869,0.21067287027835846,new
MLP,0.005,35,5.0,0.23879411816596985,0.0,0.27001383900642395,0.756097137928009,0.788755476474762,0.0,7999.0,0.0,5582.620626183307,785.4288502489056,0.20773370563983917,new
MLP,0.005,35,8.0,0.23879411816596985,0.0,0.2699415385723114,0.756148636341095,0.7887921333312988,0.0,7999.0,0.0,5558.115330859833,829.5616724349594,0.20623816549777985,new
MLP,0.005,35,12.0,0.23879411816596985,0.0,0.2698509395122528,0.7561479806900024,0.7887815237045288,0.0,7999.0,0.0,5525.703674566749,859.892471451755,0.20547626912593842,new
MLP,0.005,40,1.0,0.001022685901261866,1.0,0.04910963028669357,0.21527156233787537,0.22392268478870392,0.0,7999.0,0.0,389386.9063460384,20109.616144952284,0.33651202917099,new
MLP,0.005,40,2.0,0.001022685901261866,1.0,0.047425560653209686,0.21580354869365692,0.22440403699874878,0.0,7999.0,0.0,475048.2804232897,27819.455180506637,0.31001782417297363,new
MLP,0.005,40,3.0,0.001022685901261866,1.0,0.04693905636668205,0.21558892726898193,0.22413663566112518,0.0,7999.0,0.0,508972.81599152496,31127.971046149618,0.2985512912273407,new
MLP,0.005,40,5.0,0.001022685901261866,1.0,0.04669216275215149,0.21595436334609985,0.22451364994049072,0.0,7999.0,0.0,538125.4599524445,33908.62300797946,0.2881823778152466,new
MLP,0.005,40,8.0,0.001022685901261866,1.0,0.04659321904182434,0.21587616205215454,0.22440741956233978,0.0,7999.0,0.0,555292.899883851,35697.54749502952,0.28182995319366455,new
MLP,0.005,40,12.0,0.001022685901261866,1.0,0.046444371342659,0.21614760160446167,0.22468885779380798,0.0,7999.0,0.0,565061.472635915,37010.21305381041,0.27812737226486206,new
MLP,0.005,45,1.0,0.34996500611305237,0.0,0.37812164425849915,0.8632799983024597,0.8975024223327637,0.0,7999.0,0.0,3342.7145381534183,85.13797029662453,-0.67375248670578,new
MLP,0.005,45,2.0,0.34996500611305237,0.0,0.0014914904022589326,0.0023268461227416992,0.0001837138697737828,7600.0,7999.0,0.0,3033.248375521131,2085.8955212841206,-0.7076104879379272,new
MLP,0.005,45,3.0,0.34996500611305237,0.0,0.007548941299319267,0.012101531028747559,0.005108953919261694,4400.0,7999.0,0.0,2738.580748699353,15379.829595492556,-0.69597989320755,new
MLP,0.005,45,5.0,0.34996500611305237,0.0,0.012431004084646702,0.09851837158203125,0.10696865618228912,400.0,7999.0,0.0,2466.123227479072,27999.304011753724,-0.6794859766960144,new
MLP,0.005,45,8.0,0.34996500611305237,0.0,0.013524455949664116,0.03915216028690338,0.04296175763010979,800.0,7999.0,0.0,2306.6884826223272,2433.9100529583484,-0.6679587960243225,new
MLP,0.005,45,12.0,0.34996500611305237,0.0,0.005862694699317217,0.04685167968273163,0.04881061241030693,800.0,7999.0,0.0,2217.7557107423745,2000880.2765171155,-0.6609854698181152,new
MLP,0.005,50,1.0,0.014762552455067635,1.0,0.012223022058606148,0.14875514805316925,0.16034537553787231,7800.0,7999.0,0.0,43499.01983539796,357361.1285217878,0.16466151177883148,new
MLP,0.005,50,2.0,0.014762552455067635,1.0,0.012469662353396416,0.14731839299201965,0.15911386907100677,7999.0,7999.0,0.0,46294.48082011943,2760.983034450206,0.15903207659721375,new
MLP,0.005,50,3.0,0.014762552455067635,1.0,0.0008812985033728182,0.00722343847155571,0.007977601140737534,1800.0,7999.0,0.0,47382.17922854305,1437142.2877038228,0.15687009692192078,new
MLP,0.005,50,5.0,0.014762552455067635,1.0,0.05399439483880997,0.3819194436073303,0.4109439253807068,0.0,7999.0,0.0,48319.513451995444,11032.324305423002,0.15501847863197327,new
MLP,0.005,50,8.0,0.014762552455067635,1.0,0.007482715882360935,0.08676227927207947,0.09463001787662506,800.0,7999.0,0.0,48875.446098696535,479897.14235845814,0.15392497181892395,new
MLP,0.005,50,12.0,0.014762552455067635,1.0,0.01731123961508274,0.1297556757926941,0.13881537318229675,200.0,7999.0,0.0,49193.75968329238,9877.650006493763,0.15330031514167786,new
MLP,0.01,0,1.0,0.01971038244664669,1.0,0.023126736283302307,0.1967667043209076,0.2057897299528122,4600.0,7999.0,0.0,22071.027354719266,3278.802244272352,0.5949255228042603,new
MLP,0.01,0,2.0,0.01971038244664669,1.0,0.0225780438631773,0.1929304152727127,0.2013438642024994,6400.0,7999.0,0.0,27267.131473384747,1817.1593081270084,0.5884596109390259,new
MLP,0.01,0,3.0,0.01971038244664669,1.0,0.025933202356100082,0.22183097898960114,0.23146598041057587,1000.0,7999.0,0.0,29631.22520460425,1763.962579874948,0.5856476426124573,new
MLP,0.01,0,5.0,0.01971038244664669,1.0,0.025610297918319702,0.2179977297782898,0.22773125767707825,400.0,7999.0,0.0,31848.896799263024,2277.0315198124545,0.5830735564231873,new
MLP,0.01,0,8.0,0.01971038244664669,1.0,0.0009746053256094456,0.0083595160394907,0.008668236434459686,5400.0,7999.0,0.0,33250.42769397568,13369.132452342636,0.5814763903617859,new
MLP,0.01,0,12.0,0.01971038244664669,1.0,0.0023003884125500917,0.011928685940802097,0.012252666987478733,5400.0,7999.0,0.0,34083.74482668749,4284.144761695,0.5805367231369019,new
MLP,0.01,5,1.0,0.05733804032206535,1.0,0.013260889798402786,0.11241322755813599,0.11699892580509186,7999.0,7999.0,0.0,4636.302244919672,914.6027521825373,0.16923312842845917,new
MLP,0.01,5,2.0,0.05733804032206535,1.0,0.003114009741693735,0.026475463062524796,0.027649156749248505,7999.0,7999.0,0.0,5896.964829008393,5325.172193494226,0.1371305286884308,new
MLP,0.01,5,3.0,0.05733804032206535,1.0,0.010329915210604668,0.08841650933027267,0.09207728505134583,7999.0,7999.0,0.0,6475.905543795305,2459.958131695147,0.12360090017318726,new
MLP,0.01,5,5.0,0.05733804032206535,1.0,0.010506848804652691,0.0898858904838562,0.09380795061588287,7999.0,7999.0,0.0,7021.108491314651,178506.82922361663,0.11141026020050049,new
MLP,0.01,5,8.0,0.05733804032206535,1.0,0.0014065788127481937,0.011286714114248753,0.01180871482938528,7400.0,7999.0,0.0,7366.480492915468,2020.3664084833972,0.10393077880144119,new
MLP,0.01,5,12.0,0.05733804032206535,1.0,0.0014771627029404044,0.009668409824371338,0.010253218933939934,6000.0,7999.0,0.0,7572.067072242351,7251.389461821885,0.09956040978431702,new
MLP,0.01,10,1.0,0.06200665608048439,0.0,0.04793558642268181,0.40693289041519165,0.42693057656288147,2000.0,7999.0,0.0,4781.241267170729,1631.3495141277333,0.12178045511245728,new
MLP,0.01,10,2.0,0.06200665608048439,0.0,0.034741975367069244,0.29625964164733887,0.3098832666873932,7400.0,7999.0,0.0,7727.46204011421,1208.5238610208335,0.13491690158843994,new
MLP,0.01,10,3.0,0.06200665608048439,0.0,0.00044851028360426426,0.0037566684186458588,0.003932133316993713,7400.0,7999.0,0.0,9486.61730825054,2635.6352203694732,0.14445894956588745,new
MLP,0.01,10,5.0,0.06200665608048439,0.0,0.000283909059362486,0.0009056143462657928,0.0009980592876672745,6600.0,7999.0,0.0,11407.172514709187,2274.0134022941115,0.1552669107913971,new
MLP,0.01,10,8.0,0.06200665608048439,0.0,0.006803425028920174,0.04275870323181152,0.04398070648312569,3000.0,7999.0,0.0,12760.11884159993,2680.3342299015717,0.16295787692070007,new
MLP,0.01,10,12.0,0.06200665608048439,0.0,0.004621297586709261,0.027820531278848648,0.028645802289247513,3200.0,7999.0,0.0,13615.120861764877,2208.7251592727266,0.16782258450984955,new
MLP,0.01,15,1.0,0.002759512048214674,1.0,0.0730346068739891,0.10286968946456909,0.03573577478528023,0.0,7999.0,0.0,3820.5561287840223,1844.308224124385,0.6525180339813232,new
MLP,0.01,15,2.0,0.002759512048214674,1.0,0.0009332822519354522,0.00430278480052948,0.004205205012112856,7999.0,7999.0,0.0,5105.263856353421,18619.935933140918,0.6562308073043823,new
MLP,0.01,15,3.0,0.002759512048214674,1.0,0.0005243681371212006,0.0009680986404418945,0.0004984568222425878,5600.0,7999.0,0.0,5783.308171580945,8604.566200785814,0.6579782962799072,new
MLP,0.01,15,5.0,0.002759512048214674,1.0,0.002609919523820281,0.004661738872528076,0.005422612186521292,200.0,7999.0,0.0,6480.938937661825,18671.96301597785,0.659654974937439,new
MLP,0.01,15,8.0,0.002759512048214674,1.0,0.0020162661094218493,0.011050388216972351,0.012773075141012669,1000.0,7999.0,0.0,6955.52342470291,623333.4570922676,0.6607345938682556,new
MLP,0.01,15,12.0,0.002759512048214674,1.0,0.0023397456388920546,0.0056656599044799805,0.006605326663702726,600.0,7999.0,0.0,7250.952530620943,9860.189607054412,0.6613840460777283,new
MLP,0.01,20,1.0,0.014192947186529636,1.0,0.0004782283795066178,0.003976564854383469,0.00409472594037652,7800.0,7999.0,0.0,1053.1710437946674,16817.90969785871,0.6882063150405884,new
MLP,0.01,20,2.0,0.014192947186529636,1.0,0.0008942976710386574,0.001462697982788086,0.001329833990894258,7999.0,7999.0,0.0,1342.294456398999,4600.289234375449,0.6857653856277466,new
MLP,0.01,20,3.0,0.014192947186529636,1.0,0.01664385385811329,0.14251664280891418,0.14845502376556396,200.0,7999.0,0.0,1479.2581609886342,1892.9968644094533,0.6849352121353149,new
MLP,0.01,20,5.0,0.014192947186529636,1.0,0.0007758929277770221,0.005752766504883766,0.006043598055839539,2800.0,7999.0,0.0,1610.8235161168125,1193.520017118602,0.6842731237411499,new
MLP,0.01,20,8.0,0.014192947186529636,1.0,0.004314186982810497,0.006202638149261475,0.0031190786976367235,1400.0,7999.0,0.0,1695.5126776013537,1243.514847697944,0.6839034557342529,new
MLP,0.01,20,12.0,0.014192947186529636,1.0,0.0033032905776053667,0.010113298892974854,0.009916175156831741,400.0,7999.0,0.0,1746.4344911691353,5134.218941154955,0.683699369430542,new
MLP,0.01,25,1.0,0.0006796329980716109,1.0,0.0008589961798861623,0.005068706348538399,0.005174647085368633,2800.0,7999.0,0.0,7977.782388720597,12902.318709285764,0.7647762894630432,new
MLP,0.01,25,2.0,0.0006796329980716109,1.0,0.0545501708984375,0.07879948616027832,0.0512382872402668,0.0,7999.0,0.0,12345.356427455576,2306.465131972618,0.7327435612678528,new
MLP,0.01,25,3.0,0.0006796329980716109,1.0,0.054422467947006226,0.07883262634277344,0.05213998258113861,0.0,7999.0,0.0,15006.904503679058,2491.5624711660676,0.7147650122642517,new
MLP,0.01,25,5.0,0.0006796329980716109,1.0,0.05440302565693855,0.07890057563781738,0.05250946059823036,0.0,7999.0,0.0,18009.312586777258,2663.9502593481548,0.6953834295272827,new
MLP,0.01,25,8.0,0.0006796329980716109,1.0,0.054245539009571075,0.07872724533081055,0.05333258584141731,0.0,7999.0,0.0,20206.71759883342,2799.947136296789,0.6816521286964417,new
MLP,0.01,25,12.0,0.0006796329980716109,1.0,0.010388764552772045,0.05085127428174019,0.05304349586367607,200.0,7999.0,0.0,21638.32460860029,3513.602004612729,0.6728718280792236,new
MLP,0.01,30,1.0,0.0011561253340914845,1.0,0.003100732108578086,0.025514831766486168,0.026850754395127296,200.0,7999.0,0.0,940.0526340095932,34939.11125346248,0.8522781729698181,new
MLP,0.01,30,2.0,0.0011561253340914845,1.0,0.000571498938370496,0.003126285970211029,0.0032894189935177565,400.0,7999.0,0.0,1304.4357298611303,38975.27912312809,0.8531140089035034,new
MLP,0.01,30,3.0,0.0011561253340914845,1.0,0.0025115637108683586,0.021257309243083,0.022148629650473595,1000.0,7999.0,0.0,1491.9297137132762,518296.9245442464,0.8534350395202637,new
MLP,0.01,30,5.0,0.0011561253340914845,1.0,0.0012137368321418762,0.009100155904889107,0.009247771464288235,2600.0,7999.0,0.0,1681.1776450756004,8874.942675547712,0.8537017703056335,new
MLP,0.01,30,8.0,0.0011561253340914845,1.0,0.05431945621967316,0.07742691040039062,0.023692315444350243,0.0,7999.0,0.0,1807.7978397710915,3345.563520679399,0.8538525700569153,new
MLP,0.01,30,12.0,0.0011561253340914845,1.0,0.05429898947477341,0.07748007774353027,0.023694243282079697,0.0,7999.0,0.0,1885.76018108743,3476.572953435218,0.8539354205131531,new
MLP,0.01,35,1.0,0.025830814614892006,1.0,0.05567547678947449,0.3278847336769104,0.3324614465236664,0.0,7999.0,0.0,33439.022157867905,4931.022408992282,0.29752853512763977,new
MLP,0.01,35,2.0,0.025830814614892006,1.0,0.02623288333415985,0.2239621877670288,0.23387663066387177,200.0,7999.0,0.0,38597.03013958706,6858.50739237888,0.27068114280700684,new
MLP,0.01,35,3.0,0.025830814614892006,1.0,0.001493294956162572,0.0067224521189928055,0.006743885576725006,3200.0,7999.0,0.0,40706.85478110482,3000.4080363225908,0.2594798803329468,new
MLP,0.01,35,5.0,0.025830814614892006,1.0,0.020828982815146446,0.11834784597158432,0.1211543157696724,200.0,7999.0,0.0,42562.845608021744,4690.38035919369,0.24948644638061523,new
MLP,0.01,35,8.0,0.025830814614892006,1.0,0.011469381861388683,0.09869379550218582,0.1014399603009224,400.0,7999.0,0.0,43677.743773827744,181835.8428806217,0.24341104924678802,new
MLP,0.01,35,12.0,0.025830814614892006,1.0,0.005674460902810097,0.03430533409118652,0.03622228652238846,600.0,7999.0,0.0,44320.26026151381,3507.3904237624433,0.2398827224969864,new
MLP,0.01,40,1.0,0.0031854351982474327,1.0,0.0021914883982390165,0.016286730766296387,0.01698564551770687,2800.0,7999.0,0.0,236.5466484029963,413.99630582586906,0.053856369107961655,new
MLP,0.01,40,2.0,0.0031854351982474327,1.0,0.06440587341785431,0.09704029560089111,0.021841583773493767,0.0,7999.0,0.0,289.1183979664537,1087.2973167532195,0.03412127122282982,new
MLP,0.01,40,3.0,0.0031854351982474327,1.0,0.06435511261224747,0.09701418876647949,0.022325128316879272,0.0,7999.0,0.0,313.9551161208887,1220.5968628783187,0.026411540806293488,new
MLP,0.01,40,5.0,0.0031854351982474327,1.0,0.06430575251579285,0.09700822830200195,0.022869976237416267,0.0,7999.0,0.0,337.8003871456949,1341.5721706016657,0.019739650189876556,new
MLP,0.01,40,8.0,0.0031854351982474327,1.0,0.06428159773349762,0.09700179100036621,0.02300667203962803,0.0,7999.0,0.0,353.15004206782675,1420.6296359817877,0.015766598284244537,new
MLP,0.01,40,12.0,0.0031854351982474327,1.0,0.06427302956581116,0.09700000286102295,0.023079121485352516,0.0,7999.0,0.0,362.38097462323407,1466.5536513947823,0.013485288247466087,new
MLP,0.01,45,1.0,0.00257352483458817,1.0,0.0014215032570064068,0.010835760273039341,0.011334680952131748,4200.0,7999.0,0.0,150.6020091738479,986.2779438974571,-0.850456714630127,new
MLP,0.01,45,2.0,0.00257352483458817,1.0,0.0008223214535973966,0.001512289047241211,0.0008512023487128317,600.0,7999.0,0.0,140.64019532376918,2508.9186292697323,-0.8460909128189087,new
MLP,0.01,45,3.0,0.00257352483458817,1.0,0.0002943171130027622,0.0005091428756713867,0.0005600950098596513,4400.0,7999.0,0.0,137.15961027964602,5347.538007712619,-0.8432276248931885,new
MLP,0.01,45,5.0,0.00257352483458817,1.0,0.0008673180127516389,0.005941987037658691,0.006447342690080404,600.0,7999.0,0.0,134.34115859111273,53438.10700245393,-0.8401713371276855,new
MLP,0.01,45,8.0,0.00257352483458817,1.0,0.0014814153546467423,0.008025065064430237,0.007907440885901451,600.0,7999.0,0.0,132.74957698161128,16478.867573263895,-0.8380854725837708,new
MLP,0.01,45,12.0,0.00257352483458817,1.0,0.009168634191155434,0.037269748747348785,0.03860868513584137,200.0,7999.0,0.0,131.8654972157828,960.5394134152396,-0.8367952108383179,new
MLP,0.01,50,1.0,0.015996314585208893,1.0,0.0036764731630682945,0.03152895346283913,0.032818619161844254,7400.0,7999.0,0.0,32422.685827637335,5501.365849541828,0.22338929772377014,new
MLP,0.01,50,2.0,0.015996314585208893,1.0,0.003921407740563154,0.03223864361643791,0.033737245947122574,3800.0,7999.0,0.0,36749.55712530957,2746.688232318356,0.19861194491386414,new
MLP,0.01,50,3.0,0.015996314585208893,1.0,0.0016041287453845143,0.013332026079297066,0.013768693432211876,2000.0,7999.0,0.0,38561.00934404764,4428.330791140334,0.1885003298521042,new
MLP,0.01,50,5.0,0.015996314585208893,1.0,0.0032482752576470375,0.027427025139331818,0.028600016608834267,800.0,7999.0,0.0,40182.271372265284,1542.2033885462113,0.17956151068210602,new
MLP,0.01,50,8.0,0.015996314585208893,1.0,0.009165793657302856,0.01281583309173584,0.00994175300002098,1600.0,7999.0,0.0,41170.80772528778,2175.1885608761145,0.17415830492973328,new
MLP,0.01,50,12.0,0.015996314585208893,1.0,0.010770638473331928,0.07761818915605545,0.0806165561079979,400.0,7999.0,0.0,41746.01895482825,2201.295262176561,0.17102956771850586,new
MLP,0.03,0,1.0,0.001684088259935379,1.0,0.00035456655314192176,0.0015519224107265472,0.0016604176489636302,1600.0,7999.0,0.0,970.7178577089271,107.32122333967337,0.5611755847930908,new
MLP,0.03,0,2.0,0.001684088259935379,1.0,0.002702323952689767,0.004356026649475098,0.0023167249746620655,1200.0,7999.0,0.0,1318.1112278813075,167.09994826177595,0.5553045868873596,new
MLP,0.03,0,3.0,0.001684088259935379,1.0,0.0005413248436525464,0.0009270906448364258,0.0007783694309182465,1000.0,7999.0,0.0,1514.4956267742107,470.68773192358896,0.5527096390724182,new
MLP,0.03,0,5.0,0.001684088259935379,1.0,0.0008631220553070307,0.0029139965772628784,0.0031468146480619907,600.0,7999.0,0.0,1726.5239832414698,146.6954509441207,0.5502843856811523,new
MLP,0.03,0,8.0,0.001684088259935379,1.0,0.0015095211565494537,0.0023049116134643555,0.0016373328398913145,800.0,7999.0,0.0,1876.763599027404,249.26205892134928,0.5487461090087891,new
MLP,0.03,0,12.0,0.001684088259935379,1.0,0.003502757055684924,0.0053217411041259766,0.002693725982680917,200.0,7999.0,0.0,1972.8154642326112,226.21215078072592,0.547826886177063,new
MLP,0.03,5,1.0,0.00353574869222939,1.0,0.005605880171060562,0.0270346961915493,0.028469501063227654,200.0,7999.0,0.0,79.58701153313054,63.812612987755244,0.8718863725662231,new
MLP,0.03,5,2.0,0.00353574869222939,1.0,0.0011291998671367764,0.004291340708732605,0.004520467948168516,200.0,7999.0,0.0,95.74522611968835,2.8987818730190433,0.8744446635246277,new
MLP,0.03,5,3.0,0.00353574869222939,1.0,0.00017875914636533707,0.00033038854598999023,8.285286457976326e-05,2400.0,7999.0,0.0,103.8996417619052,123.43951898676299,0.8756038546562195,new
MLP,0.03,5,5.0,0.00353574869222939,1.0,0.0019790411461144686,0.00690169632434845,0.007522319443523884,2400.0,7999.0,0.0,112.07536960407462,185.42345308953188,0.8766962289810181,new
MLP,0.03,5,8.0,0.00353574869222939,1.0,0.0011501789558678865,0.004362724721431732,0.004443993791937828,1000.0,7999.0,0.0,117.52859341678445,222.18126447562832,0.8773910999298096,new
MLP,0.03,5,12.0,0.00353574869222939,1.0,0.003922478761523962,0.004987478256225586,0.002904436318203807,1400.0,7999.0,0.0,120.88300142201487,109.86787623994928,0.8778066039085388,new
MLP,0.03,10,1.0,0.02682628110051155,1.0,0.014059655368328094,0.06810906529426575,0.07176312059164047,7800.0,7999.0,0.0,84.47064187847089,97.81172253628506,0.903820276260376,new
MLP,0.03,10,2.0,0.02682628110051155,1.0,0.015478452667593956,0.07494474202394485,0.07894954085350037,7999.0,7999.0,0.0,99.67998020822274,115.63368084004586,0.9005634784698486,new
MLP,0.03,10,3.0,0.02682628110051155,1.0,0.016587354242801666,0.08046384900808334,0.0846995860338211,7600.0,7999.0,0.0,107.32304204334083,195.61339024961225,0.8991360664367676,new
MLP,0.03,10,5.0,0.02682628110051155,1.0,0.013191443867981434,0.06405279040336609,0.06737440824508667,7400.0,7999.0,0.0,114.96949185033398,4712.174946230979,0.8978186845779419,new
MLP,0.03,10,8.0,0.02682628110051155,1.0,0.022978071123361588,0.11135231703519821,0.1173032596707344,200.0,7999.0,0.0,120.06206033310586,609.6059532033579,0.8969945907592773,new
MLP,0.03,10,12.0,0.02682628110051155,1.0,0.02198801562190056,0.10489495098590851,0.11016800999641418,600.0,7999.0,0.0,123.1919959134107,131.57206309463385,0.8965069651603699,new
MLP,0.03,15,1.0,0.031625956296920776,1.0,0.06704071164131165,0.12988336384296417,0.1297377049922943,0.0,7999.0,0.0,94.32163913122693,158.94997838305855,0.844200611114502,new
MLP,0.03,15,2.0,0.031625956296920776,1.0,0.06685992330312729,0.12944276630878448,0.12924513220787048,0.0,7999.0,0.0,119.68401781229313,208.5386145296171,0.8387036919593811,new
MLP,0.03,15,3.0,0.031625956296920776,1.0,0.06674113124608994,0.12921352684497833,0.12893684208393097,0.0,7999.0,0.0,132.51924275372096,234.1844650620951,0.8364850878715515,new
MLP,0.03,15,5.0,0.031625956296920776,1.0,0.06669650226831436,0.12925124168395996,0.12894907593727112,0.0,7999.0,0.0,145.38644227358614,258.82268212618106,0.834531307220459,new
MLP,0.03,15,8.0,0.031625956296920776,1.0,0.06666851043701172,0.1292436718940735,0.12892253696918488,0.0,7999.0,0.0,153.961266832378,275.1547427982074,0.8333524465560913,new
MLP,0.03,15,12.0,0.031625956296920776,1.0,0.06663771718740463,0.1293008178472519,0.12897425889968872,0.0,7999.0,0.0,159.23107892305413,286.64873008893477,0.8326703906059265,new
MLP,0.03,20,1.0,0.0005532288923859596,1.0,0.00012776193034369498,0.0003817528486251831,0.0004014468868263066,1000.0,7999.0,0.0,80.5052939291789,126.76167666362464,0.4442991018295288,new
MLP,0.03,20,2.0,0.0005532288923859596,1.0,0.0004685257445089519,0.0011025816202163696,0.0011883035767823458,1000.0,7999.0,0.0,98.13532325481472,78.56342612401728,0.4244573712348938,new
MLP,0.03,20,3.0,0.0005532288923859596,1.0,0.0006836274988017976,0.0032811500132083893,0.003468676470220089,600.0,7999.0,0.0,106.84201588618171,211.69032660850135,0.4161226153373718,new
MLP,0.03,20,5.0,0.0005532288923859596,1.0,0.0003861326549667865,0.0018904395401477814,0.0019494653679430485,6000.0,7999.0,0.0,115.44197236554135,808.8879285355747,0.4086095094680786,new
MLP,0.03,20,8.0,0.0005532288923859596,1.0,0.00019920921477023512,0.0009021610021591187,0.0009386230376549065,6800.0,7999.0,0.0,121.1064540272308,5554.063208405618,0.40399283170700073,new
MLP,0.03,20,12.0,0.0005532288923859596,1.0,0.0004008751711808145,0.0007058382034301758,0.00034966133534908295,1000.0,7999.0,0.0,124.56257605341192,279.2149043022896,0.40129104256629944,new
MLP,0.03,25,1.0,0.013117402791976929,1.0,0.008077023550868034,0.039017483592033386,0.041086722165346146,200.0,7999.0,0.0,1207.141899432889,38.311168097316845,-0.9004905223846436,new
MLP,0.03,25,2.0,0.013117402791976929,1.0,0.003921823110431433,0.01885882019996643,0.01985771395266056,200.0,7999.0,0.0,1306.5077371690868,1819.9494201025598,-0.9182912111282349,new
MLP,0.03,25,3.0,0.013117402791976929,1.0,0.006584751885384321,0.03182658925652504,0.033517420291900635,200.0,7999.0,0.0,1344.626673393417,64.49869680451881,-0.9238693714141846,new
MLP,0.03,25,5.0,0.013117402791976929,1.0,0.004285461734980345,0.02020038291811943,0.02142946422100067,200.0,7999.0,0.0,1376.5128414835574,129.02526788127832,-0.9278233647346497,new
MLP,0.03,25,8.0,0.013117402791976929,1.0,0.006893931422382593,0.033266209065914154,0.0348619744181633,200.0,7999.0,0.0,1394.7874914225351,199.10265762741795,-0.92972731590271,new
MLP,0.03,25,12.0,0.013117402791976929,1.0,0.002328019356355071,0.010813869535923004,0.011436018161475658,200.0,7999.0,0.0,1404.9808311254499,64.2386561661428,-0.9306519627571106,new
MLP,0.03,30,1.0,0.0018000741256400943,1.0,0.0025708742905408144,0.012297727167606354,0.012963958084583282,200.0,7999.0,0.0,233.18276347304146,86.62397192791755,0.708696186542511,new
MLP,0.03,30,2.0,0.0018000741256400943,1.0,0.00127599376719445,0.006217452697455883,0.006493131630122662,3600.0,7999.0,0.0,281.9594986176316,354.34378629686523,0.6914616823196411,new
MLP,0.03,30,3.0,0.0018000741256400943,1.0,0.0010724238818511367,0.0024725794792175293,0.0026319362223148346,1400.0,7999.0,0.0,306.58430879005175,123.43752284942516,0.6838611364364624,new
MLP,0.03,30,5.0,0.0018000741256400943,1.0,0.0028051971457898617,0.0057831257581710815,0.006604533642530441,1200.0,7999.0,0.0,331.26924175705096,152.04322476153433,0.676816463470459,new
MLP,0.03,30,8.0,0.0018000741256400943,1.0,0.004066093824803829,0.018917463719844818,0.02024157904088497,400.0,7999.0,0.0,347.7292572806322,633.434732404138,0.6723934412002563,new
MLP,0.03,30,12.0,0.0018000741256400943,1.0,0.05557103827595711,0.09232425689697266,0.05701955780386925,0.0,7999.0,0.0,357.8514543265203,407.9185611042416,0.6697710752487183,new
MLP,0.03,35,1.0,0.007704777643084526,1.0,0.009095478802919388,0.044047512114048004,0.046398527920246124,200.0,7999.0,0.0,108.34081805907336,195.80349962296125,0.9358906745910645,new
MLP,0.03,35,2.0,0.007704777643084526,1.0,0.005044211633503437,0.02439107373356819,0.025681618601083755,200.0,7999.0,0.0,131.7402649539942,220.97391147087805,0.9348135590553284,new
MLP,0.03,35,3.0,0.007704777643084526,1.0,0.04248426854610443,0.06351405382156372,0.04693401977419853,0.0,7999.0,0.0,143.57333812991945,295.86130362231734,0.9343938231468201,new
MLP,0.03,35,5.0,0.007704777643084526,1.0,0.006251441314816475,0.030258646234869957,0.031859658658504486,200.0,7999.0,0.0,155.44787745870153,32.765605850440494,0.9340386390686035,new
MLP,0.03,35,8.0,0.007704777643084526,1.0,0.004838698077946901,0.023405620828270912,0.0236071590334177,200.0,7999.0,0.0,163.37259866612752,1363.2375597058776,0.9338332414627075,new
MLP,0.03,35,12.0,0.007704777643084526,1.0,0.0013572369934991002,0.0026921629905700684,0.0013517020270228386,600.0,7999.0,0.0,168.24859713801013,681.477987675137,0.9337179660797119,new
MLP,0.03,40,1.0,0.0018735331250354648,1.0,0.025633899495005608,0.054573118686676025,0.03874040022492409,0.0,7999.0,0.0,1780.2036253775846,6075.043876210726,0.32534098625183105,new
MLP,0.03,40,2.0,0.0018735331250354648,1.0,0.02435136027634144,0.04935765266418457,0.037661273032426834,0.0,7999.0,0.0,2210.96752565044,18771.582576135064,0.3229384422302246,new
MLP,0.03,40,3.0,0.0018735331250354648,1.0,0.024336298927664757,0.04628568887710571,0.0368163026869297,0.0,7999.0,0.0,2419.375571576042,21290.329235190737,0.31939390301704407,new
MLP,0.03,40,5.0,0.0018735331250354648,1.0,0.024773171171545982,0.048767924308776855,0.036590173840522766,0.0,7999.0,0.0,2621.6690021092713,17301.501783722382,0.3148893117904663,new
MLP,0.03,40,8.0,0.0018735331250354648,1.0,0.00358391716144979,0.00540614128112793,0.0024204631336033344,2200.0,7999.0,0.0,2752.789152801607,238.22727687465076,0.3115031123161316,new
MLP,0.03,40,12.0,0.0018735331250354648,1.0,0.002699590288102627,0.010709639638662338,0.011110127903521061,1200.0,7999.0,0.0,2831.914010277413,188.16316697761343,0.3093034029006958,new
MLP,0.03,45,1.0,0.0013232585042715073,1.0,0.0017436742782592773,0.008400620892643929,0.008804868906736374,200.0,7999.0,0.0,81.35920053986857,9874.246062787637,0.8768986463546753,new
MLP,0.03,45,2.0,0.0013232585042715073,1.0,0.000985154416412115,0.004345957189798355,0.004623832646757364,200.0,7999.0,0.0,101.32530131116143,169.11397707557748,0.8792750835418701,new
MLP,0.03,45,3.0,0.0013232585042715073,1.0,0.0007312002708204091,0.003232136368751526,0.0033944202587008476,200.0,7999.0,0.0,111.58255475271775,436.517436626075,0.8801596760749817,new
MLP,0.03,45,5.0,0.0013232585042715073,1.0,0.0011129940394312143,0.0017803311347961426,0.0016713403165340424,200.0,7999.0,0.0,121.97726533314973,528.7591202441879,0.8808947801589966,new
MLP,0.03,45,8.0,0.0013232585042715073,1.0,0.004819897003471851,0.023677418008446693,0.024617118760943413,200.0,7999.0,0.0,128.96883724344883,1015.6994176417375,0.8813157677650452,new
MLP,0.03,45,12.0,0.0013232585042715073,1.0,0.008317728526890278,0.03735266625881195,0.03987497463822365,200.0,7999.0,0.0,133.29173343992275,288.0665322995458,0.8815507292747498,new
MLP,0.03,50,1.0,0.012236577458679676,1.0,0.005010339431464672,0.02355419285595417,0.024745579808950424,7200.0,7999.0,0.0,129.0660343937696,153.7440085252486,0.9583648443222046,new
MLP,0.03,50,2.0,0.012236577458679676,1.0,0.00037164741661399603,0.0013460740447044373,0.001486924709752202,2600.0,7999.0,0.0,161.00901991112505,338.6050431721161,0.9577417969703674,new
MLP,0.03,50,3.0,0.012236577458679676,1.0,0.000866639253217727,0.0041314177215099335,0.0043368046171963215,2200.0,7999.0,0.0,177.20676743775195,386.43931081984334,0.957457423210144,new
MLP,0.03,50,5.0,0.012236577458679676,1.0,0.0007020768243819475,0.0028407610952854156,0.0030109721701592207,1800.0,7999.0,0.0,193.47805208999768,181.65439396054205,0.9571895599365234,new
MLP,0.03,50,8.0,0.012236577458679676,1.0,0.0029708466026932,0.014637170359492302,0.015163837000727654,1600.0,7999.0,0.0,204.34270726923873,16296.46818718837,0.9570196270942688,new
MLP,0.03,50,12.0,0.012236577458679676,1.0,0.004417289514094591,0.016382072120904922,0.01576804928481579,600.0,7999.0,0.0,211.02889907791328,1252.9762242287877,0.956918478012085,new
MLP,0.05,0,1.0,0.05565938353538513,1.0,0.05279034748673439,0.1949552297592163,0.20355966687202454,6400.0,7999.0,0.0,165.80284292930452,1938.9425004515033,0.5375613570213318,new
MLP,0.05,0,2.0,0.05565938353538513,1.0,0.049400173127651215,0.18123263120651245,0.19026046991348267,7800.0,7999.0,0.0,218.65533113540926,30.953953902692778,0.5118758082389832,new
MLP,0.05,0,3.0,0.05565938353538513,1.0,0.05136843025684357,0.18845707178115845,0.19784832000732422,7999.0,7999.0,0.0,247.20062625725512,17.388144469217938,0.5007486939430237,new
MLP,0.05,0,5.0,0.05565938353538513,1.0,0.04904356226325035,0.1800025999546051,0.18890170753002167,7800.0,7999.0,0.0,277.05853740095756,17.904761783896202,0.49050724506378174,new
MLP,0.05,0,8.0,0.05565938353538513,1.0,0.04869936406612396,0.17904654145240784,0.187475323677063,7400.0,7999.0,0.0,297.65765897913815,32.09249537786909,0.48410099744796753,new
MLP,0.05,0,12.0,0.05565938353538513,1.0,0.05150015652179718,0.18891339004039764,0.19833318889141083,7800.0,7999.0,0.0,310.5994033700332,20.04029553816959,0.4803081154823303,new
MLP,0.05,10,1.0,0.02683185413479805,1.0,0.025323139503598213,0.09307626634836197,0.09757917374372482,4400.0,7999.0,0.0,20.020674454489658,782.728382594982,0.8793839812278748,new
MLP,0.05,10,2.0,0.02683185413479805,1.0,0.022994905710220337,0.08436185866594315,0.08857015520334244,7600.0,7999.0,0.0,23.93443291323311,30.327601789375148,0.8679609298706055,new
MLP,0.05,10,3.0,0.02683185413479805,1.0,0.023279843851923943,0.08550237119197845,0.08969138562679291,5600.0,7999.0,0.0,25.919415055700554,120.08021455783246,0.863020122051239,new
MLP,0.05,10,5.0,0.02683185413479805,1.0,0.02566857822239399,0.09429281204938889,0.0988997370004654,6200.0,7999.0,0.0,27.91585484434437,20.912389786619983,0.8585091829299927,new
MLP,0.05,10,8.0,0.02683185413479805,1.0,0.05620477721095085,0.10047242045402527,0.10131153464317322,0.0,7999.0,0.0,29.250879401189206,39.39872984595946,0.8557147979736328,new
MLP,0.05,10,12.0,0.02683185413479805,1.0,0.018290257081389427,0.06720148026943207,0.07047437131404877,1000.0,7999.0,0.0,30.073397702034043,19.946155204356515,0.8540728092193604,new
MLP,0.05,20,1.0,0.003506158944219351,1.0,0.04962838441133499,0.07983636856079102,0.0440560057759285,0.0,7999.0,0.0,50.44439737039577,25.236257841187136,-0.9757596850395203,new
MLP,0.05,20,2.0,0.003506158944219351,1.0,0.04966126009821892,0.07699483633041382,0.04139380156993866,0.0,7999.0,0.0,76.39158010991149,24.671764385714788,-0.9658499360084534,new
MLP,0.05,20,3.0,0.003506158944219351,1.0,0.04945243149995804,0.07567375898361206,0.04038624092936516,0.0,7999.0,0.0,95.28726747593068,24.915012572873913,-0.9570778012275696,new
MLP,0.05,20,5.0,0.003506158944219351,1.0,0.04917865991592407,0.07394528388977051,0.03958228603005409,0.0,7999.0,0.0,120.04309182023636,24.63521677259494,-0.9443237781524658,new
MLP,0.05,20,8.0,0.003506158944219351,1.0,0.049181509763002396,0.0731813907623291,0.039566636085510254,0.0,7999.0,0.0,140.81956752457572,24.899778009206113,-0.9327548742294312,new
MLP,0.05,20,12.0,0.003506158944219351,1.0,0.0002301298372913152,0.0008064135909080505,0.000848105875775218,1800.0,7999.0,0.0,155.69834377223663,57.309572800647196,-0.9240527153015137,new
MLP,0.05,30,1.0,0.005560810677707195,1.0,0.0007946265395730734,0.002749948762357235,0.002888547256588936,200.0,7999.0,0.0,67.45467466473083,97.91024884038792,-0.9147080183029175,new
MLP,0.05,30,2.0,0.005560810677707195,1.0,0.0008931875345297158,0.0030883923172950745,0.0032549186144024134,200.0,7999.0,0.0,86.92097422417523,78.04686637305633,-0.9124730825424194,new
MLP,0.05,30,3.0,0.005560810677707195,1.0,0.0018848992185667157,0.006777678616344929,0.007150983903557062,200.0,7999.0,0.0,99.42342059224498,133.64100448281516,-0.9109688401222229,new
MLP,0.05,30,5.0,0.005560810677707195,1.0,0.0026615133974701166,0.009544066153466702,0.010075587779283524,200.0,7999.0,0.0,114.3778833769165,57.10409864461756,-0.9091415405273438,new
MLP,0.05,30,8.0,0.005560810677707195,1.0,0.003613283159211278,0.009063102304935455,0.009627124294638634,200.0,7999.0,0.0,126.01310944232851,23.63221275637945,-0.9077078104019165,new
MLP,0.05,30,12.0,0.005560810677707195,1.0,0.0033393355552107096,0.004472881555557251,0.005252579227089882,200.0,7999.0,0.0,133.95141241581413,18.936010212335134,-0.9067246913909912,new
MLP,0.05,40,1.0,0.009129063226282597,1.0,0.0004793439293280244,0.0017580613493919373,0.001831574598327279,1400.0,7999.0,0.0,29.32494150138773,173.52839223139617,0.8317230939865112,new
MLP,0.05,40,2.0,0.009129063226282597,1.0,0.0006769903702661395,0.0023640450090169907,0.0025532557629048824,1600.0,7999.0,0.0,34.232906510479076,330.81393849247866,0.8279526829719543,new
MLP,0.05,40,3.0,0.009129063226282597,1.0,0.00011671133688651025,0.0001876354217529297,0.0001464875094825402,3600.0,7999.0,0.0,36.69614390316571,87.92760562665686,0.8263400197029114,new
MLP,0.05,40,5.0,0.009129063226282597,1.0,0.002314976416528225,0.008299605920910835,0.008755396120250225,3600.0,7999.0,0.0,39.158985721482765,39.74713899024911,0.824874997138977,new
MLP,0.05,40,8.0,0.009129063226282597,1.0,0.002279715146869421,0.008204009383916855,0.008640158921480179,3800.0,7999.0,0.0,40.79858491438244,29.266566023390993,0.8239701390266418,new
MLP,0.05,40,12.0,0.009129063226282597,1.0,0.00376245123334229,0.013542430475354195,0.014289392158389091,3000.0,7999.0,0.0,41.80606910399646,41.52098072776973,0.8234391808509827,new
Hi,0.1,0,1.0,0.08221347630023956,0.0,0.047640442848205566,0.11207050085067749,0.11694920808076859,7400.0,7999.0,0.0,24.0103659140025,427.32222349359944,0.09093675762414932,new
Hi,0.1,0,2.0,0.08221347630023956,0.0,0.04976649954915047,0.11499279737472534,0.12029987573623657,4200.0,7999.0,0.0,29.88635620521799,244.1634633386827,0.08553130179643631,new
Hi,0.1,0,3.0,0.08221347630023956,0.0,0.04453112185001373,0.10380734503269196,0.10916495323181152,7800.0,7999.0,0.0,32.98598361127174,540.6269334333244,0.08315987139940262,new
Hi,0.1,0,5.0,0.08221347630023956,0.0,0.04817408323287964,0.10647743940353394,0.11305314302444458,3400.0,7999.0,0.0,36.17820515597043,320.60080013014715,0.0809701457619667,new
Hi,0.1,0,8.0,0.08221347630023956,0.0,0.04587377607822418,0.10204386711120605,0.10810617357492447,6600.0,7999.0,0.0,38.352440566125004,470.5491934422277,0.079599529504776,new
Hi,0.1,0,12.0,0.08221347630023956,0.0,0.050145894289016724,0.11536109447479248,0.12068770080804825,6200.0,7999.0,0.0,39.7071651223622,372.8694349376267,0.0787883922457695,new
Hi,0.1,10,1.0,0.0804653912782669,0.0,0.016546884551644325,0.027572691440582275,0.03319471329450607,6600.0,7999.0,0.0,0.5924922231877943,120.28458191097158,-0.023450631648302078,new
Hi,0.1,10,2.0,0.0804653912782669,0.0,0.014972059056162834,0.02710115909576416,0.03196216747164726,7800.0,7999.0,0.0,0.7848512976529629,214.47022737959105,-0.022320298478007317,new
Hi,0.1,10,3.0,0.0804653912782669,0.0,0.02636958844959736,0.04648691415786743,0.052281856536865234,7800.0,7999.0,0.0,0.8937578839106421,146.97903081446486,-0.021698176860809326,new
Hi,0.1,10,5.0,0.0804653912782669,0.0,0.02565079927444458,0.04236185550689697,0.051159825176000595,3800.0,7999.0,0.0,1.0114846311824175,102.69635346369162,-0.021044665947556496,new
Hi,0.1,10,8.0,0.0804653912782669,0.0,0.02493918128311634,0.04167342185974121,0.05100174993276596,6000.0,7999.0,0.0,1.0949911524659448,88.09332944098743,-0.020593300461769104,new
Hi,0.1,10,12.0,0.0804653912782669,0.0,0.027914727106690407,0.047452330589294434,0.05477020516991615,6600.0,7999.0,0.0,1.1484138029359099,143.1269264759795,-0.020309731364250183,new
Hi,0.1,20,1.0,0.07437673956155777,0.0,0.017244867980480194,0.03110826015472412,0.03539342060685158,7000.0,7999.0,0.0,25.204472725549618,427.8816180796341,0.16503185033798218,new
Hi,0.1,20,2.0,0.07437673956155777,0.0,0.01740115135908127,0.029192805290222168,0.035379063338041306,4200.0,7999.0,0.0,30.723769081168854,40.164964291650094,0.15872961282730103,new
Hi,0.1,20,3.0,0.07437673956155777,0.0,0.019485509023070335,0.031163334846496582,0.03844926506280899,7999.0,7999.0,0.0,33.5145682231671,253.15252851366796,0.15604168176651,new
Hi,0.1,20,5.0,0.07437673956155777,0.0,0.020900851115584373,0.036215364933013916,0.041303981095552444,7600.0,7999.0,0.0,36.31037442376179,252.60792118158614,0.15360167622566223,new
Hi,0.1,20,8.0,0.07437673956155777,0.0,0.01947244442999363,0.040184974670410156,0.04346457123756409,7000.0,7999.0,0.0,38.172147656014054,125.70312378527429,0.15209512412548065,new
Hi,0.1,20,12.0,0.07437673956155777,0.0,0.02318204566836357,0.0428122878074646,0.04786059632897377,5800.0,7999.0,0.0,39.315701286331574,176.5059119804139,0.15121106803417206,new
Hi,0.1,30,1.0,0.015381050296127796,1.0,0.019903479143977165,0.03195065259933472,0.032473985105752945,0.0,7999.0,0.0,88.91904037807468,142.7056171076085,0.09084443002939224,new
Hi,0.1,30,2.0,0.015381050296127796,1.0,0.020321499556303024,0.032657086849212646,0.03318079933524132,0.0,7999.0,0.0,106.05262833445201,188.00712969892888,0.0867883488535881,new
Hi,0.1,30,3.0,0.015381050296127796,1.0,0.0208470169454813,0.03347975015640259,0.03380729630589485,0.0,7999.0,0.0,114.63350072122012,216.75349987834517,0.08497004956007004,new
Hi,0.1,30,5.0,0.015381050296127796,1.0,0.020872756838798523,0.03343278169631958,0.03383800759911537,0.0,7999.0,0.0,123.18208714695572,243.8236489903766,0.08326826989650726,new
Hi,0.1,30,8.0,0.015381050296127796,1.0,0.021016322076320648,0.03366708755493164,0.03400462120771408,0.0,7999.0,0.0,128.85031282669462,266.06406213897077,0.08219163864850998,new
Hi,0.1,30,12.0,0.015381050296127796,1.0,0.021078165620565414,0.03372853994369507,0.034088119864463806,0.0,7999.0,0.0,132.32264625439117,278.43560219551415,0.0815502479672432,new
Hi,0.1,40,1.0,0.05846687778830528,1.0,0.012594425119459629,0.021108686923980713,0.02525811828672886,4400.0,7999.0,0.0,8.326100319350003,127.58137470054363,0.04643061012029648,new
Hi,0.1,40,2.0,0.05846687778830528,1.0,0.015022792853415012,0.024378418922424316,0.028660694137215614,2600.0,7999.0,0.0,12.232242656222128,98.06488786326915,0.04328569024801254,new
Hi,0.1,40,3.0,0.05846687778830528,1.0,0.01441033836454153,0.02254408597946167,0.028691528365015984,4800.0,7999.0,0.0,14.677496333516503,146.54972766173708,0.04175754636526108,new
Hi,0.1,40,5.0,0.05846687778830528,1.0,0.018139509484171867,0.02978837490081787,0.03506387397646904,1200.0,7999.0,0.0,17.502758847581237,32.59078822341951,0.04022972285747528,new
Hi,0.1,40,8.0,0.05846687778830528,1.0,0.018346240743994713,0.028432369232177734,0.03517046570777893,5800.0,7999.0,0.0,19.617068425334082,189.17718162630294,0.039201389998197556,new
Hi,0.1,40,12.0,0.05846687778830528,1.0,0.019917510449886322,0.035045325756073,0.039756130427122116,6400.0,7999.0,0.0,21.01595385322947,165.5864745517957,0.03856173902750015,new
Hi,0.3,0,1.0,0.041048314422369,1.0,0.013546769507229328,0.016836196184158325,0.01506013236939907,7999.0,7999.0,0.0,0.043303413559252484,65.33337463664779,0.3786815404891968,new
Hi,0.3,0,2.0,0.041048314422369,1.0,0.014477919787168503,0.017737627029418945,0.016099339351058006,7000.0,7999.0,0.0,0.04372396403534976,208.4324242612747,0.37952542304992676,new
Hi,0.3,0,3.0,0.041048314422369,1.0,0.011498470790684223,0.014063596725463867,0.012779796496033669,7600.0,7999.0,0.0,0.04393246729968021,169.5484749121291,0.37993571162223816,new
Hi,0.3,0,5.0,0.041048314422369,1.0,0.012324901297688484,0.01527586579322815,0.013701723888516426,6600.0,7999.0,0.0,0.04413976584736939,325.27064713532457,0.38033854961395264,new
Hi,0.3,0,8.0,0.041048314422369,1.0,0.01251220889389515,0.014499306678771973,0.013905325904488564,7200.0,7999.0,0.0,0.04427729482846518,377.22870624725545,0.3806031048297882,new
Hi,0.3,0,12.0,0.041048314422369,1.0,0.012404999695718288,0.013904392719268799,0.013786197640001774,7600.0,7999.0,0.0,0.04436167669452042,384.0172215720282,0.38076430559158325,new
Hi,0.3,10,1.0,0.04095441848039627,1.0,0.018533146008849144,0.021265417337417603,0.020613674074411392,6800.0,7999.0,0.0,8.733377802457657,367.80725961003054,-0.0522417277097702,new
Hi,0.3,10,2.0,0.04095441848039627,1.0,0.020130563527345657,0.023571938276290894,0.0223898496478796,7800.0,7999.0,0.0,8.456676389121585,199.37525974310617,-0.04964921995997429,new
Hi,0.3,10,3.0,0.04095441848039627,1.0,0.022849025204777718,0.0273686945438385,0.025416236370801926,7600.0,7999.0,0.0,8.33043204589668,223.05860045218066,-0.04836242273449898,new
Hi,0.3,10,5.0,0.04095441848039627,1.0,0.0217365063726902,0.025484293699264526,0.024177545681595802,7600.0,7999.0,0.0,8.211524379148642,73.71138708510189,-0.04708518087863922,new
Hi,0.3,10,8.0,0.04095441848039627,1.0,0.022804388776421547,0.027061641216278076,0.025363774970173836,7400.0,7999.0,0.0,8.13607752301876,142.70188075837095,-0.04623999446630478,new
Hi,0.3,10,12.0,0.04095441848039627,1.0,0.02300732396543026,0.02754180133342743,0.025592193007469177,7400.0,7999.0,0.0,8.091099239541503,204.41752648920954,-0.045722756534814835,new
Hi,0.3,20,1.0,0.03805355727672577,1.0,0.017308082431554794,0.020460814237594604,0.019251707941293716,7999.0,7999.0,0.0,397.76168596365403,120.11461974042138,0.05610278248786926,new
Hi,0.3,20,2.0,0.03805355727672577,1.0,0.014638501219451427,0.018279075622558594,0.016281457617878914,7600.0,7999.0,0.0,461.0071773638212,213.0327894794855,0.05063328146934509,new
Hi,0.3,20,3.0,0.03805355727672577,1.0,0.015286733396351337,0.018229812383651733,0.01700366474688053,6600.0,7999.0,0.0,494.00855764788554,98.52157226951687,0.048039741814136505,new
Hi,0.3,20,5.0,0.03805355727672577,1.0,0.014938784763216972,0.018458157777786255,0.016612309962511063,7600.0,7999.0,0.0,527.642910165896,269.75883746388513,0.045537471771240234,new
Hi,0.3,20,8.0,0.03805355727672577,1.0,0.013449338264763355,0.01583746075630188,0.014957635663449764,6800.0,7999.0,0.0,550.2959782531616,498.0445360028164,0.043919291347265244,new
Hi,0.3,20,12.0,0.03805355727672577,1.0,0.01387802604585886,0.016527146100997925,0.015435866080224514,7999.0,7999.0,0.0,564.2880405495816,426.540519394728,0.042943209409713745,new
Hi,0.3,30,1.0,0.04115345701575279,1.0,0.007085270714014769,0.007455885410308838,0.007871770299971104,7200.0,7999.0,0.0,11.479162226526661,81.70801540549544,0.1039370745420456,new
Hi,0.3,30,2.0,0.04115345701575279,1.0,0.007555901538580656,0.008101880550384521,0.008394860662519932,7400.0,7999.0,0.0,12.734131871780082,133.55219322018817,0.10367030650377274,new
Hi,0.3,30,3.0,0.04115345701575279,1.0,0.00623937975615263,0.006522953510284424,0.006932314019650221,5200.0,7999.0,0.0,13.403062252076957,145.7212063811099,0.10340511053800583,new
Hi,0.3,30,5.0,0.04115345701575279,1.0,0.00836143083870411,0.009532451629638672,0.00929317157715559,6600.0,7999.0,0.0,14.099663884929617,192.5394667057275,0.10305710136890411,new
Hi,0.3,30,8.0,0.04115345701575279,1.0,0.007415494415909052,0.007284581661224365,0.008236885070800781,4600.0,7999.0,0.0,14.579402378110618,71.69041995288026,0.10278073698282242,new
Hi,0.3,30,12.0,0.04115345701575279,1.0,0.00799300242215395,0.007748961448669434,0.00888004433363676,2600.0,7999.0,0.0,14.880692877374827,93.81484383167933,0.10259360074996948,new
Hi,0.3,40,1.0,0.03865943104028702,1.0,0.007578748743981123,0.009375065565109253,0.008425292558968067,7800.0,7999.0,0.0,3.186820851297599,206.9465031077729,0.10886941105127335,new
Hi,0.3,40,2.0,0.03865943104028702,1.0,0.010059463791549206,0.012138128280639648,0.011181596666574478,7800.0,7999.0,0.0,3.5905825005992096,286.7417803088961,0.10428214073181152,new
Hi,0.3,40,3.0,0.03865943104028702,1.0,0.008820343762636185,0.010357320308685303,0.009802332147955894,6400.0,7999.0,0.0,3.8068464427742064,36.79595963561669,0.10181434452533722,new
Hi,0.3,40,5.0,0.03865943104028702,1.0,0.011222544126212597,0.0136813223361969,0.01247618068009615,7600.0,7999.0,0.0,4.032707227773383,156.92814059056752,0.09924009442329407,new
Hi,0.3,40,8.0,0.03865943104028702,1.0,0.00966696348041296,0.012182086706161499,0.010747997090220451,7400.0,7999.0,0.0,4.188591167244289,61.58284376899857,0.09746792912483215,new
Hi,0.3,40,12.0,0.03865943104028702,1.0,0.009913850575685501,0.012050896883010864,0.011020337231457233,6400.0,7999.0,0.0,4.286622116480077,52.771178187062766,0.09635606408119202,new
Hi,0.5,0,1.0,0.012480056844651699,1.0,0.0036467688623815775,0.0030383169651031494,0.0036467688623815775,7999.0,7999.0,0.0,nan,nan,nan,new
Hi,0.5,0,2.0,0.012480056844651699,1.0,0.0038297215942293406,0.0031020939350128174,0.0038297215942293406,7800.0,7999.0,0.0,nan,nan,nan,new
Hi,0.5,0,3.0,0.012480056844651699,1.0,0.0031503825448453426,0.002665102481842041,0.0031503825448453426,800.0,7999.0,0.0,nan,nan,nan,new
Hi,0.5,0,5.0,0.012480056844651699,1.0,0.002315815770998597,0.001744389533996582,0.002315815770998597,7000.0,7999.0,0.0,nan,nan,nan,new
Hi,0.5,0,8.0,0.012480056844651699,1.0,0.0030968557111918926,0.0022962987422943115,0.0030968557111918926,6200.0,7999.0,0.0,nan,nan,nan,new
Hi,0.5,0,12.0,0.012480056844651699,1.0,0.003662814386188984,0.002468496561050415,0.003662814386188984,7999.0,7999.0,0.0,nan,nan,nan,new
Hi,0.5,10,1.0,0.034302372485399246,1.0,0.0016051633283495903,0.0014716386795043945,0.0016051633283495903,4800.0,7999.0,0.0,nan,nan,nan,new
Hi,0.5,10,2.0,0.034302372485399246,1.0,0.002612919779494405,0.002642989158630371,0.002612919779494405,6200.0,7999.0,0.0,nan,nan,nan,new
Hi,0.5,10,3.0,0.034302372485399246,1.0,0.0022565117105841637,0.002036541700363159,0.0022565117105841637,3600.0,7999.0,0.0,nan,nan,nan,new
Hi,0.5,10,5.0,0.034302372485399246,1.0,0.0025141716469079256,0.0021063387393951416,0.0025141716469079256,6600.0,7999.0,0.0,nan,nan,nan,new
Hi,0.5,10,8.0,0.034302372485399246,1.0,0.0020772714633494616,0.0017140954732894897,0.0020772714633494616,7000.0,7999.0,0.0,nan,nan,nan,new
Hi,0.5,10,12.0,0.034302372485399246,1.0,0.0024556471034884453,0.0017407536506652832,0.0024556471034884453,5400.0,7999.0,0.0,nan,nan,nan,new
Hi,0.5,20,1.0,0.025375699624419212,1.0,0.0018633075524121523,0.0015483498573303223,0.0018633075524121523,7200.0,7999.0,0.0,nan,nan,nan,new
Hi,0.5,20,2.0,0.025375699624419212,1.0,0.0023551275953650475,0.0018224269151687622,0.0023551275953650475,7200.0,7999.0,0.0,nan,nan,nan,new
Hi,0.5,20,3.0,0.025375699624419212,1.0,0.001579510746523738,0.0012953877449035645,0.001579510746523738,6400.0,7999.0,0.0,nan,nan,nan,new
Hi,0.5,20,5.0,0.025375699624419212,1.0,0.002905018161982298,0.00242769718170166,0.002905018161982298,7000.0,7999.0,0.0,nan,nan,nan,new
Hi,0.5,20,8.0,0.025375699624419212,1.0,0.0031056953594088554,0.002685755491256714,0.0031056953594088554,6800.0,7999.0,0.0,nan,nan,nan,new
Hi,0.5,20,12.0,0.025375699624419212,1.0,0.003430580021813512,0.0027664005756378174,0.003430580021813512,6400.0,7999.0,0.0,nan,nan,nan,new
Hi,0.5,30,1.0,0.039475105702877045,1.0,0.002896019723266363,0.002329796552658081,0.002896019723266363,6400.0,7999.0,0.0,nan,nan,nan,new
Hi,0.5,30,2.0,0.039475105702877045,1.0,0.0019350899383425713,0.0018475279211997986,0.0019350899383425713,7600.0,7999.0,0.0,nan,nan,nan,new
Hi,0.5,30,3.0,0.039475105702877045,1.0,0.0028065901715308428,0.0019522011280059814,0.0028065901715308428,3600.0,7999.0,0.0,nan,nan,nan,new
Hi,0.5,30,5.0,0.039475105702877045,1.0,0.002274799859151244,0.0019902586936950684,0.002274799859151244,5800.0,7999.0,0.0,nan,nan,nan,new
Hi,0.5,30,8.0,0.039475105702877045,1.0,0.00203345506452024,0.001525595784187317,0.00203345506452024,5600.0,7999.0,0.0,nan,nan,nan,new
Hi,0.5,30,12.0,0.039475105702877045,1.0,0.0014121218118816614,0.0010975301265716553,0.0014121218118816614,4800.0,7999.0,0.0,nan,nan,nan,new
Hi,0.5,40,1.0,0.03747175633907318,1.0,0.0019881254993379116,0.001475989818572998,0.0019881254993379116,6600.0,7999.0,0.0,nan,nan,nan,new
Hi,0.5,40,2.0,0.03747175633907318,1.0,0.002123272279277444,0.0017161071300506592,0.002123272279277444,3000.0,7999.0,0.0,nan,nan,nan,new
Hi,0.5,40,3.0,0.03747175633907318,1.0,0.002409863518550992,0.002050429582595825,0.002409863518550992,7999.0,7999.0,0.0,nan,nan,nan,new
Hi,0.5,40,5.0,0.03747175633907318,1.0,0.0016023411881178617,0.0015187859535217285,0.0016023411881178617,7600.0,7999.0,0.0,nan,nan,nan,new
Hi,0.5,40,8.0,0.03747175633907318,1.0,0.0021786794532090425,0.0020320117473602295,0.0021786794532090425,4800.0,7999.0,0.0,nan,nan,nan,new
Hi,0.5,40,12.0,0.03747175633907318,1.0,0.002331494353711605,0.0017814040184020996,0.002331494353711605,6800.0,7999.0,0.0,nan,nan,nan,new
Hi,1.0,0,1.0,0.03126304969191551,1.0,8.766553219174966e-05,4.4226646423339844e-05,8.766553219174966e-05,7000.0,7999.0,0.0,nan,nan,nan,new
Hi,1.0,0,2.0,0.03126304969191551,1.0,5.3059593483339995e-05,2.6971101760864258e-05,5.3059593483339995e-05,2800.0,7999.0,0.0,nan,nan,nan,new
Hi,1.0,0,3.0,0.03126304969191551,1.0,0.00020748387032654136,0.00010386109352111816,0.00020748387032654136,5600.0,7999.0,0.0,nan,nan,nan,new
Hi,1.0,0,5.0,0.03126304969191551,1.0,0.0005806811968795955,0.0002311915159225464,0.0005806811968795955,6000.0,7999.0,0.0,nan,nan,nan,new
Hi,1.0,0,8.0,0.03126304969191551,1.0,0.0008937659440562129,0.00044223666191101074,0.0008937659440562129,3400.0,7999.0,0.0,nan,nan,nan,new
Hi,1.0,0,12.0,0.03126304969191551,1.0,0.001049164915457368,0.0004937052726745605,0.001049164915457368,4000.0,7999.0,0.0,nan,nan,nan,new
Hi,1.0,10,1.0,0.030494043603539467,1.0,1.8712949895416386e-05,9.328126907348633e-06,1.8712949895416386e-05,7400.0,7999.0,0.0,nan,nan,nan,new
Hi,1.0,10,2.0,0.030494043603539467,1.0,3.713883779710159e-05,1.4871358871459961e-05,3.713883779710159e-05,4800.0,7999.0,0.0,nan,nan,nan,new
Hi,1.0,10,3.0,0.030494043603539467,1.0,2.886522088374477e-05,1.2412667274475098e-05,2.886522088374477e-05,6600.0,7999.0,0.0,nan,nan,nan,new
Hi,1.0,10,5.0,0.030494043603539467,1.0,0.000155234505655244,7.426738739013672e-05,0.000155234505655244,6600.0,7999.0,0.0,nan,nan,nan,new
Hi,1.0,10,8.0,0.030494043603539467,1.0,0.0007028952240943909,0.0003598630428314209,0.0007028952240943909,4600.0,7999.0,0.0,nan,nan,nan,new
Hi,1.0,10,12.0,0.030494043603539467,1.0,0.0004201688279863447,0.0002301931381225586,0.0004201688279863447,6800.0,7999.0,0.0,nan,nan,nan,new
Hi,1.0,20,1.0,0.03365090861916542,1.0,2.0962817870895378e-05,9.08970832824707e-06,2.0962817870895378e-05,6400.0,7999.0,0.0,nan,nan,nan,new
Hi,1.0,20,2.0,0.03365090861916542,1.0,2.8817526981583796e-05,1.8320977687835693e-05,2.8817526981583796e-05,3800.0,7999.0,0.0,nan,nan,nan,new
Hi,1.0,20,3.0,0.03365090861916542,1.0,9.480391599936411e-05,4.616379737854004e-05,9.480391599936411e-05,4800.0,7999.0,0.0,nan,nan,nan,new
Hi,1.0,20,5.0,0.03365090861916542,1.0,0.0010123049141839147,0.00046443939208984375,0.0010123049141839147,7800.0,7999.0,0.0,nan,nan,nan,new
Hi,1.0,20,8.0,0.03365090861916542,1.0,0.001098315929993987,0.0005485191941261292,0.001098315929993987,6000.0,7999.0,0.0,nan,nan,nan,new
Hi,1.0,20,12.0,0.03365090861916542,1.0,0.00110121991019696,0.0005452930927276611,0.00110121991019696,3600.0,7999.0,0.0,nan,nan,nan,new
Hi,1.0,30,1.0,0.034921806305646896,1.0,4.239498593960889e-05,2.6397407054901123e-05,4.239498593960889e-05,4600.0,7999.0,0.0,nan,nan,nan,new
Hi,1.0,30,2.0,0.034921806305646896,1.0,2.0508834495558403e-05,1.1280179023742676e-05,2.0508834495558403e-05,3200.0,7999.0,0.0,nan,nan,nan,new
Hi,1.0,30,3.0,0.034921806305646896,1.0,8.889930541045032e-06,4.850327968597412e-06,8.889930541045032e-06,6200.0,7999.0,0.0,nan,nan,nan,new
Hi,1.0,30,5.0,0.034921806305646896,1.0,4.3175688915653154e-05,2.2336840629577637e-05,4.3175688915653154e-05,6800.0,7999.0,0.0,nan,nan,nan,new
Hi,1.0,30,8.0,0.034921806305646896,1.0,0.0006677129422314465,0.00035331398248672485,0.0006677129422314465,4000.0,7999.0,0.0,nan,nan,nan,new
Hi,1.0,30,12.0,0.034921806305646896,1.0,0.0005670029204338789,0.0002766847610473633,0.0005670029204338789,7000.0,7999.0,0.0,nan,nan,nan,new
Hi,1.0,40,1.0,0.03313937038183212,1.0,9.249102004105225e-05,4.1563063859939575e-05,9.249102004105225e-05,4800.0,7999.0,0.0,nan,nan,nan,new
Hi,1.0,40,2.0,0.03313937038183212,1.0,1.502618943050038e-05,9.462237358093262e-06,1.502618943050038e-05,7999.0,7999.0,0.0,nan,nan,nan,new
Hi,1.0,40,3.0,0.03313937038183212,1.0,0.0001912168663693592,8.854269981384277e-05,0.0001912168663693592,5600.0,7999.0,0.0,nan,nan,nan,new
Hi,1.0,40,5.0,0.03313937038183212,1.0,0.0006380438571795821,0.0003128647804260254,0.0006380438571795821,7400.0,7999.0,0.0,nan,nan,nan,new
Hi,1.0,40,8.0,0.03313937038183212,1.0,0.0009907408384606242,0.0005155876278877258,0.0009907408384606242,4600.0,7999.0,0.0,nan,nan,nan,new
Hi,1.0,40,12.0,0.03313937038183212,1.0,0.00107185251545161,0.0004737675189971924,0.00107185251545161,5600.0,7999.0,0.0,nan,nan,nan,new
Match,0.1,0,1.0,0.23050381243228912,0.0,0.0001789966772776097,0.00034230947494506836,0.00019862866611219943,3800.0,7999.0,0.0,3.39606705102849,42.3913144850358,0.18914347887039185,new
Match,0.1,0,2.0,0.23050381243228912,0.0,0.00022142723901197314,0.00055655837059021,0.000570732809137553,1600.0,7999.0,0.0,4.391395735627757,547.6606086991295,0.15261287987232208,new
Match,0.1,0,3.0,0.23050381243228912,0.0,0.00013106859114486724,0.0003683343529701233,0.0003172169963363558,800.0,7999.0,0.0,4.93634365234848,407.5416893470736,0.13358503580093384,new
Match,0.1,0,5.0,0.23050381243228912,0.0,0.001876308349892497,0.006025061011314392,0.004752063192427158,200.0,7999.0,0.0,5.5092233168877005,6436.8800067916345,0.1141408383846283,new
Match,0.1,0,8.0,0.23050381243228912,0.0,0.003974646329879761,0.010892689228057861,0.010235289111733437,200.0,7999.0,0.0,5.904996381313311,1976.408814421704,0.1009821817278862,new
Match,0.1,0,12.0,0.23050381243228912,0.0,0.0009837488178163767,0.0023830190766602755,0.002530626719817519,5200.0,7999.0,0.0,6.1534774708497,89.22711263326637,0.09281802922487259,new
Match,0.1,10,1.0,0.0022314239758998156,1.0,0.0007067478727549314,0.0017037554644048214,0.0018174166325479746,5200.0,7999.0,0.0,16.27188390457675,124.71147166868597,-0.22059889137744904,new
Match,0.1,10,2.0,0.0022314239758998156,1.0,0.00023392803268507123,0.0004889965057373047,0.0005753198638558388,3400.0,7999.0,0.0,21.592017071958395,143.67766942731046,-0.2299414873123169,new
Match,0.1,10,3.0,0.0022314239758998156,1.0,0.0028926702216267586,0.006318904459476471,0.006895720958709717,2800.0,7999.0,0.0,24.065091252518176,59.115047302846364,-0.233586847782135,new
Match,0.1,10,5.0,0.0022314239758998156,1.0,0.0007574358023703098,0.00135117769241333,0.0009942266624420881,4200.0,7999.0,0.0,26.365552524060952,28.594285488235908,-0.23656652867794037,new
Match,0.1,10,8.0,0.0022314239758998156,1.0,0.0003903689794242382,0.0005467832088470459,0.0006300221430137753,1400.0,7999.0,0.0,27.79409261674749,59.8969053531811,-0.23820847272872925,new
Match,0.1,10,12.0,0.0022314239758998156,1.0,0.0013672058703377843,0.00212019681930542,0.002244427101686597,3200.0,7999.0,0.0,28.629986227521346,54.728784829485406,-0.23909161984920502,new
Match,0.1,20,1.0,0.28697919845581055,0.0,0.0002908984024543315,0.0006976928561925888,0.0007473818841390312,3000.0,7999.0,0.0,4.100150872322155,122.92995517429965,-0.306220680475235,new
Match,0.1,20,2.0,0.28697919845581055,0.0,0.007688503246754408,0.018805257976055145,0.019810395315289497,3000.0,7999.0,0.0,4.645143920393697,171.65690362246812,-0.3006560504436493,new
Match,0.1,20,3.0,0.28697919845581055,0.0,0.011555450037121773,0.028333323076367378,0.029785500839352608,3000.0,7999.0,0.0,4.897730738345682,223.83742501273474,-0.29740726947784424,new
Match,0.1,20,5.0,0.28697919845581055,0.0,0.012678985483944416,0.03096672147512436,0.03266996145248413,1400.0,7999.0,0.0,5.136387407023747,662.0891165161877,-0.2939339578151703,new
Match,0.1,20,8.0,0.28697919845581055,0.0,0.013188444077968597,0.032427750527858734,0.03400610014796257,800.0,7999.0,0.0,5.2876881450201205,576.3593440727997,-0.2915206551551819,new
Match,0.1,20,12.0,0.28697919845581055,0.0,0.017690977081656456,0.04384748637676239,0.045647263526916504,800.0,7999.0,0.0,5.377701886895668,872.6397400604469,-0.29000410437583923,new
Match,0.1,30,1.0,0.2338070273399353,0.0,0.046045999974012375,0.11224224418401718,0.11863814294338226,200.0,7999.0,0.0,3.2056760772765096,31336.397081305255,0.15497049689292908,new
Match,0.1,30,2.0,0.2338070273399353,0.0,0.04562202841043472,0.11189992725849152,0.11764265596866608,7800.0,7999.0,0.0,3.728407881491205,5.611376071611385,0.12066838145256042,new
Match,0.1,30,3.0,0.2338070273399353,0.0,0.04494291916489601,0.11166940629482269,0.1160963624715805,7800.0,7999.0,0.0,3.9918365326950718,28.16332038023013,0.1035180613398552,new
Match,0.1,30,5.0,0.2338070273399353,0.0,0.04515368491411209,0.11055824905633926,0.11635541915893555,7999.0,7999.0,0.0,4.254608003802737,6.6000651009594336,0.08642885833978653,new
Match,0.1,30,8.0,0.2338070273399353,0.0,0.04540818929672241,0.1117144227027893,0.11713606864213943,7400.0,7999.0,0.0,4.428693846649153,13.709558638955206,0.07509206980466843,new
Match,0.1,30,12.0,0.2338070273399353,0.0,0.041058603674173355,0.10300701856613159,0.1058041974902153,7200.0,7999.0,0.0,4.53517155530161,30.148332908746777,0.0681445524096489,new
Match,0.1,40,1.0,0.3057865500450134,0.0,0.07101721316576004,0.17456938326358795,0.18301717936992645,200.0,7999.0,0.0,4.454826948549756,1865.7696589121128,-0.22353337705135345,new
Match,0.1,40,2.0,0.3057865500450134,0.0,0.06938968598842621,0.16946947574615479,0.17875003814697266,200.0,7999.0,0.0,5.066515257148014,3331.044669483452,-0.24405503273010254,new
Match,0.1,40,3.0,0.3057865500450134,0.0,0.07047846168279648,0.1725393682718277,0.18156956136226654,200.0,7999.0,0.0,5.3720051819380785,1204.8884219679558,-0.25396469235420227,new
Match,0.1,40,5.0,0.3057865500450134,0.0,0.0709046870470047,0.17302902042865753,0.18264494836330414,200.0,7999.0,0.0,5.676176104664412,3288.7426657254123,-0.26362866163253784,new
Match,0.1,40,8.0,0.3057865500450134,0.0,0.07424496114253998,0.18200749158859253,0.19131284952163696,200.0,7999.0,0.0,5.877868380859515,949.9152691354176,-0.2699321210384369,new
Match,0.1,40,12.0,0.3057865500450134,0.0,0.0761474072933197,0.1859000325202942,0.19604700803756714,200.0,7999.0,0.0,6.0014535916783025,887.5196086357123,-0.2737552523612976,new
Match,0.3,0,1.0,5.252307346381713e-06,1.0,9.604533261153847e-06,1.0371208190917969e-05,1.058794714481337e-05,200.0,7999.0,0.0,0.008430380428613621,0.011878001297909174,-0.9491713047027588,new
Match,0.3,0,2.0,5.252307346381713e-06,1.0,2.6601264835335314e-06,3.2186508178710938e-06,2.9507330054912018e-06,1200.0,7999.0,0.0,0.007055743895551982,2.9456623400969852,-0.9452196359634399,new
Match,0.3,0,3.0,5.252307346381713e-06,1.0,6.110565209382912e-06,8.255243301391602e-06,6.730994755344e-06,400.0,7999.0,0.0,0.00653315804364208,0.013657729123184718,-0.943290114402771,new
Match,0.3,0,5.0,5.252307346381713e-06,1.0,1.2614286788448226e-06,1.996755599975586e-06,1.3729678585150396e-06,800.0,7999.0,0.0,0.006089852175133355,0.011559518224668264,-0.9413756132125854,new
Match,0.3,0,8.0,5.252307346381713e-06,1.0,6.1400392041832674e-06,8.702278137207031e-06,6.7950727498100605e-06,2000.0,7999.0,0.0,0.005830421203517805,0.07093533408317121,-0.940104067325592,new
Match,0.3,0,12.0,5.252307346381713e-06,1.0,1.2476594747568015e-05,1.7821788787841797e-05,1.3812168617732823e-05,2600.0,7999.0,0.0,0.005683145826333644,0.14820044632994261,-0.939322829246521,new
Match,0.3,10,1.0,7.431829089910025e-06,1.0,4.943971816828707e-06,7.18235969543457e-06,5.420138222689275e-06,400.0,7999.0,0.0,0.0032611814628902584,0.019056160497019133,-0.8473026752471924,new
Match,0.3,10,2.0,7.431829089910025e-06,1.0,6.3304523791885e-06,9.328126907348633e-06,7.0035334829299245e-06,400.0,7999.0,0.0,0.003388907501872503,0.018758013473850504,-0.824548065662384,new
Match,0.3,10,3.0,7.431829089910025e-06,1.0,6.673334610241e-06,9.238719940185547e-06,7.398520210699644e-06,600.0,7999.0,0.0,0.0034560037747085556,0.013324104502738746,-0.8123998641967773,new
Match,0.3,10,5.0,7.431829089910025e-06,1.0,5.67985262023285e-06,6.854534149169922e-06,6.222012871148763e-06,400.0,7999.0,0.0,0.0035250587343921965,0.010310220724471022,-0.799793004989624,new
Match,0.3,10,8.0,7.431829089910025e-06,1.0,7.412042577925604e-06,1.0751187801361084e-05,8.20776494947495e-06,400.0,7999.0,0.0,0.0035721003173991264,0.019836042308565647,-0.7911554574966431,new
Match,0.3,10,12.0,7.431829089910025e-06,1.0,1.678802800597623e-05,2.230703830718994e-05,1.867377977760043e-05,400.0,7999.0,0.0,0.0036014206034637496,0.03682957394154954,-0.7857545018196106,new
Match,0.3,20,1.0,2.805405074468581e-06,1.0,2.911711590058985e-06,4.1425228118896484e-06,3.2388820727646817e-06,1400.0,7999.0,0.0,0.08507699339100258,0.08794850056309385,-0.34102728962898254,new
Match,0.3,20,2.0,2.805405074468581e-06,1.0,1.1235459851377527e-06,1.8477439880371094e-06,1.1712654668372124e-06,600.0,7999.0,0.0,0.031174140919918436,0.007747566857585806,-0.48771512508392334,new
Match,0.3,20,3.0,2.805405074468581e-06,1.0,5.672633506037528e-06,8.64267349243164e-06,6.2764843278273474e-06,4800.0,7999.0,0.0,0.022004052758202403,0.05739231631813228,-0.5227329730987549,new
Match,0.3,20,5.0,2.805405074468581e-06,1.0,1.2768472288371413e-06,2.086162567138672e-06,1.4003087471792242e-06,600.0,7999.0,0.0,0.016769348424262177,0.0084244674824426,-0.5497635006904602,new
Match,0.3,20,8.0,2.805405074468581e-06,1.0,2.496582510502776e-06,3.3527612686157227e-06,2.730811274886946e-06,200.0,7999.0,0.0,0.014440120906930328,0.01429047136640285,-0.5649850964546204,new
Match,0.3,20,12.0,2.805405074468581e-06,1.0,4.222436018608278e-06,5.364418029785156e-06,4.670732323575066e-06,200.0,7999.0,0.0,0.013303084050651575,0.006127407203474728,-0.573506772518158,new
Match,0.3,30,1.0,3.4916665754280984e-06,1.0,2.3604054604220437e-06,3.635883331298828e-06,2.624289891173248e-06,1800.0,7999.0,0.0,0.007487888331070639,1.0315259874196385,-0.8690683841705322,new
Match,0.3,30,2.0,3.4916665754280984e-06,1.0,3.995894985564519e-06,4.5299530029296875e-06,4.44327451987192e-06,1200.0,7999.0,0.0,0.006459467232623809,0.2966314096632122,-0.8401371836662292,new
Match,0.3,30,3.0,3.4916665754280984e-06,1.0,3.116548441539635e-06,5.4389238357543945e-06,3.4671350022108527e-06,400.0,7999.0,0.0,0.0060565740277306246,0.016245464285531485,-0.82328200340271,new
Match,0.3,30,5.0,3.4916665754280984e-06,1.0,5.322166998666944e-06,6.22868537902832e-06,5.902955308556557e-06,1200.0,7999.0,0.0,0.005713480522037549,0.04343464736081293,-0.8049921989440918,new
Match,0.3,30,8.0,3.4916665754280984e-06,1.0,4.45948489868897e-06,6.67572021484375e-06,4.922537300444674e-06,200.0,7999.0,0.0,0.005513652177204741,0.13980124717694803,-0.7920740842819214,new
Match,0.3,30,12.0,3.4916665754280984e-06,1.0,7.750791155558545e-06,1.043081283569336e-05,8.606905794295017e-06,200.0,7999.0,0.0,0.0054010049472070975,0.017210640152807717,-0.7838603854179382,new
Match,0.3,40,1.0,2.1697601368941832e-06,1.0,1.6268390936602373e-06,2.339482307434082e-06,1.8065510403175722e-06,1400.0,7999.0,0.0,0.014782429191616705,0.04109069138001089,-0.8184416890144348,new
Match,0.3,40,2.0,2.1697601368941832e-06,1.0,2.286772087245481e-06,3.337860107421875e-06,2.526913476685877e-06,600.0,7999.0,0.0,0.010949879958020069,0.02476803883522688,-0.794963538646698,new
Match,0.3,40,3.0,2.1697601368941832e-06,1.0,1.829411871767661e-06,2.6226043701171875e-06,2.0172935819573468e-06,1400.0,7999.0,0.0,0.009345892114884123,3.1026773508653793,-0.7797406911849976,new
Match,0.3,40,5.0,2.1697601368941832e-06,1.0,5.690544639946893e-06,8.285045623779297e-06,6.2559288380725775e-06,200.0,7999.0,0.0,0.00792879071440953,0.01811398083645521,-0.7614120841026306,new
Match,0.3,40,8.0,2.1697601368941832e-06,1.0,5.456185590446694e-06,6.496906280517578e-06,6.061966814741027e-06,7400.0,7999.0,0.0,0.007080754841169719,0.18733096908849248,-0.7470732927322388,new
Match,0.3,40,12.0,2.1697601368941832e-06,1.0,4.181034455541521e-06,4.947185516357422e-06,4.574595550366212e-06,200.0,7999.0,0.0,0.006595275657773095,0.06105381797241653,-0.7372562885284424,new
Match,0.5,0,1.0,2.4908109480747953e-05,1.0,6.893542376928963e-06,6.556510925292969e-06,6.893542376928963e-06,4800.0,7999.0,0.0,nan,nan,nan,new
Match,0.5,0,2.0,2.4908109480747953e-05,1.0,6.6243101173313335e-06,6.556510925292969e-06,6.6243101173313335e-06,400.0,7999.0,0.0,nan,nan,nan,new
Match,0.5,0,3.0,2.4908109480747953e-05,1.0,1.0267606739944313e-05,9.894371032714844e-06,1.0267606739944313e-05,7200.0,7999.0,0.0,nan,nan,nan,new
Match,0.5,0,5.0,2.4908109480747953e-05,1.0,2.8488564566941932e-05,2.703070640563965e-05,2.8488564566941932e-05,1000.0,7999.0,0.0,nan,nan,nan,new
Match,0.5,0,8.0,2.4908109480747953e-05,1.0,9.796309313969687e-06,9.298324584960938e-06,9.796309313969687e-06,2600.0,7999.0,0.0,nan,nan,nan,new
Match,0.5,0,12.0,2.4908109480747953e-05,1.0,1.2619718290807214e-05,1.1712312698364258e-05,1.2619718290807214e-05,4600.0,7999.0,0.0,nan,nan,nan,new
Match,0.5,10,1.0,2.4707505872356705e-05,1.0,1.0543610187596641e-05,9.328126907348633e-06,1.0543610187596641e-05,400.0,7999.0,0.0,nan,nan,nan,new
Match,0.5,10,2.0,2.4707505872356705e-05,1.0,6.483383913291618e-06,6.139278411865234e-06,6.483383913291618e-06,600.0,7999.0,0.0,nan,nan,nan,new
Match,0.5,10,3.0,2.4707505872356705e-05,1.0,1.2832067113777157e-05,1.1533498764038086e-05,1.2832067113777157e-05,400.0,7999.0,0.0,nan,nan,nan,new
Match,0.5,10,5.0,2.4707505872356705e-05,1.0,6.7485307226888835e-06,5.424022674560547e-06,6.7485307226888835e-06,2400.0,7999.0,0.0,nan,nan,nan,new
Match,0.5,10,8.0,2.4707505872356705e-05,1.0,9.805625268199947e-06,8.612871170043945e-06,9.805625268199947e-06,5800.0,7999.0,0.0,nan,nan,nan,new
Match,0.5,10,12.0,2.4707505872356705e-05,1.0,1.0658258361218031e-05,9.238719940185547e-06,1.0658258361218031e-05,1000.0,7999.0,0.0,nan,nan,nan,new
Match,0.5,20,1.0,1.893661101348698e-05,1.0,7.712574188190047e-06,7.241964340209961e-06,7.712574188190047e-06,1800.0,7999.0,0.0,nan,nan,nan,new
Match,0.5,20,2.0,1.893661101348698e-05,1.0,9.439093446417246e-06,1.150369644165039e-05,9.439093446417246e-06,200.0,7999.0,0.0,nan,nan,nan,new
Match,0.5,20,3.0,1.893661101348698e-05,1.0,5.941183189861476e-06,6.079673767089844e-06,5.941183189861476e-06,400.0,7999.0,0.0,nan,nan,nan,new
Match,0.5,20,5.0,1.893661101348698e-05,1.0,6.409269190044142e-06,6.5267086029052734e-06,6.409269190044142e-06,1400.0,7999.0,0.0,nan,nan,nan,new
Match,0.5,20,8.0,1.893661101348698e-05,1.0,7.450003522535553e-06,6.042886525392532e-06,7.450003522535553e-06,800.0,7999.0,0.0,nan,nan,nan,new
Match,0.5,20,12.0,1.893661101348698e-05,1.0,4.956071279593743e-06,3.933906555175781e-06,4.956071279593743e-06,800.0,7999.0,0.0,nan,nan,nan,new
Match,0.5,30,1.0,3.477594873402268e-05,1.0,4.893307959719095e-06,4.887580871582031e-06,4.893307959719095e-06,1600.0,7999.0,0.0,nan,nan,nan,new
Match,0.5,30,2.0,3.477594873402268e-05,1.0,1.0805119018186815e-05,1.0788440704345703e-05,1.0805119018186815e-05,6200.0,7999.0,0.0,nan,nan,nan,new
Match,0.5,30,3.0,3.477594873402268e-05,1.0,1.3873925126972608e-05,1.2010335922241211e-05,1.3873925126972608e-05,3400.0,7999.0,0.0,nan,nan,nan,new
Match,0.5,30,5.0,3.477594873402268e-05,1.0,1.5697187336627394e-05,1.1712312698364258e-05,1.5697187336627394e-05,4600.0,7999.0,0.0,nan,nan,nan,new
Match,0.5,30,8.0,3.477594873402268e-05,1.0,8.585817340645008e-06,7.927417755126953e-06,8.585817340645008e-06,2200.0,7999.0,0.0,nan,nan,nan,new
Match,0.5,30,12.0,3.477594873402268e-05,1.0,1.144875477621099e-05,8.553266525268555e-06,1.144875477621099e-05,4600.0,7999.0,0.0,nan,nan,nan,new
Match,0.5,40,1.0,2.168800165236462e-05,1.0,1.243568112840876e-05,9.834766387939453e-06,1.243568112840876e-05,2600.0,7999.0,0.0,nan,nan,nan,new
Match,0.5,40,2.0,2.168800165236462e-05,1.0,2.0583434888976626e-05,1.7136335372924805e-05,2.0583434888976626e-05,3800.0,7999.0,0.0,nan,nan,nan,new
Match,0.5,40,3.0,2.168800165236462e-05,1.0,1.4974717487348244e-05,1.290440559387207e-05,1.4974717487348244e-05,4800.0,7999.0,0.0,nan,nan,nan,new
Match,0.5,40,5.0,2.168800165236462e-05,1.0,6.526659944938729e-06,6.206333637237549e-06,6.526659944938729e-06,5600.0,7999.0,0.0,nan,nan,nan,new
Match,0.5,40,8.0,2.168800165236462e-05,1.0,6.031082648405572e-06,4.947185516357422e-06,6.031082648405572e-06,3600.0,7999.0,0.0,nan,nan,nan,new
Match,0.5,40,12.0,2.168800165236462e-05,1.0,6.5170033849426545e-06,6.288290023803711e-06,6.5170033849426545e-06,7400.0,7999.0,0.0,nan,nan,nan,new
Match,1.0,0,1.0,1.6199184756260365e-05,1.0,6.614656058445689e-07,4.3213367462158203e-07,6.614656058445689e-07,3600.0,7999.0,0.0,nan,nan,nan,new
Match,1.0,0,2.0,1.6199184756260365e-05,1.0,5.094354946777457e-07,3.501772880554199e-07,5.094354946777457e-07,4000.0,7999.0,0.0,nan,nan,nan,new
Match,1.0,0,3.0,1.6199184756260365e-05,1.0,1.8463872493157396e-06,9.238719940185547e-07,1.8463872493157396e-06,4000.0,7999.0,0.0,nan,nan,nan,new
Match,1.0,0,5.0,1.6199184756260365e-05,1.0,6.788183100070455e-07,3.725290298461914e-07,6.788183100070455e-07,6400.0,7999.0,0.0,nan,nan,nan,new
Match,1.0,0,8.0,1.6199184756260365e-05,1.0,2.527760898374254e-06,1.4454126358032227e-06,2.527760898374254e-06,400.0,7999.0,0.0,nan,nan,nan,new
Match,1.0,0,12.0,1.6199184756260365e-05,1.0,1.2571116485560196e-06,6.556510925292969e-07,1.2571116485560196e-06,7999.0,7999.0,0.0,nan,nan,nan,new
Match,1.0,10,1.0,1.432836870662868e-05,1.0,6.561186864928459e-07,3.650784492492676e-07,6.561186864928459e-07,2800.0,7999.0,0.0,nan,nan,nan,new
Match,1.0,10,2.0,1.432836870662868e-05,1.0,2.1612363525491673e-06,1.1418014764785767e-06,2.1612363525491673e-06,1200.0,7999.0,0.0,nan,nan,nan,new
Match,1.0,10,3.0,1.432836870662868e-05,1.0,8.930908279580763e-07,5.029141902923584e-07,8.930908279580763e-07,2000.0,7999.0,0.0,nan,nan,nan,new
Match,1.0,10,5.0,1.432836870662868e-05,1.0,1.337630806119705e-06,7.338821887969971e-07,1.337630806119705e-06,3200.0,7999.0,0.0,nan,nan,nan,new
Match,1.0,10,8.0,1.432836870662868e-05,1.0,1.777349439180398e-06,8.195638656616211e-07,1.777349439180398e-06,1800.0,7999.0,0.0,nan,nan,nan,new
Match,1.0,10,12.0,1.432836870662868e-05,1.0,2.412077492408571e-06,1.0132789611816406e-06,2.412077492408571e-06,2800.0,7999.0,0.0,nan,nan,nan,new
Match,1.0,20,1.0,1.5402953067678027e-05,1.0,8.638421604700852e-07,5.066394805908203e-07,8.638421604700852e-07,7000.0,7999.0,0.0,nan,nan,nan,new
Match,1.0,20,2.0,1.5402953067678027e-05,1.0,8.00766940756148e-07,4.470348358154297e-07,8.00766940756148e-07,7200.0,7999.0,0.0,nan,nan,nan,new
Match,1.0,20,3.0,1.5402953067678027e-05,1.0,7.863942528274492e-07,4.842877388000488e-07,7.863942528274492e-07,7999.0,7999.0,0.0,nan,nan,nan,new
Match,1.0,20,5.0,1.5402953067678027e-05,1.0,8.105488404908101e-07,4.6193599700927734e-07,8.105488404908101e-07,7999.0,7999.0,0.0,nan,nan,nan,new
Match,1.0,20,8.0,1.5402953067678027e-05,1.0,1.905272029034677e-06,1.087784767150879e-06,1.905272029034677e-06,2000.0,7999.0,0.0,nan,nan,nan,new
Match,1.0,20,12.0,1.5402953067678027e-05,1.0,4.322632321418496e-06,2.473592758178711e-06,4.322632321418496e-06,1000.0,7999.0,0.0,nan,nan,nan,new
Match,1.0,30,1.0,1.4049618584976997e-05,1.0,1.7098547004934517e-06,8.940696716308594e-07,1.7098547004934517e-06,1000.0,7999.0,0.0,nan,nan,nan,new
Match,1.0,30,2.0,1.4049618584976997e-05,1.0,6.317761744867312e-07,3.2782554626464844e-07,6.317761744867312e-07,1800.0,7999.0,0.0,nan,nan,nan,new
Match,1.0,30,3.0,1.4049618584976997e-05,1.0,2.4728533389861695e-06,1.2069940567016602e-06,2.4728533389861695e-06,1400.0,7999.0,0.0,nan,nan,nan,new
Match,1.0,30,5.0,1.4049618584976997e-05,1.0,8.396124826504092e-07,4.916219040751457e-07,8.396124826504092e-07,7400.0,7999.0,0.0,nan,nan,nan,new
Match,1.0,30,8.0,1.4049618584976997e-05,1.0,8.488159437547438e-07,4.917383193969727e-07,8.488159437547438e-07,1800.0,7999.0,0.0,nan,nan,nan,new
Match,1.0,30,12.0,1.4049618584976997e-05,1.0,7.110678552635363e-07,4.6193599700927734e-07,7.110678552635363e-07,6400.0,7999.0,0.0,nan,nan,nan,new
Match,1.0,40,1.0,2.0617229893105105e-05,1.0,7.004107374086743e-07,4.6193599700927734e-07,7.004107374086743e-07,800.0,7999.0,0.0,nan,nan,nan,new
Match,1.0,40,2.0,2.0617229893105105e-05,1.0,1.7287849232161534e-06,1.0132789611816406e-06,1.7287849232161534e-06,1000.0,7999.0,0.0,nan,nan,nan,new
Match,1.0,40,3.0,2.0617229893105105e-05,1.0,9.841789960773895e-07,5.960464477539062e-07,9.841789960773895e-07,5000.0,7999.0,0.0,nan,nan,nan,new
Match,1.0,40,5.0,2.0617229893105105e-05,1.0,1.9085498479398666e-06,1.1175870895385742e-06,1.9085498479398666e-06,3400.0,7999.0,0.0,nan,nan,nan,new
Match,1.0,40,8.0,2.0617229893105105e-05,1.0,1.1901885272891377e-06,7.152557373046875e-07,1.1901885272891377e-06,7000.0,7999.0,0.0,nan,nan,nan,new
Match,1.0,40,12.0,2.0617229893105105e-05,1.0,2.0573190795403207e-07,1.4901161193847656e-07,2.0573190795403207e-07,5800.0,7999.0,0.0,nan,nan,nan,new
MLP,0.1,0,1.0,0.0005463858833536506,1.0,0.0010233729844912887,0.0025127939879894257,0.002637418219819665,1400.0,7999.0,0.0,4.291658604580288,0.5621339264069833,0.593377411365509,new
MLP,0.1,0,2.0,0.0005463858833536506,1.0,0.000605911249294877,0.000966191291809082,0.0007430111872963607,1200.0,7999.0,0.0,4.033931497910191,1.1017075691680343,0.5696095824241638,new
MLP,0.1,0,3.0,0.0005463858833536506,1.0,0.0008745304076001048,0.002146393060684204,0.0022441428154706955,1200.0,7999.0,0.0,3.9117535792510703,0.6110292972138566,0.5574087500572205,new
MLP,0.1,0,5.0,0.0005463858833536506,1.0,0.0012518296716734767,0.003063499927520752,0.0031895393040031195,1000.0,7999.0,0.0,3.7938664164247373,0.7491665998026311,0.5449960827827454,new
MLP,0.1,0,8.0,0.0005463858833536506,1.0,0.0015760232927277684,0.0036911703646183014,0.003965477459132671,1000.0,7999.0,0.0,3.717598137628902,1.3134145156358938,0.5366034507751465,new
MLP,0.1,0,12.0,0.0005463858833536506,1.0,0.0007721673464402556,0.0015129148960113525,0.0015936661511659622,800.0,7999.0,0.0,3.671568215883998,0.8325560963181711,0.531391978263855,new
MLP,0.1,10,1.0,0.030037887394428253,1.0,0.035902805626392365,0.0879412293434143,0.09252209216356277,200.0,7999.0,0.0,42.30379267745607,1.7058912433685867,0.9327254891395569,new
MLP,0.1,10,2.0,0.030037887394428253,1.0,0.034417055547237396,0.08465392887592316,0.08876686543226242,2800.0,7999.0,0.0,52.99463032004918,46.128479216345305,0.9270021319389343,new
MLP,0.1,10,3.0,0.030037887394428253,1.0,0.03126004710793495,0.07805754244327545,0.08028644323348999,2600.0,7999.0,0.0,58.859411054594034,3.0818470091043553,0.9240291118621826,new
MLP,0.1,10,5.0,0.030037887394428253,1.0,0.02908092737197876,0.07123629748821259,0.07494760304689407,1600.0,7999.0,0.0,65.07854966112514,0.856282088746055,0.9209774136543274,new
MLP,0.1,10,8.0,0.030037887394428253,1.0,0.03001042827963829,0.07406796514987946,0.07741469889879227,1200.0,7999.0,0.0,69.42439781553887,5.7953271682715135,0.9188981056213379,new
MLP,0.1,10,12.0,0.030037887394428253,1.0,0.02897251583635807,0.07095976173877716,0.07466327399015427,7400.0,7999.0,0.0,72.17905389704725,2.7612680932552123,0.9175999164581299,new
MLP,0.1,20,1.0,0.005308006890118122,1.0,0.0008662206819280982,0.0013200938701629639,0.0018932234961539507,400.0,7999.0,0.0,2.6856578820332553,43.61431962483859,-0.9727559685707092,new
MLP,0.1,20,2.0,0.005308006890118122,1.0,3.557517993613146e-05,7.56978988647461e-05,6.154145376058295e-05,800.0,7999.0,0.0,2.534821712988325,2.0517753602124147,-0.9622039198875427,new
MLP,0.1,20,3.0,0.005308006890118122,1.0,0.0004195977235212922,0.0008792653679847717,0.0010296055115759373,800.0,7999.0,0.0,2.4577769264323437,23.2072954103139,-0.9546434283256531,new
MLP,0.1,20,5.0,0.005308006890118122,1.0,0.0005457495572045445,0.001384141854941845,0.0013905444648116827,800.0,7999.0,0.0,2.379996756196733,4.20882408171172,-0.9451526403427124,new
MLP,0.1,20,8.0,0.005308006890118122,1.0,0.00032603461295366287,0.0007620900869369507,0.0007798620499670506,600.0,7999.0,0.0,2.3279079627156474,1.6346588325291733,-0.9375674724578857,new
MLP,0.1,20,12.0,0.005308006890118122,1.0,0.0009475925471633673,0.0015166997909545898,0.0019160454394295812,1000.0,7999.0,0.0,2.2958227798355133,3.6628124055066467,-0.9323330521583557,new
MLP,0.1,30,1.0,0.005962921306490898,1.0,0.05569836497306824,0.09360396862030029,0.09087830036878586,0.0,7999.0,0.0,3.4509250744829245,3.478667231780939,-0.903671383857727,new
MLP,0.1,30,2.0,0.005962921306490898,1.0,0.033317193388938904,0.08158575743436813,0.08582521229982376,200.0,7999.0,0.0,3.7506461434263985,1.6689782008384972,-0.8705331683158875,new
MLP,0.1,30,3.0,0.005962921306490898,1.0,0.032640960067510605,0.0799088329076767,0.08407855778932571,200.0,7999.0,0.0,3.934259034504973,0.6395582711898243,-0.8515538573265076,new
MLP,0.1,30,5.0,0.005962921306490898,1.0,0.03451083227992058,0.08450759947299957,0.08893073350191116,200.0,7999.0,0.0,4.144365488423789,12.785092367692597,-0.8310192227363586,new
MLP,0.1,30,8.0,0.005962921306490898,1.0,0.052924297749996185,0.08970195055007935,0.09302987158298492,0.0,7999.0,0.0,4.300873077926552,6.525039679170343,-0.8164960741996765,new
MLP,0.1,30,12.0,0.005962921306490898,1.0,0.05258283019065857,0.08906698226928711,0.09304685890674591,0.0,7999.0,0.0,4.404308717976642,6.935189815685574,-0.8072395324707031,new
MLP,0.1,40,1.0,0.003980385139584541,1.0,0.020823059603571892,0.05099591985344887,0.053629349917173386,200.0,7999.0,0.0,0.851548201223906,3.499166339397336,-0.5055310726165771,new
MLP,0.1,40,2.0,0.003980385139584541,1.0,0.02382994070649147,0.05837903916835785,0.06139747425913811,200.0,7999.0,0.0,0.8382061779480023,8.127916036949832,-0.4804973900318146,new
MLP,0.1,40,3.0,0.003980385139584541,1.0,0.02628055214881897,0.06434264779090881,0.06771045923233032,200.0,7999.0,0.0,0.8318128671155726,15.350731244606976,-0.4677937924861908,new
MLP,0.1,40,5.0,0.003980385139584541,1.0,0.02670329622924328,0.06532803177833557,0.06865017116069794,2200.0,7999.0,0.0,0.8256054118802406,0.6353018857722931,-0.45498234033584595,new
MLP,0.1,40,8.0,0.003980385139584541,1.0,0.02862851694226265,0.0739479809999466,0.07395919412374496,800.0,7999.0,0.0,0.82157065423126,62.01049232756693,-0.4463878571987152,new
MLP,0.1,40,12.0,0.003980385139584541,1.0,0.03239032253623009,0.0793399065732956,0.08347558230161667,6200.0,7999.0,0.0,0.8191289272040894,0.03142897086691614,-0.44107961654663086,new
MLP,0.3,0,1.0,1.7251159079023637e-05,1.0,4.190484105492942e-06,6.020069122314453e-06,4.637821348296711e-06,1400.0,7999.0,0.0,0.0018571027049689832,0.009479868944949642,0.7083182334899902,new
MLP,0.3,0,2.0,1.7251159079023637e-05,1.0,5.503407010110095e-06,8.344650268554688e-06,6.105942702561151e-06,1000.0,7999.0,0.0,0.0014661610788532186,0.009731236680279993,0.6257003545761108,new
MLP,0.3,0,3.0,1.7251159079023637e-05,1.0,5.637964932247996e-06,9.357929229736328e-06,6.262483111640904e-06,1000.0,7999.0,0.0,0.0013295825161122857,0.007123830542649384,0.5823307037353516,new
MLP,0.3,0,5.0,1.7251159079023637e-05,1.0,4.3734203245549e-06,7.092952728271484e-06,4.852017355005955e-06,1400.0,7999.0,0.0,0.0012203689385533371,0.00811798699139118,0.538205623626709,new
MLP,0.3,0,8.0,1.7251159079023637e-05,1.0,4.982667178410338e-06,6.794929504394531e-06,5.537255674425978e-06,1000.0,7999.0,0.0,0.0011597211152745179,0.00744083597732076,0.5085958242416382,new
MLP,0.3,0,12.0,1.7251159079023637e-05,1.0,4.90809998154873e-06,7.12275505065918e-06,5.400705958891194e-06,1000.0,7999.0,0.0,0.0011264853616492093,0.05507652714967023,0.49036461114883423,new
MLP,0.3,10,1.0,5.150514425622532e-06,1.0,2.338524609513115e-06,3.5762786865234375e-06,2.545478537285817e-06,1200.0,7999.0,0.0,0.006256309472527425,0.04509425840238633,-0.9817551374435425,new
MLP,0.3,10,2.0,5.150514425622532e-06,1.0,1.6773647075751796e-06,2.205371856689453e-06,1.8238536085846135e-06,1400.0,7999.0,0.0,0.006758811533934211,0.016382710701139867,-0.9832751154899597,new
MLP,0.3,10,3.0,5.150514425622532e-06,1.0,2.5957597244996578e-06,3.039836883544922e-06,2.8542738164105685e-06,1000.0,7999.0,0.0,0.006973403011766984,0.01286202469676914,-0.9837579727172852,new
MLP,0.3,10,5.0,5.150514425622532e-06,1.0,1.967332991625881e-06,3.0994415283203125e-06,2.157903281840845e-06,2000.0,7999.0,0.0,0.0071679136104803995,0.0069176476361250735,-0.984124481678009,new
MLP,0.3,10,8.0,5.150514425622532e-06,1.0,1.8961367231895565e-06,2.4437904357910156e-06,2.063912688754499e-06,1800.0,7999.0,0.0,0.007287738021208313,0.009046057441353313,-0.984319806098938,new
MLP,0.3,10,12.0,5.150514425622532e-06,1.0,1.8926306211142219e-06,3.069639205932617e-06,2.088932205879246e-06,1800.0,7999.0,0.0,0.0073579125660222485,0.0023460611461752824,-0.9844245314598083,new
MLP,0.3,20,1.0,1.594724199094344e-05,1.0,1.0504449164727703e-05,1.4781951904296875e-05,1.1530026313266717e-05,400.0,7999.0,0.0,0.009062135548403199,0.009227118706497596,-0.4339853525161743,new
MLP,0.3,20,2.0,1.594724199094344e-05,1.0,6.892365490784869e-06,8.404254913330078e-06,7.508270300604636e-06,1600.0,7999.0,0.0,0.00804455808183856,0.04553283090944768,-0.45515480637550354,new
MLP,0.3,20,3.0,1.594724199094344e-05,1.0,6.436550393118523e-06,1.1026859283447266e-05,6.95532025929424e-06,800.0,7999.0,0.0,0.007667619716286289,0.01587603997341279,-0.4647812247276306,new
MLP,0.3,20,5.0,1.594724199094344e-05,1.0,5.920774128753692e-06,8.463859558105469e-06,6.437537194869947e-06,800.0,7999.0,0.0,0.0073516394077848485,0.00964707419164246,-0.4737648367881775,new
MLP,0.3,20,8.0,1.594724199094344e-05,1.0,6.171031145640882e-06,8.165836334228516e-06,6.746214239683468e-06,3000.0,7999.0,0.0,0.007168184358562947,0.01283016711597344,-0.47940948605537415,new
MLP,0.3,20,12.0,1.594724199094344e-05,1.0,6.5425056163803674e-06,8.106231689453125e-06,7.225409262900939e-06,1800.0,7999.0,0.0,0.007064480706853325,0.003903258192125952,-0.4827514588832855,new
MLP,0.3,30,1.0,2.3196071197162382e-05,1.0,7.025053037068574e-06,9.715557098388672e-06,7.778882718412206e-06,4000.0,7999.0,0.0,0.0008784945340528688,0.007710331094531641,-0.30960527062416077,new
MLP,0.3,30,2.0,2.3196071197162382e-05,1.0,8.285270268970635e-06,1.1801719665527344e-05,9.142391718341969e-06,1000.0,7999.0,0.0,0.0006951718804501674,0.013011479769404042,-0.35553085803985596,new
MLP,0.3,30,3.0,2.3196071197162382e-05,1.0,7.631429980392568e-06,1.049041748046875e-05,8.424653060501441e-06,1000.0,7999.0,0.0,0.0006274119172403486,0.008139900762422362,-0.3764117956161499,new
MLP,0.3,30,5.0,2.3196071197162382e-05,1.0,9.399612281413283e-06,1.6629695892333984e-05,1.0329511496820487e-05,400.0,7999.0,0.0,0.0005709845360505915,0.013614263123467953,-0.39604803919792175,new
MLP,0.3,30,8.0,2.3196071197162382e-05,1.0,8.564480594941415e-06,1.1920928955078125e-05,9.439429959456902e-06,1000.0,7999.0,0.0,0.0005384761092752928,0.0213096181007115,-0.40848883986473083,new
MLP,0.3,30,12.0,2.3196071197162382e-05,1.0,9.300789315602742e-06,1.3381242752075195e-05,1.0296865184500348e-05,400.0,7999.0,0.0,0.0005202086936991173,0.005011109755534341,-0.4158976376056671,new
MLP,0.3,40,1.0,4.1375478758709505e-05,1.0,4.128392902202904e-06,5.543231964111328e-06,4.569791599351447e-06,3600.0,7999.0,0.0,0.0011258696993461268,0.022938322233105924,-0.38134196400642395,new
MLP,0.3,40,2.0,4.1375478758709505e-05,1.0,1.991457565964083e-06,3.039836883544922e-06,2.209459808000247e-06,7200.0,7999.0,0.0,0.001190770522917686,0.02167970617314336,-0.5312957763671875,new
MLP,0.3,40,3.0,4.1375478758709505e-05,1.0,2.366484523008694e-06,3.7550926208496094e-06,2.622043439259869e-06,4600.0,7999.0,0.0,0.0012380638888672814,0.012601602081725775,-0.5872342586517334,new
MLP,0.3,40,5.0,4.1375478758709505e-05,1.0,3.608721044656704e-06,5.185604095458984e-06,3.991028734162683e-06,4600.0,7999.0,0.0,0.001290755973226665,0.0024331095683339694,-0.6334159970283508,new
MLP,0.3,40,8.0,4.1375478758709505e-05,1.0,3.6771034501725808e-06,5.364418029785156e-06,4.085813998244703e-06,2400.0,7999.0,0.0,0.001327797074622694,0.005836950884595591,-0.6597230434417725,new
MLP,0.3,40,12.0,4.1375478758709505e-05,1.0,2.9517525490518892e-06,4.231929779052734e-06,3.2710624964238377e-06,4000.0,7999.0,0.0,0.0013510955894163086,6.754163282000936e-05,-0.6743820905685425,new
MLP,0.5,0,1.0,5.248612069408409e-06,1.0,2.3046063688525464e-06,2.384185791015625e-06,2.3046063688525464e-06,3200.0,7999.0,0.0,nan,nan,nan,new
MLP,0.5,0,2.0,5.248612069408409e-06,1.0,4.385759439173853e-06,4.26173210144043e-06,4.385759439173853e-06,4000.0,7999.0,0.0,nan,nan,nan,new
MLP,0.5,0,3.0,5.248612069408409e-06,1.0,6.284058599703712e-06,6.377696990966797e-06,6.284058599703712e-06,1000.0,7999.0,0.0,nan,nan,nan,new
MLP,0.5,0,5.0,5.248612069408409e-06,1.0,2.5861347694444703e-06,2.5779008865356445e-06,2.5861347694444703e-06,2600.0,7999.0,0.0,nan,nan,nan,new
MLP,0.5,0,8.0,5.248612069408409e-06,1.0,5.463953584694536e-06,4.76837158203125e-06,5.463953584694536e-06,600.0,7999.0,0.0,nan,nan,nan,new
MLP,0.5,0,12.0,5.248612069408409e-06,1.0,7.6007704592484515e-06,6.496906280517578e-06,7.6007704592484515e-06,1400.0,7999.0,0.0,nan,nan,nan,new
MLP,0.5,10,1.0,2.2879937660036376e-06,1.0,2.4169626158254687e-06,2.1457672119140625e-06,2.4169626158254687e-06,800.0,7999.0,0.0,nan,nan,nan,new
MLP,0.5,10,2.0,2.2879937660036376e-06,1.0,3.1076185678102775e-06,3.6954879760742188e-06,3.1076185678102775e-06,1000.0,7999.0,0.0,nan,nan,nan,new
MLP,0.5,10,3.0,2.2879937660036376e-06,1.0,3.8109690194687573e-06,3.870576620101929e-06,3.8109690194687573e-06,1000.0,7999.0,0.0,nan,nan,nan,new
MLP,0.5,10,5.0,2.2879937660036376e-06,1.0,2.4754372134339064e-06,2.5033950805664062e-06,2.4754372134339064e-06,1000.0,7999.0,0.0,nan,nan,nan,new
MLP,0.5,10,8.0,2.2879937660036376e-06,1.0,4.17097407989786e-06,4.291534423828125e-06,4.17097407989786e-06,600.0,7999.0,0.0,nan,nan,nan,new
MLP,0.5,10,12.0,2.2879937660036376e-06,1.0,4.15466092817951e-06,4.61190938949585e-06,4.15466092817951e-06,600.0,7999.0,0.0,nan,nan,nan,new
MLP,0.5,20,1.0,8.162110134435352e-06,1.0,3.123177748420858e-06,2.7120113372802734e-06,3.123177748420858e-06,1800.0,7999.0,0.0,nan,nan,nan,new
MLP,0.5,20,2.0,8.162110134435352e-06,1.0,7.125662250473397e-06,7.271766662597656e-06,7.125662250473397e-06,1200.0,7999.0,0.0,nan,nan,nan,new
MLP,0.5,20,3.0,8.162110134435352e-06,1.0,6.739004675182514e-06,6.765127182006836e-06,6.739004675182514e-06,1600.0,7999.0,0.0,nan,nan,nan,new
MLP,0.5,20,5.0,8.162110134435352e-06,1.0,4.397219527163543e-06,4.217028617858887e-06,4.397219527163543e-06,1600.0,7999.0,0.0,nan,nan,nan,new
MLP,0.5,20,8.0,8.162110134435352e-06,1.0,6.23649293629569e-06,6.735324859619141e-06,6.23649293629569e-06,1400.0,7999.0,0.0,nan,nan,nan,new
MLP,0.5,20,12.0,8.162110134435352e-06,1.0,4.2616165956133045e-06,4.827976226806641e-06,4.2616165956133045e-06,1400.0,7999.0,0.0,nan,nan,nan,new
MLP,0.5,30,1.0,7.954110515129287e-06,1.0,3.326086016386398e-06,3.6954879760742188e-06,3.326086016386398e-06,7000.0,7999.0,0.0,nan,nan,nan,new
MLP,0.5,30,2.0,7.954110515129287e-06,1.0,1.2419129234331194e-05,1.0102987289428711e-05,1.2419129234331194e-05,4600.0,7999.0,0.0,nan,nan,nan,new
MLP,0.5,30,3.0,7.954110515129287e-06,1.0,7.692036888329312e-06,5.841255187988281e-06,7.692036888329312e-06,7999.0,7999.0,0.0,nan,nan,nan,new
MLP,0.5,30,5.0,7.954110515129287e-06,1.0,3.996149644081015e-06,4.038214683532715e-06,3.996149644081015e-06,2200.0,7999.0,0.0,nan,nan,nan,new
MLP,0.5,30,8.0,7.954110515129287e-06,1.0,6.7467926783137955e-06,7.808208465576172e-06,6.7467926783137955e-06,3200.0,7999.0,0.0,nan,nan,nan,new
MLP,0.5,30,12.0,7.954110515129287e-06,1.0,6.118198598414892e-06,5.990266799926758e-06,6.118198598414892e-06,7999.0,7999.0,0.0,nan,nan,nan,new
MLP,0.5,40,1.0,4.111986982024973e-06,1.0,2.7523140033736126e-06,2.4437904357910156e-06,2.7523140033736126e-06,5200.0,7999.0,0.0,nan,nan,nan,new
MLP,0.5,40,2.0,4.111986982024973e-06,1.0,2.3179886738944333e-06,2.4437904357910156e-06,2.3179886738944333e-06,5200.0,7999.0,0.0,nan,nan,nan,new
MLP,0.5,40,3.0,4.111986982024973e-06,1.0,1.5752361832710449e-06,1.911073923110962e-06,1.5752361832710449e-06,4200.0,7999.0,0.0,nan,nan,nan,new
MLP,0.5,40,5.0,4.111986982024973e-06,1.0,4.552096015686402e-06,4.298985004425049e-06,4.552096015686402e-06,2200.0,7999.0,0.0,nan,nan,nan,new
MLP,0.5,40,8.0,4.111986982024973e-06,1.0,3.347536221554037e-06,2.8908252716064453e-06,3.347536221554037e-06,5400.0,7999.0,0.0,nan,nan,nan,new
MLP,0.5,40,12.0,4.111986982024973e-06,1.0,2.5174576876452193e-06,2.7567148208618164e-06,2.5174576876452193e-06,1400.0,7999.0,0.0,nan,nan,nan,new
MLP,1.0,0,1.0,1.0105004548677243e-05,1.0,3.211152488802327e-06,1.952052116394043e-06,3.211152488802327e-06,4200.0,7999.0,0.0,nan,nan,nan,new
MLP,1.0,0,2.0,1.0105004548677243e-05,1.0,4.0036738937487826e-06,2.2522290237247944e-06,4.0036738937487826e-06,2600.0,7999.0,0.0,nan,nan,nan,new
MLP,1.0,0,3.0,1.0105004548677243e-05,1.0,5.784449967904948e-06,3.2633543014526367e-06,5.784449967904948e-06,2600.0,7999.0,0.0,nan,nan,nan,new
MLP,1.0,0,5.0,1.0105004548677243e-05,1.0,7.803398148098495e-06,3.889203071594238e-06,7.803398148098495e-06,1400.0,7999.0,0.0,nan,nan,nan,new
MLP,1.0,0,8.0,1.0105004548677243e-05,1.0,1.2894916835648473e-05,5.990266799926758e-06,1.2894916835648473e-05,800.0,7999.0,0.0,nan,nan,nan,new
MLP,1.0,0,12.0,1.0105004548677243e-05,1.0,5.48950220036204e-06,2.950429916381836e-06,5.48950220036204e-06,600.0,7999.0,0.0,nan,nan,nan,new
MLP,1.0,10,1.0,4.6192317313398235e-06,1.0,1.0168845392399817e-06,5.960464477539062e-07,1.0168845392399817e-06,1000.0,7999.0,0.0,nan,nan,nan,new
MLP,1.0,10,2.0,4.6192317313398235e-06,1.0,1.2729560694424435e-06,7.967464625835419e-07,1.2729560694424435e-06,1200.0,7999.0,0.0,nan,nan,nan,new
MLP,1.0,10,3.0,4.6192317313398235e-06,1.0,1.8335679214942502e-06,1.1622905731201172e-06,1.8335679214942502e-06,800.0,7999.0,0.0,nan,nan,nan,new
MLP,1.0,10,5.0,4.6192317313398235e-06,1.0,2.491840405127732e-06,1.4156103134155273e-06,2.491840405127732e-06,2800.0,7999.0,0.0,nan,nan,nan,new
MLP,1.0,10,8.0,4.6192317313398235e-06,1.0,1.4001411727804225e-06,7.748603820800781e-07,1.4001411727804225e-06,1200.0,7999.0,0.0,nan,nan,nan,new
MLP,1.0,10,12.0,4.6192317313398235e-06,1.0,2.4401203972956864e-06,1.385807991027832e-06,2.4401203972956864e-06,2800.0,7999.0,0.0,nan,nan,nan,new
MLP,1.0,20,1.0,8.711276677786373e-07,1.0,3.841778379864991e-06,1.966021955013275e-06,3.841778379864991e-06,1400.0,7999.0,0.0,nan,nan,nan,new
MLP,1.0,20,2.0,8.711276677786373e-07,1.0,1.5845066627662163e-06,7.972121238708496e-07,1.5845066627662163e-06,800.0,7999.0,0.0,nan,nan,nan,new
MLP,1.0,20,3.0,8.711276677786373e-07,1.0,1.6511593230461585e-06,9.723007678985596e-07,1.6511593230461585e-06,1000.0,7999.0,0.0,nan,nan,nan,new
MLP,1.0,20,5.0,8.711276677786373e-07,1.0,1.9089263787464006e-06,1.0728836059570312e-06,1.9089263787464006e-06,1000.0,7999.0,0.0,nan,nan,nan,new
MLP,1.0,20,8.0,8.711276677786373e-07,1.0,2.0231748294463614e-06,1.2218952178955078e-06,2.0231748294463614e-06,1200.0,7999.0,0.0,nan,nan,nan,new
MLP,1.0,20,12.0,8.711276677786373e-07,1.0,2.6311386136512738e-06,1.2665987014770508e-06,2.6311386136512738e-06,600.0,7999.0,0.0,nan,nan,nan,new
MLP,1.0,30,1.0,1.7334427866444457e-06,1.0,1.9694653019541875e-06,1.2367963790893555e-06,1.9694653019541875e-06,1000.0,7999.0,0.0,nan,nan,nan,new
MLP,1.0,30,2.0,1.7334427866444457e-06,1.0,2.083956815113197e-06,1.1175870895385742e-06,2.083956815113197e-06,800.0,7999.0,0.0,nan,nan,nan,new
MLP,1.0,30,3.0,1.7334427866444457e-06,1.0,1.5311038623622153e-06,8.977949619293213e-07,1.5311038623622153e-06,1400.0,7999.0,0.0,nan,nan,nan,new
MLP,1.0,30,5.0,1.7334427866444457e-06,1.0,1.8829045984603e-06,1.1622905731201172e-06,1.8829045984603e-06,800.0,7999.0,0.0,nan,nan,nan,new
MLP,1.0,30,8.0,1.7334427866444457e-06,1.0,1.2049157476212713e-06,7.003545761108398e-07,1.2049157476212713e-06,1800.0,7999.0,0.0,nan,nan,nan,new
MLP,1.0,30,12.0,1.7334427866444457e-06,1.0,1.3311585007613758e-06,7.972121238708496e-07,1.3311585007613758e-06,1600.0,7999.0,0.0,nan,nan,nan,new
MLP,1.0,40,1.0,1.6450119346700376e-06,1.0,1.320561295869993e-06,7.003545761108398e-07,1.320561295869993e-06,1800.0,7999.0,0.0,nan,nan,nan,new
MLP,1.0,40,2.0,1.6450119346700376e-06,1.0,5.768497430835851e-07,3.3527612686157227e-07,5.768497430835851e-07,1600.0,7999.0,0.0,nan,nan,nan,new
MLP,1.0,40,3.0,1.6450119346700376e-06,1.0,1.115665781981079e-06,5.811452865600586e-07,1.115665781981079e-06,200.0,7999.0,0.0,nan,nan,nan,new
MLP,1.0,40,5.0,1.6450119346700376e-06,1.0,1.094433969228703e-06,6.258487701416016e-07,1.094433969228703e-06,1600.0,7999.0,0.0,nan,nan,nan,new
MLP,1.0,40,8.0,1.6450119346700376e-06,1.0,9.277124490836286e-07,5.21540641784668e-07,9.277124490836286e-07,1000.0,7999.0,0.0,nan,nan,nan,new
MLP,1.0,40,12.0,1.6450119346700376e-06,1.0,4.2443213033038774e-07,2.682209014892578e-07,4.2443213033038774e-07,200.0,7999.0,0.0,nan,nan,nan,new
Hi,0.05,5,1.0,0.05398361384868622,1,0.012321459129452705,0.03201943635940552,0.034912507981061935,3200,7999,0,4.451683631273685,54.97646982240197,0.10276452451944351,new
Hi,0.05,5,2.0,0.05398361384868622,1,0.02040882222354412,0.0390009880065918,0.046361133456230164,7999,7999,0,7.16752229410944,5131.87151861858,0.10391545295715332,new
Hi,0.05,5,3.0,0.05398361384868622,1,0.015871893614530563,0.03545045852661133,0.04081147909164429,1600,7999,0,8.91209330943595,200.31458081388948,0.10441748797893524,new
Hi,0.05,5,5.0,0.05398361384868622,1,0.015544173307716846,0.03560358285903931,0.040280748158693314,6200,7999,0,10.963304271752886,857.6903458395419,0.10487564653158188,new
Hi,0.05,5,8.0,0.05398361384868622,1,0.013906789012253284,0.03261810541152954,0.036772001534700394,7800,7999,0,12.52197919197046,272.5279375645174,0.10515648871660233,new
Hi,0.05,5,12.0,0.05398361384868622,1,0.021560734137892723,0.044895827770233154,0.05134057626128197,7400,7999,0,13.564268331999097,1063.3448223019323,0.10531917959451675,new
Hi,0.05,15,1.0,0.0621233731508255,0,0.06181320920586586,0.22179695963859558,0.23239818215370178,4200,7999,0,179.54503119519782,586.4018917744024,0.10799989849328995,new
Hi,0.05,15,2.0,0.0621233731508255,0,0.06325975805521011,0.21089878678321838,0.2223367691040039,3200,7999,0,231.44750767200256,602.0030506927671,0.10796062648296356,new
Hi,0.05,15,3.0,0.0621233731508255,0,0.06143694743514061,0.21011099219322205,0.22143076360225677,4400,7999,0,258.05944605843484,1276.6750023165407,0.10793883353471756,new
Hi,0.05,15,5.0,0.0621233731508255,0,0.058383435010910034,0.20404386520385742,0.21498225629329681,3600,7999,0,284.9083926258286,510.34171309618563,0.10791053622961044,new
Hi,0.05,15,8.0,0.0621233731508255,0,0.0652824193239212,0.2197607308626175,0.23150677978992462,1000,7999,0,302.87493671391087,94.40803581091309,0.107886902987957,new
Hi,0.05,15,12.0,0.0621233731508255,0,0.06551875174045563,0.21103417873382568,0.22316357493400574,1200,7999,0,313.9402891781785,285.972759216211,0.10787028074264526,new
Hi,0.05,25,1.0,0.07382602989673615,0,0.0555066242814064,0.19595344364643097,0.2054930031299591,5200,7999,0,538.0395753370354,6719.025848767759,0.12430413067340851,new
Hi,0.05,25,2.0,0.07382602989673615,0,0.05392513424158096,0.1924450844526291,0.20072993636131287,7000,7999,0,729.5879426556586,7679.746813803317,0.12163829058408737,new
Hi,0.05,25,3.0,0.07382602989673615,0,0.0551825650036335,0.19211608171463013,0.2028082311153412,7800,7999,0,832.6411747162978,11493.00202286464,0.12039855867624283,new
Hi,0.05,25,5.0,0.07382602989673615,0,0.05052604153752327,0.17677783966064453,0.18608850240707397,7800,7999,0,939.8793885549187,8616.968523605212,0.11920546740293503,new
Hi,0.05,25,8.0,0.07382602989673615,0,0.052714500576257706,0.18516172468662262,0.19420452415943146,6800,7999,0,1013.4614311216309,4941.9654857099285,0.11843189597129822,new
Hi,0.05,25,12.0,0.07382602989673615,0,0.04945198819041252,0.17482857406139374,0.1846916675567627,7999,7999,0,1059.5031206033423,1918.6202561594446,0.11796349287033081,new
Hi,0.05,35,1.0,0.07586420327425003,0,0.015108545310795307,0.028044283390045166,0.035050518810749054,6400,7999,0,1.1055826570937797,1369.8177824507632,0.008913989178836346,new
Hi,0.05,35,2.0,0.07586420327425003,0,0.018083568662405014,0.03929084539413452,0.044681571424007416,7000,7999,0,1.7543785895162425,432.9410885229703,0.010996747761964798,new
Hi,0.05,35,3.0,0.07586420327425003,0,0.01997304894030094,0.03558593988418579,0.0457112118601799,7000,7999,0,2.1660055206757387,2396.556099450831,0.012145208194851875,new
Hi,0.05,35,5.0,0.07586420327425003,0,0.022868435829877853,0.041764140129089355,0.051443565636873245,7999,7999,0,2.6459560754867524,2523.723463592198,0.01336636021733284,new
Hi,0.05,35,8.0,0.07586420327425003,0,0.02209014818072319,0.043874502182006836,0.05115039274096489,7999,7999,0,3.00819381679216,3229.4377284334546,0.014221816323697567,new
Hi,0.05,35,12.0,0.07586420327425003,0,0.021894274279475212,0.05262911319732666,0.05834496393799782,3400,7999,0,3.249374867421348,1283.4603935737932,0.014765077270567417,new
Hi,0.05,45,1.0,0.0533234067261219,1,0.01710004173219204,0.05095118284225464,0.054473523050546646,6800,7999,0,0.1480713290954424,251.26480936211607,0.03537653386592865,new
Hi,0.05,45,2.0,0.0533234067261219,1,0.02317946031689644,0.059216082096099854,0.06228307634592056,4200,7999,0,0.23594356538186465,468.93957043911587,0.039772506803274155,new
Hi,0.05,45,3.0,0.0533234067261219,1,0.02460978738963604,0.0659908652305603,0.06902753561735153,6800,7999,0,0.294325710465256,285.6838227317797,0.042435381561517715,new
Hi,0.05,45,5.0,0.0533234067261219,1,0.018009968101978302,0.04848545789718628,0.05152598023414612,3400,7999,0,0.36477166591650895,83.66020137849283,0.04541407525539398,new
Hi,0.05,45,8.0,0.0533234067261219,1,0.02728542871773243,0.06641894578933716,0.07172955572605133,5000,7999,0,0.4195164886976954,863.0124086206483,0.04757954180240631,new
Hi,0.05,45,12.0,0.0533234067261219,1,0.02864835597574711,0.06840157508850098,0.07418813556432724,3000,7999,0,0.456672626331308,203.4972380834761,0.048985086381435394,new
Hi,0.05,50,1.0,0.07871128618717194,0,0.037035878747701645,0.12691903114318848,0.13411009311676025,6400,7999,0,39.573025734272626,555.4679562842272,0.18535663187503815,new
Hi,0.05,50,2.0,0.07871128618717194,0,0.035053785890340805,0.12063539028167725,0.12566480040550232,5000,7999,0,53.194862607849345,1086.5999524518002,0.18660546839237213,new
Hi,0.05,50,3.0,0.07871128618717194,0,0.03848349303007126,0.11512783169746399,0.1215120255947113,5600,7999,0,60.48095749172216,2229.347630919408,0.18702432513237,new
Hi,0.05,50,5.0,0.07871128618717194,0,0.036215972155332565,0.10418781638145447,0.10988786816596985,7200,7999,0,68.03694089013226,1249.76126708876,0.1873447448015213,new
Hi,0.05,50,8.0,0.07871128618717194,0,0.03472360968589783,0.11457085609436035,0.11985684931278229,7600,7999,0,73.20814701378254,1477.388906120512,0.18751315772533417,new
Hi,0.05,50,12.0,0.07871128618717194,0,0.042344387620687485,0.12199053168296814,0.1285681277513504,7200,7999,0,76.43898356473908,10497.521088921927,0.18760111927986145,new
Hi,0.1,5,1.0,0.0867343544960022,0,0.03416648134589195,0.08018887042999268,0.08480632305145264,7000,7999,0,0.006665575612119588,65.06988434806894,-0.04149762913584709,new
Hi,0.1,5,2.0,0.0867343544960022,0,0.039644695818424225,0.09343455731868744,0.0987129956483841,5600,7999,0,0.008156579037765033,69.45637111763551,-0.04043755307793617,new
Hi,0.1,5,3.0,0.0867343544960022,0,0.04177749902009964,0.09466633200645447,0.10031278431415558,6600,7999,0,0.008923658219935343,86.67593052176163,-0.03988325968384743,new
Hi,0.1,5,5.0,0.0867343544960022,0,0.04134833440184593,0.09531527757644653,0.1010192260146141,7000,7999,0,0.009701667241350112,60.93722791004644,-0.039321865886449814,new
Hi,0.1,5,8.0,0.0867343544960022,0,0.041340868920087814,0.09570392966270447,0.10048584640026093,3800,7999,0,0.010225283229701924,19.88154782020953,-0.0389459952712059,new
Hi,0.1,5,12.0,0.0867343544960022,0,0.0398903489112854,0.09498099982738495,0.09864256531000137,6200,7999,0,0.010549153557181409,10.847293661259572,-0.038714636117219925,new
Hi,0.1,15,1.0,0.0481155700981617,1,0.03966328874230385,0.09084513783454895,0.09550832957029343,4000,7999,0,433.14895844269324,854.0473293796936,0.04842763766646385,new
Hi,0.1,15,2.0,0.0481155700981617,1,0.039781905710697174,0.088198721408844,0.09443556517362595,6200,7999,0,518.8670888392337,328.0991130299352,0.04420612379908562,new
Hi,0.1,15,3.0,0.0481155700981617,1,0.03511907905340195,0.08328180015087128,0.0861436277627945,6600,7999,0,560.5971007757997,1428.6436251179903,0.042287666350603104,new
Hi,0.1,15,5.0,0.0481155700981617,1,0.0397452749311924,0.09045678377151489,0.09458744525909424,7200,7999,0,601.0460601896248,540.8424239712922,0.04048027843236923,new
Hi,0.1,15,8.0,0.0481155700981617,1,0.039357420057058334,0.0886220932006836,0.09365307539701462,7600,7999,0,627.1412728429743,1638.6188717257262,0.039332225918769836,new
Hi,0.1,15,12.0,0.0481155700981617,1,0.03917819634079933,0.08567211031913757,0.09149283170700073,2400,7999,0,642.8119828908825,471.1003339913996,0.03864706680178642,new
Hi,0.1,25,1.0,0.06700082868337631,0,0.02017103135585785,0.04376646876335144,0.045482292771339417,5200,7999,0,19.376771274713953,171.4647138288511,0.08663070201873779,new
Hi,0.1,25,2.0,0.06700082868337631,0,0.02266758307814598,0.046312928199768066,0.049081072211265564,6200,7999,0,24.632253138969485,314.2936265127325,0.08225184679031372,new
Hi,0.1,25,3.0,0.06700082868337631,0,0.021542593836784363,0.04437530040740967,0.047079429030418396,6400,7999,0,27.42609912248486,457.8558929219183,0.08050593733787537,new
Hi,0.1,25,5.0,0.06700082868337631,0,0.026343142613768578,0.0526885986328125,0.05638132989406586,4000,7999,0,30.319404606582427,228.77921294005858,0.07899010926485062,new
Hi,0.1,25,8.0,0.06700082868337631,0,0.021124372258782387,0.04811862111091614,0.04964011162519455,6600,7999,0,32.29960133858225,678.9993528955142,0.07808886468410492,new
Hi,0.1,25,12.0,0.06700082868337631,0,0.021688418462872505,0.045116424560546875,0.048032406717538834,6600,7999,0,33.53741874859637,48.90684451295468,0.07757288217544556,new
Hi,0.1,35,1.0,0.10665474832057953,0,0.022734301164746284,0.050661325454711914,0.05408628284931183,5800,7999,0,0.011161415578747268,133.22481446851384,0.05900879576802254,new
Hi,0.1,35,2.0,0.10665474832057953,0,0.028575895354151726,0.062421560287475586,0.06629196554422379,6800,7999,0,0.013852379491877242,279.5558573690361,0.06121659651398659,new
Hi,0.1,35,3.0,0.10665474832057953,0,0.029663244262337685,0.06269824504852295,0.06705522537231445,3200,7999,0,0.015250242417839463,27.56467217212944,0.06211142614483833,new
Hi,0.1,35,5.0,0.10665474832057953,0,0.02936512790620327,0.059336066246032715,0.0634443610906601,6000,7999,0,0.016677124932403847,367.09496428183314,0.06289923191070557,new
Hi,0.1,35,8.0,0.10665474832057953,0,0.030455203726887703,0.061688363552093506,0.0667395368218422,4400,7999,0,0.017642546110505804,54.126366486321096,0.063373863697052,new
Hi,0.1,35,12.0,0.10665474832057953,0,0.026475129649043083,0.05606400966644287,0.05992552265524864,5400,7999,0,0.018241715529812075,177.22372766850276,0.06364814192056656,new
Hi,0.1,45,1.0,0.05512723699212074,1,0.05051763355731964,0.1173553615808487,0.12371446937322617,6400,7999,0,793.182735089093,817.9165048216778,0.15869899094104767,new
Hi,0.1,45,2.0,0.05512723699212074,1,0.04856569692492485,0.11453694105148315,0.12037727981805801,4600,7999,0,1035.6155765043663,87.4735318574042,0.15850256383419037,new
Hi,0.1,45,3.0,0.05512723699212074,1,0.04897189140319824,0.11459100246429443,0.12086296826601028,7000,7999,0,1165.7350113038585,613.5719447425889,0.15833669900894165,new
Hi,0.1,45,5.0,0.05512723699212074,1,0.048520129173994064,0.11327770352363586,0.12009772658348083,6000,7999,0,1300.7986876431619,183.2694707719361,0.15810726583003998,new
Hi,0.1,45,8.0,0.05512723699212074,1,0.05249999836087227,0.12168091535568237,0.12784934043884277,6800,7999,0,1393.1969297618582,571.4249010141154,0.1579144150018692,new
Hi,0.1,45,12.0,0.05512723699212074,1,0.05139535292983055,0.11711364984512329,0.12435120344161987,4600,7999,0,1450.869155168833,315.3898190592388,0.1577787846326828,new
Hi,0.1,50,1.0,0.022390607744455338,1,0.01404251903295517,0.024628818035125732,0.02765757031738758,0,7999,0,538.438566492676,715.6395164355627,0.06583993136882782,new
Hi,0.1,50,2.0,0.022390607744455338,1,0.015063842758536339,0.025923192501068115,0.029677238315343857,0,7999,0,747.5742660897286,1134.5556252287824,0.06579885631799698,new
Hi,0.1,50,3.0,0.022390607744455338,1,0.014833468943834305,0.02571028470993042,0.02926991693675518,0,7999,0,867.9283744333632,1398.6357083485707,0.06566555798053741,new
Hi,0.1,50,5.0,0.022390607744455338,1,0.015208314172923565,0.02613455057144165,0.03008887730538845,0,7999,0,998.9399473582151,1674.6978245731198,0.06545732915401459,new
Hi,0.1,50,8.0,0.022390607744455338,1,0.015543884597718716,0.02663356065750122,0.030733391642570496,0,7999,0,1092.183130180731,1907.761362312908,0.06527651846408844,new
Hi,0.1,50,12.0,0.022390607744455338,1,0.015810223296284676,0.02705150842666626,0.031185878440737724,0,7999,0,1151.8883720959323,2041.9942509384396,0.06514839828014374,new
Hi,0.3,5,1.0,0.0486527718603611,1,0.028220612555742264,0.030813254415988922,0.03139517083764076,7800,7999,0,6.381856934138666,710.184529639452,0.007100656628608704,new
Hi,0.3,5,2.0,0.0486527718603611,1,0.030728952959179878,0.03489622473716736,0.034184377640485764,7400,7999,0,6.24626684202879,305.38542949850387,0.005751868709921837,new
Hi,0.3,5,3.0,0.0486527718603611,1,0.026386309415102005,0.030921906232833862,0.029352393001317978,7999,7999,0,6.1875679558764185,231.8771491734771,0.005111665464937687,new
Hi,0.3,5,5.0,0.0486527718603611,1,0.027827642858028412,0.03155386447906494,0.030957093462347984,7999,7999,0,6.134198224115515,954.7986157365647,0.004493618384003639,new
Hi,0.3,5,8.0,0.0486527718603611,1,0.027772193774580956,0.03155285120010376,0.03089389204978943,7999,7999,0,6.101335955860069,204.79950388753136,0.004093483556061983,new
Hi,0.3,5,12.0,0.0486527718603611,1,0.027976665645837784,0.03270202875137329,0.031115911900997162,7800,7999,0,6.082126744736787,108.94134431761215,0.0038520721718668938,new
Hi,0.3,15,1.0,0.06382589787244797,0,0.028941359370946884,0.03334134817123413,0.032196685671806335,6800,7999,0,5.260568486867236,216.05480637281852,0.2435264140367508,new
Hi,0.3,15,2.0,0.06382589787244797,0,0.028689106926321983,0.03278544545173645,0.031916894018650055,7600,7999,0,5.398195167782572,358.17796375724294,0.2452349066734314,new
Hi,0.3,15,3.0,0.06382589787244797,0,0.02732580341398716,0.03107696771621704,0.030398735776543617,7999,7999,0,5.468905570089413,469.50851137580213,0.24589848518371582,new
Hi,0.3,15,5.0,0.06382589787244797,0,0.02595960721373558,0.029192253947257996,0.02887963503599167,7400,7999,0,5.540671038771433,987.4988921789575,0.24644656479358673,new
Hi,0.3,15,8.0,0.06382589787244797,0,0.025740548968315125,0.030102282762527466,0.028632307425141335,6600,7999,0,5.589030311349286,232.57094995890324,0.24675187468528748,new
Hi,0.3,15,12.0,0.06382589787244797,0,0.026543598622083664,0.029738321900367737,0.029526948928833008,7200,7999,0,5.618972447875557,194.53279574974718,0.2469170242547989,new
Hi,0.3,25,1.0,0.02745625749230385,1,0.005739492829889059,0.006238758563995361,0.006378293968737125,7800,7999,0,16.78625204703428,363.77815952779815,-0.008610154502093792,new
Hi,0.3,25,2.0,0.02745625749230385,1,0.006443414371460676,0.006316483020782471,0.007159245666116476,6200,7999,0,16.952325987427205,189.89433493543794,-0.008329019881784916,new
Hi,0.3,25,3.0,0.02745625749230385,1,0.007604359649121761,0.00880458950996399,0.008453963324427605,6200,7999,0,17.034364480357834,444.2495173036805,-0.008181462995707989,new
Hi,0.3,25,5.0,0.02745625749230385,1,0.00707411440089345,0.007662773132324219,0.007859261706471443,7800,7999,0,17.11552775577132,695.9378513930418,-0.008030448108911514,new
Hi,0.3,25,8.0,0.02745625749230385,1,0.00551360659301281,0.00541764497756958,0.006128861103206873,5600,7999,0,17.169080783478798,367.6125952218759,-0.007928241975605488,new
Hi,0.3,25,12.0,0.02745625749230385,1,0.006846785079687834,0.007022678852081299,0.0076056914404034615,7600,7999,0,17.20179783273876,941.2255555949529,-0.007864848710596561,new
Hi,0.3,35,1.0,0.03620963171124458,1,0.006333888042718172,0.007300853729248047,0.007036716677248478,6800,7999,0,21.377821813479553,232.8416229078681,0.14951062202453613,new
Hi,0.3,35,2.0,0.03620963171124458,1,0.008025036193430424,0.008037328720092773,0.008917697705328465,5800,7999,0,22.69149950999246,278.55184801955784,0.1494636833667755,new
Hi,0.3,35,3.0,0.03620963171124458,1,0.010140878148376942,0.011693418025970459,0.011270558461546898,6400,7999,0,23.36362048390825,418.10526811644036,0.14938311278820038,new
Hi,0.3,35,5.0,0.03620963171124458,1,0.007617775350809097,0.007533848285675049,0.008464044891297817,7200,7999,0,24.044481650644887,274.9057587466835,0.14926868677139282,new
Hi,0.3,35,8.0,0.03620963171124458,1,0.008510943502187729,0.008741021156311035,0.009459479711949825,6800,7999,0,24.502724453974494,570.8161242443203,0.14917506277561188,new
Hi,0.3,35,12.0,0.03620963171124458,1,0.009326111525297165,0.01077413558959961,0.010365119203925133,6600,7999,0,24.786276173386586,1278.9112913920842,0.14911101758480072,new
Hi,0.3,45,1.0,0.04415512457489967,1,0.024101754650473595,0.028455138206481934,0.026806863024830818,7400,7999,0,12.59682290751785,164.16574294723745,-0.028153613209724426,new
Hi,0.3,45,2.0,0.04415512457489967,1,0.021208377555012703,0.023933231830596924,0.02359100989997387,7600,7999,0,12.531764511847946,176.8662382451582,-0.02883945405483246,new
Hi,0.3,45,3.0,0.04415512457489967,1,0.02394215390086174,0.028294801712036133,0.026632267981767654,6600,7999,0,12.498965381719692,121.97755033836461,-0.02919759601354599,new
Hi,0.3,45,5.0,0.04415512457489967,1,0.02083868905901909,0.024164289236068726,0.023180173709988594,7400,7999,0,12.466104615713785,92.4794245179655,-0.029564276337623596,new
Hi,0.3,45,8.0,0.04415512457489967,1,0.021504856646060944,0.025442689657211304,0.023921485990285873,7800,7999,0,12.444192587942783,172.09406103110624,-0.029812706634402275,new
Hi,0.3,45,12.0,0.04415512457489967,1,0.019286969676613808,0.022427797317504883,0.021454527974128723,7600,7999,0,12.430720107039654,180.97054783022594,-0.029967106878757477,new
Hi,0.3,50,1.0,0.03867504373192787,1,0.009860304184257984,0.011311829090118408,0.01095588319003582,7400,7999,0,11.918085905203405,71.71397566799382,0.02386041358113289,new
Hi,0.3,50,2.0,0.03867504373192787,1,0.008958518505096436,0.009868502616882324,0.009955043904483318,6600,7999,0,12.401927005678477,316.33610629738024,0.023789117112755775,new
Hi,0.3,50,3.0,0.03867504373192787,1,0.007966093719005585,0.00774073600769043,0.008851486258208752,7800,7999,0,12.646959297213828,125.36656265679059,0.023764366284012794,new
Hi,0.3,50,5.0,0.03867504373192787,1,0.006995853967964649,0.007012784481048584,0.007774223107844591,7600,7999,0,12.893429083847881,288.0208988833593,0.023746220394968987,new
Hi,0.3,50,8.0,0.03867504373192787,1,0.0072190603241324425,0.00817793607711792,0.008021658286452293,6600,7999,0,13.058330950434712,197.0047995134936,0.023737577721476555,new
Hi,0.3,50,12.0,0.03867504373192787,1,0.008032312616705894,0.007703959941864014,0.008921896107494831,6000,7999,0,13.15998422735119,103.00819519105991,0.023733559995889664,new
Hi,0.5,5,1.0,0.03204825147986412,1,0.0028484121430665255,0.002551168203353882,0.0028484121430665255,7200,7999,0,nan,nan,nan,new
Hi,0.5,5,2.0,0.03204825147986412,1,0.0021694579627364874,0.0017013251781463623,0.0021694579627364874,6400,7999,0,nan,nan,nan,new
Hi,0.5,5,3.0,0.03204825147986412,1,0.002000262029469013,0.0014153718948364258,0.002000262029469013,7400,7999,0,nan,nan,nan,new
Hi,0.5,5,5.0,0.03204825147986412,1,0.002603136235848069,0.0020629167556762695,0.002603136235848069,5600,7999,0,nan,nan,nan,new
Hi,0.5,5,8.0,0.03204825147986412,1,0.003029216080904007,0.0027264952659606934,0.003029216080904007,6400,7999,0,nan,nan,nan,new
Hi,0.5,5,12.0,0.03204825147986412,1,0.0032707969658076763,0.002963811159133911,0.0032707969658076763,7000,7999,0,nan,nan,nan,new
Hi,0.5,15,1.0,0.02721814252436161,1,0.004564582370221615,0.003600209951400757,0.004564582370221615,6400,7999,0,nan,nan,nan,new
Hi,0.5,15,2.0,0.02721814252436161,1,0.005097751971334219,0.0036163032054901123,0.005097751971334219,7999,7999,0,nan,nan,nan,new
Hi,0.5,15,3.0,0.02721814252436161,1,0.003998560830950737,0.002996981143951416,0.003998560830950737,7999,7999,0,nan,nan,nan,new
Hi,0.5,15,5.0,0.02721814252436161,1,0.005491758696734905,0.004572689533233643,0.005491758696734905,7200,7999,0,nan,nan,nan,new
Hi,0.5,15,8.0,0.02721814252436161,1,0.006067629437893629,0.005027711391448975,0.006067629437893629,7800,7999,0,nan,nan,nan,new
Hi,0.5,15,12.0,0.02721814252436161,1,0.005757744889706373,0.0052072107791900635,0.005757744889706373,7999,7999,0,nan,nan,nan,new
Hi,0.5,25,1.0,0.022673731669783592,1,0.002537420019507408,0.0020601749420166016,0.002537420019507408,3000,7999,0,nan,nan,nan,new
Hi,0.5,25,2.0,0.022673731669783592,1,0.0019756366964429617,0.00164833664894104,0.0019756366964429617,5600,7999,0,nan,nan,nan,new
Hi,0.5,25,3.0,0.022673731669783592,1,0.0029999304097145796,0.002400219440460205,0.0029999304097145796,6400,7999,0,nan,nan,nan,new
Hi,0.5,25,5.0,0.022673731669783592,1,0.002064445521682501,0.0015086531639099121,0.002064445521682501,7600,7999,0,nan,nan,nan,new
Hi,0.5,25,8.0,0.022673731669783592,1,0.0029138396494090557,0.0023634135723114014,0.0029138396494090557,7999,7999,0,nan,nan,nan,new
Hi,0.5,25,12.0,0.022673731669783592,1,0.0024910809006541967,0.0021895617246627808,0.0024910809006541967,6200,7999,0,nan,nan,nan,new
Hi,0.5,35,1.0,0.02149922214448452,1,0.0015779928071424365,0.001776270568370819,0.0015779928071424365,7800,7999,0,nan,nan,nan,new
Hi,0.5,35,2.0,0.02149922214448452,1,0.0022890071850270033,0.0017979145050048828,0.0022890071850270033,5800,7999,0,nan,nan,nan,new
Hi,0.5,35,3.0,0.02149922214448452,1,0.002280743792653084,0.0018792152404785156,0.002280743792653084,7400,7999,0,nan,nan,nan,new
Hi,0.5,35,5.0,0.02149922214448452,1,0.0023475470952689648,0.0019331574440002441,0.0023475470952689648,6600,7999,0,nan,nan,nan,new
Hi,0.5,35,8.0,0.02149922214448452,1,0.0021430549677461386,0.001988142728805542,0.0021430549677461386,7200,7999,0,nan,nan,nan,new
Hi,0.5,35,12.0,0.02149922214448452,1,0.0023346946109086275,0.0018528103828430176,0.0023346946109086275,3400,7999,0,nan,nan,nan,new
Hi,0.5,45,1.0,0.030122974887490273,1,0.0030922589357942343,0.0022211670875549316,0.0030922589357942343,4800,7999,0,nan,nan,nan,new
Hi,0.5,45,2.0,0.030122974887490273,1,0.002460838994011283,0.0021995604038238525,0.002460838994011283,7800,7999,0,nan,nan,nan,new
Hi,0.5,45,3.0,0.030122974887490273,1,0.0025210354942828417,0.001995682716369629,0.0025210354942828417,6800,7999,0,nan,nan,nan,new
Hi,0.5,45,5.0,0.030122974887490273,1,0.0034656382631510496,0.0025348961353302,0.0034656382631510496,5400,7999,0,nan,nan,nan,new
Hi,0.5,45,8.0,0.030122974887490273,1,0.0017550468910485506,0.0015526413917541504,0.0017550468910485506,7400,7999,0,nan,nan,nan,new
Hi,0.5,45,12.0,0.030122974887490273,1,0.002448226325213909,0.0022956430912017822,0.002448226325213909,4600,7999,0,nan,nan,nan,new
Hi,0.5,50,1.0,0.030701473355293274,1,0.002442676341161132,0.0020394325256347656,0.002442676341161132,7800,7999,0,nan,nan,nan,new
Hi,0.5,50,2.0,0.030701473355293274,1,0.0022847112268209457,0.0020115673542022705,0.0022847112268209457,6000,7999,0,nan,nan,nan,new
Hi,0.5,50,3.0,0.030701473355293274,1,0.0023028599098324776,0.002004772424697876,0.0023028599098324776,7999,7999,0,nan,nan,nan,new
Hi,0.5,50,5.0,0.030701473355293274,1,0.003259178251028061,0.0027782320976257324,0.003259178251028061,6800,7999,0,nan,nan,nan,new
Hi,0.5,50,8.0,0.030701473355293274,1,0.003315795911476016,0.0026592910289764404,0.003315795911476016,6000,7999,0,nan,nan,nan,new
Hi,0.5,50,12.0,0.030701473355293274,1,0.0035726288333535194,0.0029283463954925537,0.0035726288333535194,4600,7999,0,nan,nan,nan,new
Hi,1.0,5,1.0,0.029755664989352226,1,0.0003146845265291631,0.00016805529594421387,0.0003146845265291631,6000,7999,0,nan,nan,nan,new
Hi,1.0,5,2.0,0.029755664989352226,1,0.00014897578512318432,6.690621376037598e-05,0.00014897578512318432,1600,7999,0,nan,nan,nan,new
Hi,1.0,5,3.0,0.029755664989352226,1,3.003557685588021e-05,1.730024814605713e-05,3.003557685588021e-05,7200,7999,0,nan,nan,nan,new
Hi,1.0,5,5.0,0.029755664989352226,1,0.0003694643673952669,0.00015173852443695068,0.0003694643673952669,5400,7999,0,nan,nan,nan,new
Hi,1.0,5,8.0,0.029755664989352226,1,0.0007368505466729403,0.00031563639640808105,0.0007368505466729403,6200,7999,0,nan,nan,nan,new
Hi,1.0,5,12.0,0.029755664989352226,1,0.0004088259593117982,0.00016075372695922852,0.0004088259593117982,5600,7999,0,nan,nan,nan,new
Hi,1.0,15,1.0,0.0292171910405159,1,0.00025396645651198924,0.00010158121585845947,0.00025396645651198924,3600,7999,0,nan,nan,nan,new
Hi,1.0,15,2.0,0.0292171910405159,1,5.76793790969532e-05,2.8327107429504395e-05,5.76793790969532e-05,4600,7999,0,nan,nan,nan,new
Hi,1.0,15,3.0,0.0292171910405159,1,2.2406093194149435e-05,1.3709068298339844e-05,2.2406093194149435e-05,7400,7999,0,nan,nan,nan,new
Hi,1.0,15,5.0,0.0292171910405159,1,0.000807583739515394,0.0003190338611602783,0.000807583739515394,7999,7999,0,nan,nan,nan,new
Hi,1.0,15,8.0,0.0292171910405159,1,0.00042426283471286297,0.00020685791969299316,0.00042426283471286297,7999,7999,0,nan,nan,nan,new
Hi,1.0,15,12.0,0.0292171910405159,1,0.0007998996297828853,0.0003858726704493165,0.0007998996297828853,7200,7999,0,nan,nan,nan,new
Hi,1.0,25,1.0,0.030033545568585396,1,6.842406583018601e-05,3.5896897315979004e-05,6.842406583018601e-05,7800,7999,0,nan,nan,nan,new
Hi,1.0,25,2.0,0.030033545568585396,1,6.541843049490126e-06,3.591179847717285e-06,6.541843049490126e-06,5400,7999,0,nan,nan,nan,new
Hi,1.0,25,3.0,0.030033545568585396,1,4.4134427298558876e-05,2.378039062023163e-05,4.4134427298558876e-05,6000,7999,0,nan,nan,nan,new
Hi,1.0,25,5.0,0.030033545568585396,1,0.00020078170928172767,9.799003601074219e-05,0.00020078170928172767,5600,7999,0,nan,nan,nan,new
Hi,1.0,25,8.0,0.030033545568585396,1,0.000710268213879317,0.00035133957862854004,0.000710268213879317,7400,7999,0,nan,nan,nan,new
Hi,1.0,25,12.0,0.030033545568585396,1,0.0006639463827013969,0.0003307163715362549,0.0006639463827013969,7999,7999,0,nan,nan,nan,new
Hi,1.0,35,1.0,0.028383051976561546,1,9.301366662839428e-05,4.3064355850219727e-05,9.301366662839428e-05,4200,7999,0,nan,nan,nan,new
Hi,1.0,35,2.0,0.028383051976561546,1,2.6963160053128377e-05,1.3768672943115234e-05,2.6963160053128377e-05,4600,7999,0,nan,nan,nan,new
Hi,1.0,35,3.0,0.028383051976561546,1,9.916978160617873e-05,5.6803226470947266e-05,9.916978160617873e-05,3600,7999,0,nan,nan,nan,new
Hi,1.0,35,5.0,0.028383051976561546,1,0.0002354624157305807,0.00011958181858062744,0.0002354624157305807,3800,7999,0,nan,nan,nan,new
Hi,1.0,35,8.0,0.028383051976561546,1,0.000643230858258903,0.000280916690826416,0.000643230858258903,7600,7999,0,nan,nan,nan,new
Hi,1.0,35,12.0,0.028383051976561546,1,0.0009855208918452263,0.00048826634883880615,0.0009855208918452263,7200,7999,0,nan,nan,nan,new
Hi,1.0,45,1.0,0.03068215399980545,1,0.00010199801909038797,5.4255127906799316e-05,0.00010199801909038797,4200,7999,0,nan,nan,nan,new
Hi,1.0,45,2.0,0.03068215399980545,1,9.9171869806014e-05,4.466623067855835e-05,9.9171869806014e-05,4800,7999,0,nan,nan,nan,new
Hi,1.0,45,3.0,0.03068215399980545,1,0.00017324526561424136,8.767843246459961e-05,0.00017324526561424136,7400,7999,0,nan,nan,nan,new
Hi,1.0,45,5.0,0.03068215399980545,1,0.0005691351252608001,0.0002829432487487793,0.0005691351252608001,7200,7999,0,nan,nan,nan,new
Hi,1.0,45,8.0,0.03068215399980545,1,0.0009099881281144917,0.0004550814628601074,0.0009099881281144917,7000,7999,0,nan,nan,nan,new
Hi,1.0,45,12.0,0.03068215399980545,1,0.00037733683711849153,0.00023370981216430664,0.00037733683711849153,6000,7999,0,nan,nan,nan,new
Hi,1.0,50,1.0,0.030069855973124504,1,0.0008888223674148321,0.0003748983144760132,0.0008888223674148321,800,7999,0,nan,nan,nan,new
Hi,1.0,50,2.0,0.030069855973124504,1,0.0006749548483639956,0.0002720057964324951,0.0006749548483639956,3600,7999,0,nan,nan,nan,new
Hi,1.0,50,3.0,0.030069855973124504,1,0.0007020838093012571,0.0003356337547302246,0.0007020838093012571,5800,7999,0,nan,nan,nan,new
Hi,1.0,50,5.0,0.030069855973124504,1,0.0008475264767184854,0.0004068911075592041,0.0008475264767184854,4600,7999,0,nan,nan,nan,new
Hi,1.0,50,8.0,0.030069855973124504,1,0.0009492657263763249,0.00045114755630493164,0.0009492657263763249,5400,7999,0,nan,nan,nan,new
Hi,1.0,50,12.0,0.030069855973124504,1,0.0014244489138945937,0.000685766339302063,0.0014244489138945937,6000,7999,0,nan,nan,nan,new
Match,0.05,5,1.0,0.1856086254119873,0,0.06185285001993179,0.22681891918182373,0.23816852271556854,400,7999,0,5.571162875386496,51242.98367104875,0.2731998562812805,new
Match,0.05,5,2.0,0.1856086254119873,0,0.06377451866865158,0.23356331884860992,0.24545085430145264,200,7999,0,6.9224284742903555,1116.646163208792,0.25682908296585083,new
Match,0.05,5,3.0,0.1856086254119873,0,0.06455608457326889,0.23735135793685913,0.24831700325012207,200,7999,0,7.640667662681281,22923.676887169077,0.24913735687732697,new
Match,0.05,5,5.0,0.1856086254119873,0,0.061370693147182465,0.22303026914596558,0.23596318066120148,1000,7999,0,8.38516585718193,995.0614026766873,0.24172641336917877,new
Match,0.05,5,8.0,0.1856086254119873,0,0.0679776519536972,0.24900445342063904,0.2613724172115326,200,7999,0,8.895306064031134,6533.731340293462,0.23692730069160461,new
Match,0.05,5,12.0,0.1856086254119873,0,0.06900517642498016,0.25447577238082886,0.2657681703567505,200,7999,0,9.21448703459829,44566.611086834986,0.23402626812458038,new
Match,0.05,15,1.0,0.02398206666111946,1,0.0037488266825675964,0.013777553103864193,0.014445420354604721,600,7999,0,422.89207278768885,106.45456730092906,0.35814690589904785,new
Match,0.05,15,2.0,0.02398206666111946,1,0.0011582474689930677,0.002061903476715088,0.0011318367905914783,400,7999,0,539.957753871345,1008.4347972151807,0.3314955234527588,new
Match,0.05,15,3.0,0.02398206666111946,1,0.0025861372705549,0.005327463150024414,0.006573503836989403,400,7999,0,602.6275761340997,1893.9239880114476,0.3189528286457062,new
Match,0.05,15,5.0,0.02398206666111946,1,0.000638539029750973,0.0020969361066818237,0.0022847969084978104,200,7999,0,667.7665927399612,4566.445770645308,0.3068466782569885,new
Match,0.05,15,8.0,0.02398206666111946,1,0.0014920970425009727,0.005570590496063232,0.00575847364962101,200,7999,0,712.4559816315348,1741.061825051919,0.29899394512176514,new
Match,0.05,15,12.0,0.02398206666111946,1,0.01025740709155798,0.03823639452457428,0.03902732580900192,200,7999,0,740.4258437098142,2880.228478581784,0.29424184560775757,new
Match,0.05,25,1.0,0.19862651824951172,0,0.10170619934797287,0.3711978793144226,0.3911011219024658,7999,7999,0,6.074231972543112,141.93647940561712,0.21575894951820374,new
Match,0.05,25,2.0,0.19862651824951172,0,0.1047363206744194,0.3822667598724365,0.40278178453445435,7999,7999,0,7.0867681498182,96.23132614667159,0.20429827272891998,new
Match,0.05,25,3.0,0.19862651824951172,0,0.0884731337428093,0.32381170988082886,0.34049150347709656,7400,7999,0,7.600350606018668,8.596099522030029,0.19885548949241638,new
Match,0.05,25,5.0,0.19862651824951172,0,0.10904401540756226,0.3977721333503723,0.4190409779548645,7800,7999,0,8.11723279075691,209.08315261531936,0.19359137117862701,new
Match,0.05,25,8.0,0.19862651824951172,0,0.1253555864095688,0.4538959264755249,0.48145875334739685,400,7999,0,8.463136976175473,18951.79670173272,0.1901766061782837,new
Match,0.05,25,12.0,0.19862651824951172,0,0.09038311243057251,0.330345094203949,0.347747802734375,5800,7999,0,8.67637511077386,15.669892934093122,0.1881115883588791,new
Match,0.05,35,1.0,0.0002770424180198461,1,0.003117555985227227,0.0052877068519592285,0.0029879892244935036,7999,7999,0,26.86261919864662,568.9808805599287,-0.193186953663826,new
Match,0.05,35,2.0,0.0002770424180198461,1,0.0003614812740124762,0.00126570463180542,0.0013698011171072721,6200,7999,0,31.868534482406627,659.3251464855622,-0.21082590520381927,new
Match,0.05,35,3.0,0.0002770424180198461,1,0.00036520781577564776,0.0014969203621149063,0.0013363802572712302,1000,7999,0,34.07312659553597,11508.24858203722,-0.21891902387142181,new
Match,0.05,35,5.0,0.0002770424180198461,1,0.0008337621693499386,0.00173264741897583,0.001298074726946652,2400,7999,0,36.081026292707556,1069.9630239313517,-0.2264539897441864,new
Match,0.05,35,8.0,0.0002770424180198461,1,0.0002756901958491653,0.0009111501276493073,0.0009802518179640174,2600,7999,0,37.31476559188591,1003.3032273728498,-0.23116421699523926,new
Match,0.05,35,12.0,0.0002770424180198461,1,0.011751769110560417,0.033483654260635376,0.028033101931214333,0,7999,0,38.034090305603215,2965.1083561837418,-0.23394010961055756,new
Match,0.05,45,1.0,0.14145395159721375,0,0.09221569448709488,0.33635759353637695,0.3547113537788391,400,7999,0,21.659658823445817,12644.286364810512,0.443519651889801,new
Match,0.05,45,2.0,0.14145395159721375,0,0.0874074324965477,0.3195652365684509,0.336326539516449,200,7999,0,27.218620910148637,10256.390838028488,0.44025829434394836,new
Match,0.05,45,3.0,0.14145395159721375,0,0.08783221989870071,0.32121798396110535,0.3379405736923218,200,7999,0,30.088208015629018,15100.215687306012,0.4387061297893524,new
Match,0.05,45,5.0,0.14145395159721375,0,0.08801204711198807,0.3233286738395691,0.3388286530971527,200,7999,0,33.00275152644258,45922.04432948147,0.4371936321258545,new
Match,0.05,45,8.0,0.14145395159721375,0,0.09149621427059174,0.33414584398269653,0.351986825466156,200,7999,0,34.96577162957993,14830.995775753796,0.43620386719703674,new
Match,0.05,45,12.0,0.14145395159721375,0,0.09278834611177444,0.33571290969848633,0.3566109538078308,400,7999,0,36.18032100365922,4303.296594968357,0.43560150265693665,new
Match,0.05,50,1.0,0.0005865690764039755,1,0.006732082925736904,0.02481737732887268,0.025949440896511078,400,7999,0,281.59497866264127,11340.711371435751,0.44426462054252625,new
Match,0.05,50,2.0,0.0005865690764039755,1,0.004413848742842674,0.01615874096751213,0.016868002712726593,7999,7999,0,386.9456943595047,1412.6291758619798,0.43664368987083435,new
Match,0.05,50,3.0,0.0005865690764039755,1,0.0011994207743555307,0.004492770880460739,0.004628025460988283,7400,7999,0,445.99837969904013,376.9956791454879,0.4333389699459076,new
Match,0.05,50,5.0,0.0005865690764039755,1,0.0034799983259290457,0.011790674179792404,0.01324201375246048,200,7999,0,509.2625380831751,15786.026427117626,0.4302730858325958,new
Match,0.05,50,8.0,0.0005865690764039755,1,0.00045081955613568425,0.0011543035507202148,0.00104266288690269,400,7999,0,553.757570658534,9543.091723841873,0.4283350110054016,new
Match,0.05,50,12.0,0.0005865690764039755,1,0.0019171822350472212,0.007012508809566498,0.0072626457549631596,600,7999,0,582.0539065568023,615.6814567838642,0.42717766761779785,new
Match,0.1,5,1.0,0.2323533147573471,0,0.029314318671822548,0.0717955231666565,0.07554703950881958,7999,7999,0,3.167347356377693,148.57767139963315,0.2625245153903961,new
Match,0.1,5,2.0,0.2323533147573471,0,0.037676624953746796,0.09181886911392212,0.09708347171545029,200,7999,0,3.669965456383913,22902.971190458185,0.24940039217472076,new
Match,0.1,5,3.0,0.2323533147573471,0,0.03765663877129555,0.092305488884449,0.09705215692520142,200,7999,0,3.9368096888649613,495.89888396374096,0.24263955652713776,new
Match,0.1,5,5.0,0.2323533147573471,0,0.038182154297828674,0.09347981214523315,0.09839773178100586,200,7999,0,4.2135286467690705,1645.5866243453327,0.2357669621706009,new
Match,0.1,5,8.0,0.2323533147573471,0,0.03979329392313957,0.09766760468482971,0.10257226973772049,200,7999,0,4.4032865698774755,1919.6251898216972,0.23112967610359192,new
Match,0.1,5,12.0,0.2323533147573471,0,0.04267870634794235,0.10363945364952087,0.1096818596124649,7800,7999,0,4.522090464586016,54.84213673057288,0.2282557636499405,new
Match,0.1,15,1.0,0.2781086266040802,0,0.03157491981983185,0.07697950303554535,0.08135944604873657,200,7999,0,4.048422271125011,5566.223957194258,-0.1864563375711441,new
Match,0.1,15,2.0,0.2781086266040802,0,0.024256477132439613,0.06076856702566147,0.06257959455251694,200,7999,0,4.610205222817755,19588.766989020893,-0.2130165547132492,new
Match,0.1,15,3.0,0.2781086266040802,0,0.02085365541279316,0.051199644804000854,0.053756169974803925,200,7999,0,4.87794216943188,2538.113951798517,-0.22550414502620697,new
Match,0.1,15,5.0,0.2781086266040802,0,0.016368161886930466,0.038561318069696426,0.04194549098610878,200,7999,0,5.135564209864492,1287.306458073744,-0.23744970560073853,new
Match,0.1,15,8.0,0.2781086266040802,0,0.014317185617983341,0.03478163853287697,0.036861833184957504,200,7999,0,5.301345059203589,1183.227860888038,-0.24511155486106873,new
Match,0.1,15,12.0,0.2781086266040802,0,0.018946997821331024,0.04638698697090149,0.048825085163116455,7400,7999,0,5.400908595264371,225.73455999457647,-0.2497069388628006,new
Match,0.1,25,1.0,0.3104778528213501,0,0.1170102134346962,0.2859739661216736,0.3013068437576294,7999,7999,0,3.727514965867909,16.407766862759846,-0.08623924106359482,new
Match,0.1,25,2.0,0.3104778528213501,0,0.11856348812580109,0.28901728987693787,0.30519622564315796,7800,7999,0,4.439870816881195,28.705198053625303,-0.1094217523932457,new
Match,0.1,25,3.0,0.3104778528213501,0,0.12079039961099625,0.29411476850509644,0.3108062744140625,7999,7999,0,4.802540578157855,58.24058270091806,-0.12123291939496994,new
Match,0.1,25,5.0,0.3104778528213501,0,0.12283914536237717,0.29959744215011597,0.3161981999874115,7400,7999,0,5.1668489408251865,451.50639844092467,-0.13308531045913696,new
Match,0.1,25,8.0,0.3104778528213501,0,0.12378383427858353,0.30190449953079224,0.3186269998550415,7800,7999,0,5.409683400065928,78.28180586395564,-0.14097701013088226,new
Match,0.1,25,12.0,0.3104778528213501,0,0.12694402039051056,0.30943650007247925,0.3267272114753723,200,7999,0,5.558824252543508,621.9899099552852,-0.1458204984664917,new
Match,0.1,35,1.0,0.014651501551270485,1,0.001150792115367949,0.0028754770755767822,0.0027375484351068735,7200,7999,0,12.369519735485534,64.12294360777679,-0.10508354753255844,new
Match,0.1,35,2.0,0.014651501551270485,1,0.0009749963646754622,0.0016628801822662354,0.0016484863590449095,5200,7999,0,11.876555774275904,147.37684711779562,-0.10817217826843262,new
Match,0.1,35,3.0,0.014651501551270485,1,0.0009527028305456042,0.002357998862862587,0.0024577861186116934,5000,7999,0,11.656711237044247,119.74285246002489,-0.10916947573423386,new
Match,0.1,35,5.0,0.014651501551270485,1,0.001103309215977788,0.00274629145860672,0.0027058864943683147,3600,7999,0,11.456480271657831,41.180905552283136,-0.1099371463060379,new
Match,0.1,35,8.0,0.014651501551270485,1,0.00023825241078156978,0.00044149160385131836,0.0002877975639421493,4000,7999,0,11.333451158428,45.473895721970756,-0.11035271733999252,new
Match,0.1,35,12.0,0.014651501551270485,1,0.005439113825559616,0.013817183673381805,0.013864885084331036,1600,7999,0,11.261676402848044,65.76375903536228,-0.11057746410369873,new
Match,0.1,45,1.0,0.3142002820968628,0,0.07358279079198837,0.18045681715011597,0.18966436386108398,7999,7999,0,4.856194677781364,13.484478084359733,-0.12534530460834503,new
Match,0.1,45,2.0,0.3142002820968628,0,0.06451589614152908,0.15803562104701996,0.16624026000499725,7999,7999,0,4.915762228352233,20.83237495076802,-0.1474408209323883,new
Match,0.1,45,3.0,0.3142002820968628,0,0.06720367074012756,0.16441628336906433,0.17316150665283203,7800,7999,0,4.937711961461336,14.863156743169405,-0.1578598916530609,new
Match,0.1,45,5.0,0.3142002820968628,0,0.06989703327417374,0.17109796404838562,0.18007132411003113,7999,7999,0,4.9550550318285715,46.48759455504658,-0.1678641140460968,new
Match,0.1,45,8.0,0.3142002820968628,0,0.060791775584220886,0.14781947433948517,0.1565776914358139,7600,7999,0,4.964271570311087,469.11838778584166,-0.17430633306503296,new
Match,0.1,45,12.0,0.3142002820968628,0,0.06162441521883011,0.15115785598754883,0.1588325947523117,7999,7999,0,4.969076517367751,61.60998999267842,-0.17818181216716766,new
Match,0.1,50,1.0,0.055528536438941956,1,0.0004270402423571795,0.0009899735450744629,0.0008700622711330652,4400,7999,0,25.898930631779994,63.50443002132709,0.3990953266620636,new
Match,0.1,50,2.0,0.055528536438941956,1,0.00020730709366034716,0.0005303770303726196,0.0005264342180453241,7999,7999,0,36.31332592569353,15.907681249134358,0.3735511302947998,new
Match,0.1,50,3.0,0.055528536438941956,1,0.0011585209285840392,0.0025604483671486378,0.002923141699284315,1200,7999,0,42.62393534748559,126.94484417396717,0.35973089933395386,new
Match,0.1,50,5.0,0.055528536438941956,1,0.0007783355540595949,0.0019465535879135132,0.001883242977783084,1200,7999,0,49.754473848572644,131.59551512014087,0.345065712928772,new
Match,0.1,50,8.0,0.055528536438941956,1,0.00040136612369678915,0.0007913112640380859,0.0007948293350636959,800,7999,0,54.992045054533136,380.3600182895324,0.3347674310207367,new
Match,0.1,50,12.0,0.055528536438941956,1,0.0011391924927011132,0.003140844404697418,0.0028873577248305082,800,7999,0,58.41528071156766,318.5621747652929,0.3282073438167572,new
Match,0.3,5,1.0,2.6360421543358825e-06,1,8.154515853675548e-06,1.0639429092407227e-05,9.056206181412563e-06,400,7999,0,0.011773045276978008,0.02015357811239459,-0.7815050482749939,new
Match,0.3,5,2.0,2.6360421543358825e-06,1,5.24198458151659e-06,6.496906280517578e-06,5.822080311190803e-06,1800,7999,0,0.013034878277726158,0.009280408888558214,-0.7222622036933899,new
Match,0.3,5,3.0,2.6360421543358825e-06,1,4.6092582124401815e-06,6.4373016357421875e-06,5.099188001622679e-06,400,7999,0,0.013725401387880276,0.013303692731937499,-0.6886298060417175,new
Match,0.3,5,5.0,2.6360421543358825e-06,1,3.0961161883169552e-06,4.291534423828125e-06,3.4318900361540727e-06,600,7999,0,0.014454929871570604,0.02149526203908947,-0.6521592140197754,new
Match,0.3,5,8.0,2.6360421543358825e-06,1,1.1379202078387607e-05,1.4193356037139893e-05,1.2484996659622993e-05,200,7999,0,0.014962084387154788,0.018304252532619008,-0.626215934753418,new
Match,0.3,5,12.0,2.6360421543358825e-06,1,1.770443850546144e-05,2.467632293701172e-05,1.961304405995179e-05,600,7999,0,0.015282026105535605,0.15857729095202103,-0.6095885634422302,new
Match,0.3,15,1.0,2.237406988570001e-06,1,1.0448923603689764e-05,1.2725591659545898e-05,1.16034780148766e-05,400,7999,0,0.003875424929136572,0.522617955832788,-0.797820508480072,new
Match,0.3,15,2.0,2.237406988570001e-06,1,8.783134035184048e-06,1.2010335922241211e-05,9.771072654984891e-06,400,7999,0,0.0030946771398782354,0.33380251331090377,-0.7497106194496155,new
Match,0.3,15,3.0,2.237406988570001e-06,1,4.937405265081907e-06,7.152557373046875e-06,5.489958311954979e-06,5600,7999,0,0.0027548342823321055,0.07542879116844155,-0.7226404547691345,new
Match,0.3,15,5.0,2.237406988570001e-06,1,9.52611935645109e-06,1.2246891856193542e-05,1.0596580068522599e-05,400,7999,0,0.0024562205077448265,0.5809420971718964,-0.6953908205032349,new
Match,0.3,15,8.0,2.237406988570001e-06,1,1.1160950634803157e-05,1.1920928955078125e-05,1.234459978149971e-05,2000,7999,0,0.0022796247707600474,0.03626401229712253,-0.6775280237197876,new
Match,0.3,15,12.0,2.237406988570001e-06,1,7.5254706644045655e-06,9.08970832824707e-06,8.351588803634513e-06,7999,7999,0,0.002179422112449553,0.03389646379346459,-0.6667389273643494,new
Match,0.3,25,1.0,2.2383881059795385e-06,1,3.110173111053882e-06,3.6954879760742188e-06,3.4590004815981956e-06,400,7999,0,0.009045628600225526,0.010266991134341496,-0.9232696294784546,new
Match,0.3,25,2.0,2.2383881059795385e-06,1,2.53898565460986e-06,3.0994415283203125e-06,2.8201595796417678e-06,400,7999,0,0.008577177593154905,0.02465701877320294,-0.9361326694488525,new
Match,0.3,25,3.0,2.2383881059795385e-06,1,9.43644465678517e-07,1.5497207641601562e-06,1.0342238283556071e-06,400,7999,0,0.00835075576132693,0.04775010706793813,-0.940382182598114,new
Match,0.3,25,5.0,2.2383881059795385e-06,1,1.4465576896327548e-06,2.205371856689453e-06,1.6051398006311501e-06,400,7999,0,0.00813846866013572,0.005239781173566513,-0.9436299204826355,new
Match,0.3,25,8.0,2.2383881059795385e-06,1,7.684141564823221e-06,1.0520219802856445e-05,8.544997399440035e-06,1400,7999,0,0.008006006020121267,0.06208796437389577,-0.9453606009483337,new
Match,0.3,25,12.0,2.2383881059795385e-06,1,8.288083336083218e-06,1.093745231628418e-05,9.181960194837302e-06,200,7999,0,0.007928221676144645,0.002671292872165964,-0.946283221244812,new
Match,0.3,35,1.0,5.655329914588947e-06,1,4.399478712002747e-06,4.976987838745117e-06,4.853694463236025e-06,400,7999,0,0.010368323318475117,0.02650921346492397,-0.9286465048789978,new
Match,0.3,35,2.0,5.655329914588947e-06,1,3.3862665986816864e-06,5.364418029785156e-06,3.731969400178059e-06,400,7999,0,0.00905717586760723,0.023402073502982828,-0.9586896300315857,new
Match,0.3,35,3.0,5.655329914588947e-06,1,7.516253845096799e-06,9.395182132720947e-06,8.341041393578053e-06,400,7999,0,0.00848286636197605,0.028167184080791236,-0.9669480919837952,new
Match,0.3,35,5.0,5.655329914588947e-06,1,2.2395524865714833e-06,3.293156623840332e-06,2.4315129394381074e-06,200,7999,0,0.007967677618364364,0.07389187893086202,-0.9724004864692688,new
Match,0.3,35,8.0,5.655329914588947e-06,1,3.2802483929117443e-06,4.231929779052734e-06,3.597268914745655e-06,200,7999,0,0.00765561874765254,0.01719357334258139,-0.9748933911323547,new
Match,0.3,35,12.0,5.655329914588947e-06,1,5.769088147644652e-06,7.37607479095459e-06,6.376404144248227e-06,200,7999,0,0.0074753400649423055,0.024746278101494937,-0.9760715365409851,new
Match,0.3,45,1.0,3.911713065463118e-06,1,6.824853244324913e-06,9.141862392425537e-06,7.564555744465906e-06,200,7999,0,0.0045162881411909455,0.02571869386957722,-0.8098096251487732,new
Match,0.3,45,2.0,3.911713065463118e-06,1,4.189830178802367e-06,6.124377250671387e-06,4.637560323317302e-06,200,7999,0,0.0023645010858850297,0.03199219668727545,-0.7103538513183594,new
Match,0.3,45,3.0,3.911713065463118e-06,1,1.1737904969777446e-05,1.4990568161010742e-05,1.3057108844805043e-05,200,7999,0,0.001800258148148417,0.048750706699807106,-0.6590924263000488,new
Match,0.3,45,5.0,3.911713065463118e-06,1,2.8280557671678253e-05,3.790855407714844e-05,3.146556264255196e-05,400,7999,0,0.0014114690198085303,0.9718561061368617,-0.6059584021568298,new
Match,0.3,45,8.0,3.911713065463118e-06,1,8.59434476296883e-06,1.1965632438659668e-05,9.562441846355796e-06,3800,7999,0,0.0012184343593147934,0.304902037217837,-0.5693446397781372,new
Match,0.3,45,12.0,3.911713065463118e-06,1,2.144383870472666e-05,2.104043960571289e-05,2.374912037339527e-05,4000,7999,0,0.0011194040740682037,0.0404686985671516,-0.5463305711746216,new
Match,0.3,50,1.0,3.0456960757874185e-06,1,5.429838438431034e-06,7.927417755126953e-06,6.021627541485941e-06,400,7999,0,0.0159276835007946,0.13877564077851634,-0.9316184520721436,new
Match,0.3,50,2.0,3.0456960757874185e-06,1,5.377693014452234e-06,7.599592208862305e-06,5.973729457764421e-06,400,7999,0,0.01194538214389856,1.1793139169043394,-0.9084703326225281,new
Match,0.3,50,3.0,3.0456960757874185e-06,1,3.893838766089175e-06,5.9604644775390625e-06,4.331938725954387e-06,1800,7999,0,0.010492961271519833,0.07700077853118728,-0.8949562907218933,new
Match,0.3,50,5.0,3.0456960757874185e-06,1,1.912859715957893e-06,2.8014183044433594e-06,2.126294930349104e-06,4600,7999,0,0.009296692594702668,0.06830920684372496,-0.880138635635376,new
Match,0.3,50,8.0,3.0456960757874185e-06,1,5.749802312493557e-06,7.808208465576172e-06,6.38462915958371e-06,2000,7999,0,0.008614696892971315,0.16211577648517342,-0.8695406913757324,new
Match,0.3,50,12.0,3.0456960757874185e-06,1,2.2601409000344574e-05,2.5153160095214844e-05,2.505088377802167e-05,5800,7999,0,0.008234260221885144,0.527338189506821,-0.8627358078956604,new
Match,0.5,5,1.0,2.1835254301549867e-05,1,2.023960041697137e-05,1.8268823623657227e-05,2.023960041697137e-05,2000,7999,0,nan,nan,nan,new
Match,0.5,5,2.0,2.1835254301549867e-05,1,2.4219750685006147e-06,2.6226043701171875e-06,2.4219750685006147e-06,4200,7999,0,nan,nan,nan,new
Match,0.5,5,3.0,2.1835254301549867e-05,1,1.1568760783120524e-05,1.1026859283447266e-05,1.1568760783120524e-05,200,7999,0,nan,nan,nan,new
Match,0.5,5,5.0,2.1835254301549867e-05,1,8.716829142940696e-06,8.702278137207031e-06,8.716829142940696e-06,5400,7999,0,nan,nan,nan,new
Match,0.5,5,8.0,2.1835254301549867e-05,1,1.2243816854606848e-05,1.0907649993896484e-05,1.2243816854606848e-05,3600,7999,0,nan,nan,nan,new
Match,0.5,5,12.0,2.1835254301549867e-05,1,6.422509159165202e-06,6.243586540222168e-06,6.422509159165202e-06,2800,7999,0,nan,nan,nan,new
Match,0.5,15,1.0,3.056709101656452e-05,1,8.799419447313994e-06,9.000301361083984e-06,8.799419447313994e-06,200,7999,0,nan,nan,nan,new
Match,0.5,15,2.0,3.056709101656452e-05,1,9.218929335474968e-06,8.881092071533203e-06,9.218929335474968e-06,5600,7999,0,nan,nan,nan,new
Match,0.5,15,3.0,3.056709101656452e-05,1,1.2460436664696317e-05,1.049041748046875e-05,1.2460436664696317e-05,6000,7999,0,nan,nan,nan,new
Match,0.5,15,5.0,3.056709101656452e-05,1,8.71012071002042e-06,8.58306884765625e-06,8.71012071002042e-06,1400,7999,0,nan,nan,nan,new
Match,0.5,15,8.0,3.056709101656452e-05,1,1.1355127753631677e-05,1.0058283805847168e-05,1.1355127753631677e-05,5600,7999,0,nan,nan,nan,new
Match,0.5,15,12.0,3.056709101656452e-05,1,5.626079655485228e-06,4.950910806655884e-06,5.626079655485228e-06,6000,7999,0,nan,nan,nan,new
Match,0.5,25,1.0,3.5191711504012346e-05,1,8.132436050800607e-06,6.16908073425293e-06,8.132436050800607e-06,5000,7999,0,nan,nan,nan,new
Match,0.5,25,2.0,3.5191711504012346e-05,1,1.2566470104502514e-05,9.357929229736328e-06,1.2566470104502514e-05,3200,7999,0,nan,nan,nan,new
Match,0.5,25,3.0,3.5191711504012346e-05,1,7.014957191131543e-06,6.139278411865234e-06,7.014957191131543e-06,1000,7999,0,nan,nan,nan,new
Match,0.5,25,5.0,3.5191711504012346e-05,1,1.0166261745325755e-05,9.506940841674805e-06,1.0166261745325755e-05,1400,7999,0,nan,nan,nan,new
Match,0.5,25,8.0,3.5191711504012346e-05,1,4.860134140471928e-06,3.814697265625e-06,4.860134140471928e-06,7600,7999,0,nan,nan,nan,new
Match,0.5,25,12.0,3.5191711504012346e-05,1,1.9968206288467627e-06,1.989305019378662e-06,1.9968206288467627e-06,3000,7999,0,nan,nan,nan,new
Match,0.5,35,1.0,1.349253852822585e-05,1,4.890238415100612e-06,5.125999450683594e-06,4.890238415100612e-06,200,7999,0,nan,nan,nan,new
Match,0.5,35,2.0,1.349253852822585e-05,1,8.476447874272708e-06,7.510185241699219e-06,8.476447874272708e-06,5200,7999,0,nan,nan,nan,new
Match,0.5,35,3.0,1.349253852822585e-05,1,4.564801201922819e-06,5.066394805908203e-06,4.564801201922819e-06,1600,7999,0,nan,nan,nan,new
Match,0.5,35,5.0,1.349253852822585e-05,1,9.179992048302665e-06,6.765127182006836e-06,9.179992048302665e-06,7800,7999,0,nan,nan,nan,new
Match,0.5,35,8.0,1.349253852822585e-05,1,9.954987945093308e-06,9.775161743164062e-06,9.954987945093308e-06,1000,7999,0,nan,nan,nan,new
Match,0.5,35,12.0,1.349253852822585e-05,1,4.08677187806461e-05,2.855062484741211e-05,4.08677187806461e-05,600,7999,0,nan,nan,nan,new
Match,0.5,45,1.0,3.403502341825515e-05,1,5.380363290896639e-06,4.649162292480469e-06,5.380363290896639e-06,1600,7999,0,nan,nan,nan,new
Match,0.5,45,2.0,3.403502341825515e-05,1,7.80875143391313e-06,6.3478946685791016e-06,7.80875143391313e-06,7000,7999,0,nan,nan,nan,new
Match,0.5,45,3.0,3.403502341825515e-05,1,1.1191096746188123e-05,1.0848045349121094e-05,1.1191096746188123e-05,1800,7999,0,nan,nan,nan,new
Match,0.5,45,5.0,3.403502341825515e-05,1,4.846528554480756e-06,5.036592483520508e-06,4.846528554480756e-06,1800,7999,0,nan,nan,nan,new
Match,0.5,45,8.0,3.403502341825515e-05,1,6.85899112795596e-06,5.632638931274414e-06,6.85899112795596e-06,1200,7999,0,nan,nan,nan,new
Match,0.5,45,12.0,3.403502341825515e-05,1,9.678584319772199e-06,8.016824722290039e-06,9.678584319772199e-06,3600,7999,0,nan,nan,nan,new
Match,0.5,50,1.0,1.739474646456074e-05,1,8.792130756773986e-06,7.748603820800781e-06,8.792130756773986e-06,200,7999,0,nan,nan,nan,new
Match,0.5,50,2.0,1.739474646456074e-05,1,2.547368467276101e-06,2.3171305656433105e-06,2.547368467276101e-06,7400,7999,0,nan,nan,nan,new
Match,0.5,50,3.0,1.739474646456074e-05,1,1.4649624063167721e-05,1.5437602996826172e-05,1.4649624063167721e-05,400,7999,0,nan,nan,nan,new
Match,0.5,50,5.0,1.739474646456074e-05,1,4.89416697746492e-06,5.260109901428223e-06,4.89416697746492e-06,600,7999,0,nan,nan,nan,new
Match,0.5,50,8.0,1.739474646456074e-05,1,1.609122773515992e-05,1.4528632164001465e-05,1.609122773515992e-05,200,7999,0,nan,nan,nan,new
Match,0.5,50,12.0,1.739474646456074e-05,1,6.882714842504356e-06,6.467103958129883e-06,6.882714842504356e-06,7400,7999,0,nan,nan,nan,new
Match,1.0,5,1.0,1.8654036466614343e-05,1,1.0657698794602766e-06,6.034970283508301e-07,1.0657698794602766e-06,4000,7999,0,nan,nan,nan,new
Match,1.0,5,2.0,1.8654036466614343e-05,1,6.876707061564957e-07,3.688037395477295e-07,6.876707061564957e-07,1200,7999,0,nan,nan,nan,new
Match,1.0,5,3.0,1.8654036466614343e-05,1,1.2011398666800233e-06,5.960464477539062e-07,1.2011398666800233e-06,1200,7999,0,nan,nan,nan,new
Match,1.0,5,5.0,1.8654036466614343e-05,1,7.451973829120107e-07,4.470348358154297e-07,7.451973829120107e-07,7000,7999,0,nan,nan,nan,new
Match,1.0,5,8.0,1.8654036466614343e-05,1,1.9840213099087123e-06,1.1473894119262695e-06,1.9840213099087123e-06,4600,7999,0,nan,nan,nan,new
Match,1.0,5,12.0,1.8654036466614343e-05,1,1.8715882106334902e-06,1.0747462511062622e-06,1.8715882106334902e-06,7999,7999,0,nan,nan,nan,new
Match,1.0,15,1.0,1.1824710782093462e-05,1,1.3317066986928694e-06,6.016343832015991e-07,1.3317066986928694e-06,2400,7999,0,nan,nan,nan,new
Match,1.0,15,2.0,1.1824710782093462e-05,1,1.5123223420232534e-06,7.301568984985352e-07,1.5123223420232534e-06,1800,7999,0,nan,nan,nan,new
Match,1.0,15,3.0,1.1824710782093462e-05,1,1.410942672919191e-06,7.525086402893066e-07,1.410942672919191e-06,1800,7999,0,nan,nan,nan,new
Match,1.0,15,5.0,1.1824710782093462e-05,1,5.699434382222535e-07,3.8743019104003906e-07,5.699434382222535e-07,1200,7999,0,nan,nan,nan,new
Match,1.0,15,8.0,1.1824710782093462e-05,1,1.063635522768891e-06,6.109476089477539e-07,1.063635522768891e-06,1000,7999,0,nan,nan,nan,new
Match,1.0,15,12.0,1.1824710782093462e-05,1,2.788471874737297e-06,1.5348196029663086e-06,2.788471874737297e-06,1200,7999,0,nan,nan,nan,new
Match,1.0,25,1.0,1.9241868358221836e-05,1,6.461442012550833e-07,4.172325134277344e-07,6.461442012550833e-07,1600,7999,0,nan,nan,nan,new
Match,1.0,25,2.0,1.9241868358221836e-05,1,8.100541322164645e-07,4.991888999938965e-07,8.100541322164645e-07,1200,7999,0,nan,nan,nan,new
Match,1.0,25,3.0,1.9241868358221836e-05,1,8.530183208677045e-07,5.587935447692871e-07,8.530183208677045e-07,1000,7999,0,nan,nan,nan,new
Match,1.0,25,5.0,1.9241868358221836e-05,1,3.088855180521932e-07,1.7881393432617188e-07,3.088855180521932e-07,6800,7999,0,nan,nan,nan,new
Match,1.0,25,8.0,1.9241868358221836e-05,1,6.600620849894767e-07,4.284083843231201e-07,6.600620849894767e-07,3200,7999,0,nan,nan,nan,new
Match,1.0,25,12.0,1.9241868358221836e-05,1,1.0646732562236139e-06,6.314367055892944e-07,1.0646732562236139e-06,800,7999,0,nan,nan,nan,new
Match,1.0,35,1.0,1.7820881112129427e-05,1,1.528449502075091e-06,9.238719940185547e-07,1.528449502075091e-06,1000,7999,0,nan,nan,nan,new
Match,1.0,35,2.0,1.7820881112129427e-05,1,7.59008287332108e-07,4.76837158203125e-07,7.59008287332108e-07,6800,7999,0,nan,nan,nan,new
Match,1.0,35,3.0,1.7820881112129427e-05,1,1.0994982631018502e-06,7.599592208862305e-07,1.0994982631018502e-06,600,7999,0,nan,nan,nan,new
Match,1.0,35,5.0,1.7820881112129427e-05,1,1.1827441994682886e-06,7.748603820800781e-07,1.1827441994682886e-06,1400,7999,0,nan,nan,nan,new
Match,1.0,35,8.0,1.7820881112129427e-05,1,1.7503912204119842e-06,9.480863809585571e-07,1.7503912204119842e-06,5600,7999,0,nan,nan,nan,new
Match,1.0,35,12.0,1.7820881112129427e-05,1,1.4634265426138882e-06,9.08970832824707e-07,1.4634265426138882e-06,7999,7999,0,nan,nan,nan,new
Match,1.0,45,1.0,1.5751467799418606e-05,1,5.625106496154331e-07,3.129243850708008e-07,5.625106496154331e-07,2000,7999,0,nan,nan,nan,new
Match,1.0,45,2.0,1.5751467799418606e-05,1,8.571288390157861e-07,4.470348358154297e-07,8.571288390157861e-07,1400,7999,0,nan,nan,nan,new
Match,1.0,45,3.0,1.5751467799418606e-05,1,6.73353952151956e-07,4.023313522338867e-07,6.73353952151956e-07,2000,7999,0,nan,nan,nan,new
Match,1.0,45,5.0,1.5751467799418606e-05,1,1.182325831905473e-06,7.152557373046875e-07,1.182325831905473e-06,2000,7999,0,nan,nan,nan,new
Match,1.0,45,8.0,1.5751467799418606e-05,1,7.552469583060883e-07,3.8743019104003906e-07,7.552469583060883e-07,7800,7999,0,nan,nan,nan,new
Match,1.0,45,12.0,1.5751467799418606e-05,1,2.1157243281777482e-06,1.043081283569336e-06,2.1157243281777482e-06,6600,7999,0,nan,nan,nan,new
Match,1.0,50,1.0,1.8801636542775668e-05,1,8.444515060546109e-07,4.172325134277344e-07,8.444515060546109e-07,4200,7999,0,nan,nan,nan,new
Match,1.0,50,2.0,1.8801636542775668e-05,1,7.488066557925777e-07,4.470348358154297e-07,7.488066557925777e-07,800,7999,0,nan,nan,nan,new
Match,1.0,50,3.0,1.8801636542775668e-05,1,5.514917802429409e-07,2.980232238769531e-07,5.514917802429409e-07,4800,7999,0,nan,nan,nan,new
Match,1.0,50,5.0,1.8801636542775668e-05,1,7.831969810467854e-07,4.3213367462158203e-07,7.831969810467854e-07,4000,7999,0,nan,nan,nan,new
Match,1.0,50,8.0,1.8801636542775668e-05,1,1.2878995221399236e-06,6.109476089477539e-07,1.2878995221399236e-06,4000,7999,0,nan,nan,nan,new
Match,1.0,50,12.0,1.8801636542775668e-05,1,3.387337983440375e-06,1.519918441772461e-06,3.387337983440375e-06,4600,7999,0,nan,nan,nan,new
MLP,0.05,5,1.0,0.023469625040888786,1,0.06007466837763786,0.09005236625671387,0.07558394223451614,0,7999,0,2.9511710578591503,21.769172984833393,0.8910756707191467,new
MLP,0.05,5,2.0,0.023469625040888786,1,0.05997370555996895,0.09055215120315552,0.07552655041217804,0,7999,0,3.4751229640842687,26.44780715230688,0.8763489723205566,new
MLP,0.05,5,3.0,0.023469625040888786,1,0.05992480367422104,0.0907449722290039,0.07554947584867477,0,7999,0,3.750275311372073,28.849755038729597,0.869534969329834,new
MLP,0.05,5,5.0,0.023469625040888786,1,0.0598168671131134,0.09088581800460815,0.07523279637098312,0,7999,0,4.033506814072842,31.368496698325494,0.8630837798118591,new
MLP,0.05,5,8.0,0.023469625040888786,1,0.059772513806819916,0.09096133708953857,0.07520056515932083,0,7999,0,4.226572351941481,33.012631490299135,0.8589789271354675,new
MLP,0.05,5,12.0,0.023469625040888786,1,0.05976688489317894,0.09105706214904785,0.07532170414924622,0,7999,0,4.346995409476888,34.0949072480795,0.8565286993980408,new
MLP,0.05,15,1.0,0.033880285918712616,1,0.03059687279164791,0.11235460638999939,0.11787553876638412,5000,7999,0,1943.5153119709696,15.24320769808519,0.9815894365310669,new
MLP,0.05,15,2.0,0.033880285918712616,1,0.03136178106069565,0.11633379757404327,0.12098433822393417,1400,7999,0,2666.4793289405225,226.2956714292659,0.9791879057884216,new
MLP,0.05,15,3.0,0.033880285918712616,1,0.031067024916410446,0.11391841620206833,0.11963838338851929,2000,7999,0,3081.3944313894863,59.133198264353354,0.9775979518890381,new
MLP,0.05,15,5.0,0.033880285918712616,1,0.030137455090880394,0.11177793890237808,0.11584753543138504,4400,7999,0,3533.6731206620225,80.70995202739766,0.9757266640663147,new
MLP,0.05,15,8.0,0.033880285918712616,1,0.02898428775370121,0.10662539303302765,0.11170956492424011,3000,7999,0,3856.5620981290635,122.5306189352423,0.9743151068687439,new
MLP,0.05,15,12.0,0.033880285918712616,1,0.02849254384636879,0.10485909879207611,0.10969263315200806,2000,7999,0,4063.9408496814326,31.61583319959448,0.973378598690033,new
MLP,0.05,25,1.0,0.002764379605650902,1,0.004080355633050203,0.015230268239974976,0.0157365370541811,2600,7999,0,66.17760108662063,270.89549572802514,0.6037899851799011,new
MLP,0.05,25,2.0,0.002764379605650902,1,0.00655234232544899,0.024086304008960724,0.025249389931559563,800,7999,0,80.85899460097008,76.29719683991684,0.6008960604667664,new
MLP,0.05,25,3.0,0.002764379605650902,1,0.005459620151668787,0.020050395280122757,0.021031303331255913,600,7999,0,88.45798955324369,5.661325246652222,0.5989940762519836,new
MLP,0.05,25,5.0,0.002764379605650902,1,0.00495996093377471,0.01806708425283432,0.018876010552048683,400,7999,0,96.20215047397407,36.65292265606278,0.5968700647354126,new
MLP,0.05,25,8.0,0.002764379605650902,1,0.004563429858535528,0.01675705425441265,0.017571687698364258,200,7999,0,101.43641324736585,13.02046963622397,0.595353364944458,new
MLP,0.05,25,12.0,0.002764379605650902,1,0.004373836796730757,0.015873417258262634,0.016676627099514008,200,7999,0,104.68328597946513,32.84837936649114,0.5943858027458191,new
MLP,0.05,35,1.0,0.033111557364463806,1,0.02165845036506653,0.07957103103399277,0.08344275504350662,200,7999,0,329.0426335286867,5.321723194285831,-0.6996220350265503,new
MLP,0.05,35,2.0,0.033111557364463806,1,0.009445711970329285,0.03471354767680168,0.036389462649822235,200,7999,0,660.9722164411263,220.57134704180305,-0.5970245599746704,new
MLP,0.05,35,3.0,0.033111557364463806,1,0.00499883433803916,0.018293160945177078,0.019209781661629677,200,7999,0,956.3071351301971,16.959897542352408,-0.5209575891494751,new
MLP,0.05,35,5.0,0.033111557364463806,1,0.005773100536316633,0.020026400685310364,0.021161779761314392,200,7999,0,1390.6461589004864,30.122354167497548,-0.4164844751358032,new
MLP,0.05,35,8.0,0.033111557364463806,1,0.001923774485476315,0.007001060992479324,0.0073685371316969395,1000,7999,0,1772.5766238312565,177.64617146890942,-0.32507988810539246,new
MLP,0.05,35,12.0,0.033111557364463806,1,0.0018914808752015233,0.005260341335088015,0.005304326303303242,1000,7999,0,2041.3291491664568,57.08156608170876,-0.2584834396839142,new
MLP,0.05,45,1.0,0.013089055195450783,1,0.01571989618241787,0.057737141847610474,0.060562148690223694,200,7999,0,21.10087973143188,189.77932123089144,0.8166328072547913,new
MLP,0.05,45,2.0,0.013089055195450783,1,0.014635013416409492,0.0537458211183548,0.05637934058904648,200,7999,0,25.549573467209722,136.14264341952455,0.8054789304733276,new
MLP,0.05,45,3.0,0.013089055195450783,1,0.014658092521131039,0.05383184552192688,0.05646670237183571,200,7999,0,27.84939773022882,40.92153685517571,0.8007189035415649,new
MLP,0.05,45,5.0,0.013089055195450783,1,0.016444116830825806,0.060047850012779236,0.0631728246808052,7999,7999,0,30.191736776883776,57.053206122989735,0.7964075803756714,new
MLP,0.05,45,8.0,0.013089055195450783,1,0.00987093523144722,0.036088600754737854,0.03758551925420761,7999,7999,0,31.774319231726725,46.56471153232625,0.793753981590271,new
MLP,0.05,45,12.0,0.013089055195450783,1,0.004243993200361729,0.015618064440786839,0.01635063998401165,7800,7999,0,32.75581048546587,44.366787043038315,0.7922007441520691,new
MLP,0.05,50,1.0,0.005209401715546846,1,0.010192248038947582,0.03748110681772232,0.0392783097922802,7600,7999,0,89.47253574346092,1916.825682132002,-0.9134665131568909,new
MLP,0.05,50,2.0,0.005209401715546846,1,0.011774160899221897,0.04332725703716278,0.04537258297204971,200,7999,0,138.21125451045597,9.43189829454609,-0.9119743704795837,new
MLP,0.05,50,3.0,0.005209401715546846,1,0.014855615794658661,0.05507669597864151,0.05730167776346207,7999,7999,0,175.49240596511024,216.68361903234648,-0.9077786207199097,new
MLP,0.05,50,5.0,0.005209401715546846,1,0.018205922096967697,0.06678031384944916,0.07005595415830612,7800,7999,0,226.51833751212948,28.046220535234866,-0.8997768759727478,new
MLP,0.05,50,8.0,0.005209401715546846,1,0.02051921933889389,0.07528345286846161,0.07885627448558807,7800,7999,0,271.17556527445106,39.37743820631937,-0.8913218379020691,new
MLP,0.05,50,12.0,0.005209401715546846,1,0.0017427349230274558,0.005081206560134888,0.00538876885548234,4800,7999,0,304.1429235524893,31.392712630968173,-0.8844099640846252,new
MLP,0.1,5,1.0,0.016298681497573853,1,0.012772935442626476,0.031247425824403763,0.03288915380835533,1200,7999,0,5.519219899875885,0.8785409897521088,0.5901782512664795,new
MLP,0.1,5,2.0,0.016298681497573853,1,0.01464021299034357,0.03541472554206848,0.03724590688943863,1000,7999,0,5.644384314849051,0.6372515195270405,0.5831916928291321,new
MLP,0.1,5,3.0,0.016298681497573853,1,0.015883682295680046,0.03892345726490021,0.04093754664063454,1200,7999,0,5.704512792479576,44.056222465690794,0.5798737406730652,new
MLP,0.1,5,5.0,0.016298681497573853,1,0.015703260898590088,0.03914374113082886,0.04058272764086723,2200,7999,0,5.763082872629432,29.43024923387478,0.5766650438308716,new
MLP,0.1,5,8.0,0.016298681497573853,1,0.015730731189250946,0.03854253888130188,0.0405416376888752,1200,7999,0,5.801291058413719,0.7344281721941348,0.5745841264724731,new
MLP,0.1,5,12.0,0.016298681497573853,1,0.016951389610767365,0.041268132627010345,0.043577276170253754,1200,7999,0,5.824479753460394,0.781408575143301,0.5733258724212646,new
MLP,0.1,15,1.0,0.007444294635206461,1,0.017458762973546982,0.042724572122097015,0.044984929263591766,200,7999,0,21.50695834804715,10.013151528375184,-0.5485449433326721,new
MLP,0.1,15,2.0,0.007444294635206461,1,0.018123449757695198,0.04437434300780296,0.04670141264796257,200,7999,0,27.74188720126385,4.7557468745086835,-0.5118366479873657,new
MLP,0.1,15,3.0,0.007444294635206461,1,0.01844700239598751,0.04520341753959656,0.047541141510009766,200,7999,0,31.466946116494334,1.6643690627505254,-0.4932164251804352,new
MLP,0.1,15,5.0,0.007444294635206461,1,0.018733074888586998,0.045933447778224945,0.04828779771924019,200,7999,0,35.6657142334063,21.537904893437954,-0.4742859899997711,new
MLP,0.1,15,8.0,0.007444294635206461,1,0.01894388347864151,0.04647112637758255,0.04881197214126587,200,7999,0,38.757107480729026,0.37761925893881404,-0.46144193410873413,new
MLP,0.1,15,12.0,0.007444294635206461,1,0.020104948431253433,0.049187712371349335,0.05169035121798515,200,7999,0,40.785484879837,0.4472790907939897,-0.45343253016471863,new
MLP,0.1,25,1.0,0.0006916610873304307,1,0.0005333851440809667,0.0012909099459648132,0.001361709088087082,1600,7999,0,9.862479405223185,0.993942827597534,0.596581220626831,new
MLP,0.1,25,2.0,0.0006916610873304307,1,0.0014195825206115842,0.002418532967567444,0.002660742960870266,1400,7999,0,9.896256081117548,0.894608138885956,0.5354591608047485,new
MLP,0.1,25,3.0,0.0006916610873304307,1,0.000520100467838347,0.0009546726942062378,0.0010352568933740258,1400,7999,0,9.899345628852915,0.77989631743294,0.5052831768989563,new
MLP,0.1,25,5.0,0.0006916610873304307,1,0.0006931550451554358,0.0012685507535934448,0.0013764803297817707,1200,7999,0,9.894460396877367,1.0694170277258712,0.4754979610443115,new
MLP,0.1,25,8.0,0.0006916610873304307,1,0.0007724181050434709,0.001901097595691681,0.0019812111277133226,1000,7999,0,9.887203849519604,1.9218528519372893,0.4558980464935303,new
MLP,0.1,25,12.0,0.0006916610873304307,1,0.0011185209732502699,0.0025344640016555786,0.0026816450990736485,800,7999,0,9.88127567012075,0.8206994882909548,0.44394952058792114,new
MLP,0.1,35,1.0,0.0022699376568198204,1,0.009072333574295044,0.022223975509405136,0.02337905764579773,200,7999,0,1.432655705485262,4.2661796218836505,0.7212008833885193,new
MLP,0.1,35,2.0,0.0022699376568198204,1,0.005746888928115368,0.01407038513571024,0.014807116240262985,200,7999,0,1.3969971227737918,2.016498819271374,0.721280574798584,new
MLP,0.1,35,3.0,0.0022699376568198204,1,0.0037668761797249317,0.009217588230967522,0.009701925329864025,200,7999,0,1.3806816542371827,3.743035376889262,0.7212984561920166,new
MLP,0.1,35,5.0,0.0022699376568198204,1,0.0013900831108912826,0.003376554697751999,0.003564308164641261,200,7999,0,1.3652653340162053,4.489824949120945,0.7213040590286255,new
MLP,0.1,35,8.0,0.0022699376568198204,1,0.001033555599860847,0.0025219544768333435,0.002657409757375717,200,7999,0,1.3554518038362007,0.14532661220689674,0.7213016748428345,new
MLP,0.1,35,12.0,0.0022699376568198204,1,0.00310061895288527,0.0065887123346328735,0.007107928395271301,400,7999,0,1.349587135498598,0.5660767404333886,0.7212979793548584,new
MLP,0.1,45,1.0,0.0002492960775271058,1,0.007082623429596424,0.01735619828104973,0.018254496157169342,200,7999,0,1.2379403259079562,3.770015382237353,0.8328966498374939,new
MLP,0.1,45,2.0,0.0002492960775271058,1,0.005451871547847986,0.01427565049380064,0.013945819810032845,600,7999,0,1.1971427599605229,43.24838344375366,0.8307627439498901,new
MLP,0.1,45,3.0,0.0002492960775271058,1,0.006621724460273981,0.016219083219766617,0.01706540957093239,200,7999,0,1.1784288996560714,9.32903320563121,0.8297073245048523,new
MLP,0.1,45,5.0,0.0002492960775271058,1,0.006331868004053831,0.015515809878706932,0.01631988026201725,200,7999,0,1.160721955379758,22.017240807893383,0.8286610841751099,new
MLP,0.1,45,8.0,0.0002492960775271058,1,0.004763137083500624,0.012133387848734856,0.012316299602389336,200,7999,0,1.1494382647993668,46.90923388110912,0.8279691934585571,new
MLP,0.1,45,12.0,0.0002492960775271058,1,0.006022988352924585,0.013771066442131996,0.015231550671160221,200,7999,0,1.142691151698792,47.85258571294459,0.8275459408760071,new
MLP,0.1,50,1.0,0.01346581894904375,1,0.01689179055392742,0.041347116231918335,0.043461304157972336,7999,7999,0,9.331204427154734,0.7249068966379991,-0.9565234780311584,new
MLP,0.1,50,2.0,0.01346581894904375,1,0.01929011009633541,0.04685070365667343,0.049563851207494736,7999,7999,0,14.14167963977664,1.1540348241942846,-0.9433300495147705,new
MLP,0.1,50,3.0,0.01346581894904375,1,0.021045953035354614,0.051628515124320984,0.05421161651611328,200,7999,0,18.143780107642336,8.639440625379121,-0.9308225512504578,new
MLP,0.1,50,5.0,0.01346581894904375,1,0.021381650120019913,0.052445270121097565,0.055094387382268906,200,7999,0,24.11306229507459,53.13675844940072,-0.9103789329528809,new
MLP,0.1,50,8.0,0.01346581894904375,1,0.022359678521752357,0.05475745350122452,0.05760880932211876,200,7999,0,29.814680953512145,27.83748331549052,-0.8892080783843994,new
MLP,0.1,50,12.0,0.01346581894904375,1,0.02256418578326702,0.05541692674160004,0.05817528814077377,200,7999,0,34.30613491194039,2.3514268857072333,-0.8715054988861084,new
MLP,0.3,5,1.0,9.757219231687486e-06,1,9.759433851286303e-06,1.3262033462524414e-05,1.0752952221082523e-05,1000,7999,0,0.016600467163424767,0.021392595765554356,-0.9996581673622131,new
MLP,0.3,5,2.0,9.757219231687486e-06,1,1.0472336725797504e-05,1.5467405319213867e-05,1.1619894394243602e-05,600,7999,0,0.014925826070762906,0.013183050933315451,-0.9996921420097351,new
MLP,0.3,5,3.0,9.757219231687486e-06,1,1.1047692169086076e-05,1.633167266845703e-05,1.2227144907228649e-05,600,7999,0,0.01423377034825363,0.029324147019394668,-0.9997150301933289,new
MLP,0.3,5,5.0,9.757219231687486e-06,1,1.3045651030552108e-05,1.7404556274414062e-05,1.4499302778858691e-05,7400,7999,0,0.01361839273460329,0.002185661173960842,-0.9997393488883972,new
MLP,0.3,5,8.0,9.757219231687486e-06,1,1.0886315976676997e-05,1.4722347259521484e-05,1.2036080988764297e-05,1200,7999,0,0.013244965504298503,0.01559220537662386,-0.9997562170028687,new
MLP,0.3,5,12.0,9.757219231687486e-06,1,1.1943634490307886e-05,1.7374753952026367e-05,1.3239336112746969e-05,600,7999,0,0.013028277727223656,0.009979666862432878,-0.9997662305831909,new
MLP,0.3,15,1.0,5.665711432811804e-05,1,8.907518349587917e-06,1.4603137969970703e-05,9.84330108622089e-06,1400,7999,0,0.017735828836589314,0.02536512694199129,-0.9971652030944824,new
MLP,0.3,15,2.0,5.665711432811804e-05,1,1.0364271474827547e-05,1.2814998626708984e-05,1.1479396562208422e-05,2000,7999,0,0.017601487759214562,0.014722244970982146,-0.9968183636665344,new
MLP,0.3,15,3.0,5.665711432811804e-05,1,7.67003893997753e-06,1.2040138244628906e-05,8.529540536983404e-06,4600,7999,0,0.017549087036794916,0.006023968640175897,-0.9965954422950745,new
MLP,0.3,15,5.0,5.665711432811804e-05,1,6.405544809240382e-06,9.179115295410156e-06,7.109893431334058e-06,6800,7999,0,0.01750393269836784,0.012679412234031314,-0.9963577389717102,new
MLP,0.3,15,8.0,5.665711432811804e-05,1,1.3993050743010826e-05,1.8551945686340332e-05,1.5563144188490696e-05,3600,7999,0,0.017477170238249646,0.0006996339588982521,-0.9961949586868286,new
MLP,0.3,15,12.0,5.665711432811804e-05,1,7.30032161300187e-06,1.1980533599853516e-05,8.108197107503656e-06,2800,7999,0,0.017461851165898015,0.004108019372041557,-0.9960943460464478,new
MLP,0.3,25,1.0,2.1965977794025093e-05,1,1.0377071703260299e-05,1.1205673217773438e-05,1.1481054571049754e-05,7600,7999,0,0.0005201157294035638,0.06536826486085057,0.31007298827171326,new
MLP,0.3,25,2.0,2.1965977794025093e-05,1,1.544447150081396e-05,1.71661376953125e-05,1.7160416973638348e-05,7400,7999,0,0.0003648531448028848,0.009518132794693329,0.12468702346086502,new
MLP,0.3,25,3.0,2.1965977794025093e-05,1,1.4225955965230241e-05,2.014636993408203e-05,1.5668420019210316e-05,6800,7999,0,0.0003213341378667637,0.13211952553408277,0.027694586664438248,new
MLP,0.3,25,5.0,2.1965977794025093e-05,1,8.897975021682214e-06,9.685754776000977e-06,9.799360668694135e-06,4600,7999,0,0.00029178107565945555,0.007868762904830363,-0.06770412623882294,new
MLP,0.3,25,8.0,2.1965977794025093e-05,1,1.8516419004299678e-05,2.372264862060547e-05,2.0313202185207047e-05,3400,7999,0,0.00027782175730878023,0.025023092305956913,-0.12896199524402618,new
MLP,0.3,25,12.0,2.1965977794025093e-05,1,1.3130965271557216e-05,1.7940998077392578e-05,1.4396867300092708e-05,4400,7999,0,0.00027104733123146734,0.36017101062846973,-0.16536475718021393,new
MLP,0.3,35,1.0,1.6677970052114688e-05,1,4.289171101845568e-06,5.841255187988281e-06,4.748766968987184e-06,7400,7999,0,0.024177688921240212,0.01329601159568883,-0.8425832390785217,new
MLP,0.3,35,2.0,1.6677970052114688e-05,1,1.1860396625706926e-05,1.823902130126953e-05,1.3180102541809902e-05,1800,7999,0,0.02121044235083428,0.0017483528483073483,-0.8718187212944031,new
MLP,0.3,35,3.0,1.6677970052114688e-05,1,4.6698464757355396e-06,5.9604644775390625e-06,5.194326149648987e-06,6400,7999,0,0.020062901312002702,0.0029314925927645574,-0.8831623792648315,new
MLP,0.3,35,5.0,1.6677970052114688e-05,1,7.346525308093987e-06,1.2874603271484375e-05,7.966437806317117e-06,3200,7999,0,0.019079274570184802,0.036269165127945806,-0.8928948640823364,new
MLP,0.3,35,8.0,1.6677970052114688e-05,1,5.921777756157098e-06,7.331371307373047e-06,6.558143468282651e-06,4000,7999,0,0.01849874567885162,0.0057685096097790005,-0.8986396789550781,new
MLP,0.3,35,12.0,1.6677970052114688e-05,1,1.1557077414181549e-05,1.4483928680419922e-05,1.2851269275415689e-05,7000,7999,0,0.018167427072063914,0.009342745285687487,-0.9019178152084351,new
MLP,0.3,45,1.0,1.004147907224251e-05,1,4.80754351883661e-06,6.377696990966797e-06,5.3186199693300296e-06,1200,7999,0,0.0013365668110100416,0.023427898657559527,0.13450883328914642,new
MLP,0.3,45,2.0,1.004147907224251e-05,1,3.0350165616255254e-06,3.874301910400391e-06,3.30229454448272e-06,1000,7999,0,0.0013342303058604078,0.0065802501944823505,-0.02161097154021263,new
MLP,0.3,45,3.0,1.004147907224251e-05,1,4.8499941840418614e-06,7.718801498413086e-06,5.335155492502963e-06,1400,7999,0,0.001352461310794875,0.010591997143791254,-0.08194869756698608,new
MLP,0.3,45,5.0,1.004147907224251e-05,1,5.803315161756473e-06,7.331371307373047e-06,6.381771072483389e-06,800,7999,0,0.001376817779711008,0.014250179933288743,-0.13295884430408478,new
MLP,0.3,45,8.0,1.004147907224251e-05,1,6.238953119463986e-06,9.894371032714844e-06,6.87485271555488e-06,400,7999,0,0.0013950620911444998,0.022719564120867522,-0.16261298954486847,new
MLP,0.3,45,12.0,1.004147907224251e-05,1,6.300606855802471e-06,1.1026859283447266e-05,6.9733014242956415e-06,400,7999,0,0.0014067875794732917,0.006735028792911316,-0.1793563812971115,new
MLP,0.3,50,1.0,1.4510660548694432e-05,1,1.110936045733979e-05,1.7523765563964844e-05,1.2345883988018613e-05,4600,7999,0,0.014563596695577472,0.0005225988886052667,-0.997932493686676,new
MLP,0.3,50,2.0,1.4510660548694432e-05,1,9.29402176552685e-06,1.2993812561035156e-05,1.0135025149793364e-05,6000,7999,0,0.012862966171526989,0.13686749436422604,-0.993998110294342,new
MLP,0.3,50,3.0,1.4510660548694432e-05,1,7.918203664303292e-06,1.1026859283447266e-05,8.651869393361267e-06,800,7999,0,0.012247508990263415,0.005088139894617601,-0.9918866753578186,new
MLP,0.3,50,5.0,1.4510660548694432e-05,1,1.0760974873846862e-05,1.3589859008789062e-05,1.1804746463894844e-05,2000,7999,0,0.011737839243158507,0.04958148058095823,-0.9898551106452942,new
MLP,0.3,50,8.0,1.4510660548694432e-05,1,1.375544070469914e-05,1.800060272216797e-05,1.505645013821777e-05,3800,7999,0,0.011444531093762946,0.1264392244355825,-0.9885677695274353,new
MLP,0.3,50,12.0,1.4510660548694432e-05,1,1.6270074411295354e-05,2.2351741790771484e-05,1.805800638976507e-05,4600,7999,0,0.01127955547290253,0.0016746591985953932,-0.987805187702179,new
MLP,0.5,5,1.0,5.531888291443465e-06,1,2.75141746897134e-06,2.7418136596679688e-06,2.75141746897134e-06,4400,7999,0,nan,nan,nan,new
MLP,0.5,5,2.0,5.531888291443465e-06,1,1.510592596787319e-06,1.6093254089355469e-06,1.510592596787319e-06,1600,7999,0,nan,nan,nan,new
MLP,0.5,5,3.0,5.531888291443465e-06,1,1.4018711453900323e-06,1.5497207641601562e-06,1.4018711453900323e-06,1600,7999,0,nan,nan,nan,new
MLP,0.5,5,5.0,5.531888291443465e-06,1,1.4936599654902238e-06,1.4901161193847656e-06,1.4936599654902238e-06,1600,7999,0,nan,nan,nan,new
MLP,0.5,5,8.0,5.531888291443465e-06,1,2.1812072645843728e-06,2.1979212760925293e-06,2.1812072645843728e-06,2600,7999,0,nan,nan,nan,new
MLP,0.5,5,12.0,5.531888291443465e-06,1,2.049913291557459e-06,2.086162567138672e-06,2.049913291557459e-06,1600,7999,0,nan,nan,nan,new
MLP,0.5,15,1.0,4.629176146409009e-06,1,5.840660833200673e-06,5.107372999191284e-06,5.840660833200673e-06,4800,7999,0,nan,nan,nan,new
MLP,0.5,15,2.0,4.629176146409009e-06,1,2.8401882445905358e-06,2.8908252716064453e-06,2.8401882445905358e-06,4600,7999,0,nan,nan,nan,new
MLP,0.5,15,3.0,4.629176146409009e-06,1,3.024371380888624e-06,2.6673078536987305e-06,3.024371380888624e-06,1400,7999,0,nan,nan,nan,new
MLP,0.5,15,5.0,4.629176146409009e-06,1,3.7366046399256447e-06,4.082918167114258e-06,3.7366046399256447e-06,2600,7999,0,nan,nan,nan,new
MLP,0.5,15,8.0,4.629176146409009e-06,1,3.478774942777818e-06,3.591179847717285e-06,3.478774942777818e-06,4800,7999,0,nan,nan,nan,new
MLP,0.5,15,12.0,4.629176146409009e-06,1,3.9754568206262775e-06,3.4570693969726562e-06,3.9754568206262775e-06,7200,7999,0,nan,nan,nan,new
MLP,0.5,25,1.0,1.2737908036797307e-05,1,2.9934669782960555e-06,3.248453140258789e-06,2.9934669782960555e-06,5600,7999,0,nan,nan,nan,new
MLP,0.5,25,2.0,1.2737908036797307e-05,1,7.463386282324791e-06,7.241964340209961e-06,7.463386282324791e-06,2800,7999,0,nan,nan,nan,new
MLP,0.5,25,3.0,1.2737908036797307e-05,1,1.1416746019676793e-05,1.1593103408813477e-05,1.1416746019676793e-05,1200,7999,0,nan,nan,nan,new
MLP,0.5,25,5.0,1.2737908036797307e-05,1,1.2155968761362601e-05,1.1309981346130371e-05,1.2155968761362601e-05,400,7999,0,nan,nan,nan,new
MLP,0.5,25,8.0,1.2737908036797307e-05,1,4.196130248601548e-06,3.390014171600342e-06,4.196130248601548e-06,5400,7999,0,nan,nan,nan,new
MLP,0.5,25,12.0,1.2737908036797307e-05,1,8.318850632349495e-06,8.165836334228516e-06,8.318850632349495e-06,5200,7999,0,nan,nan,nan,new
MLP,0.5,35,1.0,4.943249223288149e-06,1,1.0138991456187796e-05,8.07642936706543e-06,1.0138991456187796e-05,7400,7999,0,nan,nan,nan,new
MLP,0.5,35,2.0,4.943249223288149e-06,1,5.256449185253587e-06,4.9173831939697266e-06,5.256449185253587e-06,4400,7999,0,nan,nan,nan,new
MLP,0.5,35,3.0,4.943249223288149e-06,1,6.542393748532049e-06,7.68899917602539e-06,6.542393748532049e-06,400,7999,0,nan,nan,nan,new
MLP,0.5,35,5.0,4.943249223288149e-06,1,4.078015081177e-06,4.5299530029296875e-06,4.078015081177e-06,1600,7999,0,nan,nan,nan,new
MLP,0.5,35,8.0,4.943249223288149e-06,1,1.2061191227985546e-05,9.268522262573242e-06,1.2061191227985546e-05,2400,7999,0,nan,nan,nan,new
MLP,0.5,35,12.0,4.943249223288149e-06,1,2.5924769033736084e-06,2.771615982055664e-06,2.5924769033736084e-06,2000,7999,0,nan,nan,nan,new
MLP,0.5,45,1.0,6.462173587351572e-06,1,3.597693648771383e-06,3.427267074584961e-06,3.597693648771383e-06,4600,7999,0,nan,nan,nan,new
MLP,0.5,45,2.0,6.462173587351572e-06,1,2.0826485069846967e-06,2.086162567138672e-06,2.0826485069846967e-06,3000,7999,0,nan,nan,nan,new
MLP,0.5,45,3.0,6.462173587351572e-06,1,2.036372734437464e-06,2.294778823852539e-06,2.036372734437464e-06,4200,7999,0,nan,nan,nan,new
MLP,0.5,45,5.0,6.462173587351572e-06,1,5.470717042044271e-06,5.036592483520508e-06,5.470717042044271e-06,4000,7999,0,nan,nan,nan,new
MLP,0.5,45,8.0,6.462173587351572e-06,1,5.351054824132007e-06,4.708766937255859e-06,5.351054824132007e-06,600,7999,0,nan,nan,nan,new
MLP,0.5,45,12.0,6.462173587351572e-06,1,5.555300049309153e-06,4.727393388748169e-06,5.555300049309153e-06,3000,7999,0,nan,nan,nan,new
MLP,0.5,50,1.0,8.71610245667398e-06,1,6.734277121722698e-06,7.063150405883789e-06,6.734277121722698e-06,400,7999,0,nan,nan,nan,new
MLP,0.5,50,2.0,8.71610245667398e-06,1,4.702541446022224e-06,4.798173904418945e-06,4.702541446022224e-06,800,7999,0,nan,nan,nan,new
MLP,0.5,50,3.0,8.71610245667398e-06,1,4.781758434546646e-06,5.0067901611328125e-06,4.781758434546646e-06,600,7999,0,nan,nan,nan,new
MLP,0.5,50,5.0,8.71610245667398e-06,1,6.034155831002863e-06,5.185604095458984e-06,6.034155831002863e-06,600,7999,0,nan,nan,nan,new
MLP,0.5,50,8.0,8.71610245667398e-06,1,4.2148226384597365e-06,4.76837158203125e-06,4.2148226384597365e-06,3200,7999,0,nan,nan,nan,new
MLP,0.5,50,12.0,8.71610245667398e-06,1,4.488647846301319e-06,4.649162292480469e-06,4.488647846301319e-06,1000,7999,0,nan,nan,nan,new
MLP,1.0,5,1.0,3.0446894925262313e-06,1,1.6885843479030882e-06,9.238719940185547e-07,1.6885843479030882e-06,3000,7999,0,nan,nan,nan,new
MLP,1.0,5,2.0,3.0446894925262313e-06,1,9.535883691569325e-07,5.066394805908203e-07,9.535883691569325e-07,6600,7999,0,nan,nan,nan,new
MLP,1.0,5,3.0,3.0446894925262313e-06,1,1.40394752179418e-06,8.344650268554688e-07,1.40394752179418e-06,3800,7999,0,nan,nan,nan,new
MLP,1.0,5,5.0,3.0446894925262313e-06,1,1.7843809700934798e-06,1.0076910257339478e-06,1.7843809700934798e-06,800,7999,0,nan,nan,nan,new
MLP,1.0,5,8.0,3.0446894925262313e-06,1,1.0591456884867512e-06,5.960464477539062e-07,1.0591456884867512e-06,3600,7999,0,nan,nan,nan,new
MLP,1.0,5,12.0,3.0446894925262313e-06,1,1.0861421060326393e-06,5.066394805908203e-07,1.0861421060326393e-06,7800,7999,0,nan,nan,nan,new
MLP,1.0,15,1.0,7.00417240295792e-06,1,9.418122317583766e-07,5.513429641723633e-07,9.418122317583766e-07,3400,7999,0,nan,nan,nan,new
MLP,1.0,15,2.0,7.00417240295792e-06,1,1.1644772257568548e-06,7.599592208862305e-07,1.1644772257568548e-06,2800,7999,0,nan,nan,nan,new
MLP,1.0,15,3.0,7.00417240295792e-06,1,1.6481986904182122e-06,8.845236152410507e-07,1.6481986904182122e-06,7800,7999,0,nan,nan,nan,new
MLP,1.0,15,5.0,7.00417240295792e-06,1,1.8627712279339903e-06,1.0281801223754883e-06,1.8627712279339903e-06,200,7999,0,nan,nan,nan,new
MLP,1.0,15,8.0,7.00417240295792e-06,1,1.0673676342776162e-06,5.364418029785156e-07,1.0673676342776162e-06,3600,7999,0,nan,nan,nan,new
MLP,1.0,15,12.0,7.00417240295792e-06,1,1.462169166188687e-06,8.642673492431641e-07,1.462169166188687e-06,7400,7999,0,nan,nan,nan,new
MLP,1.0,25,1.0,2.7751773359341314e-06,1,8.688377874932485e-07,4.470348358154297e-07,8.688377874932485e-07,800,7999,0,nan,nan,nan,new
MLP,1.0,25,2.0,2.7751773359341314e-06,1,9.078846119336959e-07,5.960464477539062e-07,9.078846119336959e-07,1000,7999,0,nan,nan,nan,new
MLP,1.0,25,3.0,2.7751773359341314e-06,1,8.166276188603661e-07,5.364418029785156e-07,8.166276188603661e-07,1000,7999,0,nan,nan,nan,new
MLP,1.0,25,5.0,2.7751773359341314e-06,1,8.980018719739746e-07,6.407499313354492e-07,8.980018719739746e-07,2400,7999,0,nan,nan,nan,new
MLP,1.0,25,8.0,2.7751773359341314e-06,1,6.346705845317047e-07,4.172325134277344e-07,6.346705845317047e-07,1000,7999,0,nan,nan,nan,new
MLP,1.0,25,12.0,2.7751773359341314e-06,1,1.00288673365867e-06,5.662441253662109e-07,1.00288673365867e-06,1600,7999,0,nan,nan,nan,new
MLP,1.0,35,1.0,6.186895461723907e-06,1,2.1681039470422547e-06,1.1175870895385742e-06,2.1681039470422547e-06,7800,7999,0,nan,nan,nan,new
MLP,1.0,35,2.0,6.186895461723907e-06,1,2.9581713079096517e-06,1.519918441772461e-06,2.9581713079096517e-06,6800,7999,0,nan,nan,nan,new
MLP,1.0,35,3.0,6.186895461723907e-06,1,1.3775210163657903e-06,6.854534149169922e-07,1.3775210163657903e-06,6600,7999,0,nan,nan,nan,new
MLP,1.0,35,5.0,6.186895461723907e-06,1,2.394018792983843e-06,1.0356307029724121e-06,2.394018792983843e-06,6600,7999,0,nan,nan,nan,new
MLP,1.0,35,8.0,6.186895461723907e-06,1,3.394383384147659e-06,1.475214958190918e-06,3.394383384147659e-06,7200,7999,0,nan,nan,nan,new
MLP,1.0,35,12.0,6.186895461723907e-06,1,1.0292743581885588e-06,5.848705768585205e-07,1.0292743581885588e-06,7400,7999,0,nan,nan,nan,new
MLP,1.0,45,1.0,2.66969300355413e-06,1,1.3232986475486541e-06,7.301568984985352e-07,1.3232986475486541e-06,800,7999,0,nan,nan,nan,new
MLP,1.0,45,2.0,2.66969300355413e-06,1,7.865701263654046e-07,5.364418029785156e-07,7.865701263654046e-07,2000,7999,0,nan,nan,nan,new
MLP,1.0,45,3.0,2.66969300355413e-06,1,1.2470366073102923e-06,6.407499313354492e-07,1.2470366073102923e-06,2200,7999,0,nan,nan,nan,new
MLP,1.0,45,5.0,2.66969300355413e-06,1,1.0221862112302915e-06,6.854534149169922e-07,1.0221862112302915e-06,800,7999,0,nan,nan,nan,new
MLP,1.0,45,8.0,2.66969300355413e-06,1,9.465823040955001e-07,6.705522537231445e-07,9.465823040955001e-07,800,7999,0,nan,nan,nan,new
MLP,1.0,45,12.0,2.66969300355413e-06,1,1.0385538189439103e-06,7.450580596923828e-07,1.0385538189439103e-06,600,7999,0,nan,nan,nan,new
MLP,1.0,50,1.0,5.205268280406017e-06,1,4.451015684026061e-06,1.996755599975586e-06,4.451015684026061e-06,6800,7999,0,nan,nan,nan,new
MLP,1.0,50,2.0,5.205268280406017e-06,1,2.9885161438869545e-06,1.5348196029663086e-06,2.9885161438869545e-06,7600,7999,0,nan,nan,nan,new
MLP,1.0,50,3.0,5.205268280406017e-06,1,6.129197117843432e-06,3.680586814880371e-06,6.129197117843432e-06,1200,7999,0,nan,nan,nan,new
MLP,1.0,50,5.0,5.205268280406017e-06,1,3.6989786167396232e-06,1.9818544387817383e-06,3.6989786167396232e-06,2400,7999,0,nan,nan,nan,new
MLP,1.0,50,8.0,5.205268280406017e-06,1,4.357068064564373e-06,2.0563602447509766e-06,4.357068064564373e-06,1200,7999,0,nan,nan,nan,new
MLP,1.0,50,12.0,5.205268280406017e-06,1,3.6259475564293098e-06,2.205371856689453e-06,3.6259475564293098e-06,6800,7999,0,nan,nan,nan,new
