nu,seed,strategy,step,L2,l2_band
0.005,10,up_full,0.0,0.5724241733551025,0.9717687964439392
0.005,10,up_full,200.0,0.3749121427536011,0.8596035838127136
0.005,10,up_full,400.0,0.0750427395105362,0.9530312418937683
0.005,10,up_full,600.0,0.06908027827739716,0.8822831511497498
0.005,10,up_full,800.0,0.06688661873340607,0.8545419573783875
0.005,10,up_full,1000.0,0.06604769825935364,0.8494895100593567
0.005,10,up_full,1200.0,0.06567199528217316,0.8415787220001221
0.005,10,up_full,1400.0,0.06627778708934784,0.8542478084564209
0.005,10,up_full,1600.0,0.06466434895992279,0.8329493999481201
0.005,10,up_full,1800.0,0.06373588740825653,0.8220183253288269
0.005,10,up_full,2000.0,0.06465253233909607,0.8345821499824524
0.005,10,up_full,2200.0,0.06122678145766258,0.7774071097373962
0.005,10,up_full,2400.0,0.06134047731757164,0.7938457131385803
0.005,10,up_full,2600.0,0.05924804136157036,0.7654670476913452
0.005,10,up_full,2800.0,0.060116905719041824,0.7734910845756531
0.005,10,up_full,3000.0,0.05708582326769829,0.7393007278442383
0.005,10,up_full,3200.0,0.05680254474282265,0.7362030148506165
0.005,10,up_full,3400.0,0.055612917989492416,0.7197077870368958
0.005,10,up_full,3600.0,0.054550912231206894,0.7049736976623535
0.005,10,up_full,3800.0,0.05437455698847771,0.7042326331138611
0.005,10,up_full,4000.0,0.05309173837304115,0.6873633861541748
0.005,10,up_full,4200.0,0.052414197474718094,0.6784694790840149
0.005,10,up_full,4400.0,0.05015174672007561,0.6478061676025391
0.005,10,up_full,4600.0,0.046652067452669144,0.6065697073936462
0.005,10,up_full,4800.0,0.04660812020301819,0.6062946319580078
0.005,10,up_full,5000.0,0.04666297137737274,0.605400025844574
0.005,10,up_full,5200.0,0.04535149782896042,0.5912867784500122
0.005,10,up_full,5400.0,0.04382713511586189,0.5699180364608765
0.005,10,up_full,5600.0,0.04257337376475334,0.5546103119850159
0.005,10,up_full,5800.0,0.03885258361697197,0.5034714937210083
0.005,10,up_full,6000.0,0.03786837309598923,0.49430519342422485
0.005,10,up_full,6200.0,0.03507568687200546,0.4579828083515167
0.005,10,up_full,6400.0,0.03591055050492287,0.4675883650779724
0.005,10,up_full,6600.0,0.0332934632897377,0.43484610319137573
0.005,10,up_full,6800.0,0.03146187216043472,0.39964622259140015
0.005,10,up_full,7000.0,0.02922358736395836,0.38052454590797424
0.005,10,up_full,7200.0,0.027171559631824493,0.3530804216861725
0.005,10,up_full,7400.0,0.024048306047916412,0.31196340918540955
0.005,10,up_full,7600.0,0.022886687889695168,0.29136690497398376
0.005,10,up_full,7800.0,0.02206740528345108,0.26650142669677734
0.005,10,up_full,7999.0,0.02007344365119934,0.26275256276130676
0.005,10,down_full,0.0,0.5725209712982178,0.9728667736053467
0.005,10,down_full,200.0,0.5329713225364685,0.9859253764152527
0.005,10,down_full,400.0,0.008250083774328232,0.09102042019367218
0.005,10,down_full,600.0,0.004929442424327135,0.06207207217812538
0.005,10,down_full,800.0,0.0005198135622777045,0.004750782623887062
0.005,10,down_full,1000.0,0.0011792617151513696,0.009857403114438057
0.005,10,down_full,1200.0,0.001950882957316935,0.02556648850440979
0.005,10,down_full,1400.0,0.012963316403329372,0.17004252970218658
0.005,10,down_full,1600.0,0.01201967615634203,0.15730349719524384
0.005,10,down_full,1800.0,0.011904600076377392,0.15610994398593903
0.005,10,down_full,2000.0,0.013924879021942616,0.18265022337436676
0.005,10,down_full,2200.0,0.013907083310186863,0.1824084222316742
0.005,10,down_full,2400.0,0.01726064644753933,0.22631508111953735
0.005,10,down_full,2600.0,0.017180204391479492,0.22524528205394745
0.005,10,down_full,2800.0,0.01840314082801342,0.24127663671970367
0.005,10,down_full,3000.0,0.02059965394437313,0.27004188299179077
0.005,10,down_full,3200.0,0.021849315613508224,0.2720818817615509
0.005,10,down_full,3400.0,0.02120702899992466,0.2747218608856201
0.005,10,down_full,3600.0,0.021997647359967232,0.2870967388153076
0.005,10,down_full,3800.0,0.023989958688616753,0.3143708407878876
0.005,10,down_full,4000.0,0.02471242845058441,0.3229711353778839
0.005,10,down_full,4200.0,0.028396055102348328,0.370073527097702
0.005,10,down_full,4400.0,0.028380492702126503,0.37170645594596863
0.005,10,down_full,4600.0,0.028097545728087425,0.35937052965164185
0.005,10,down_full,4800.0,0.03257717564702034,0.42623668909072876
0.005,10,down_full,5000.0,0.032643742859363556,0.4271303713321686
0.005,10,down_full,5200.0,0.03436524048447609,0.44964081048965454
0.005,10,down_full,5400.0,0.03428109362721443,0.4485621750354767
0.005,10,down_full,5600.0,0.03524510934948921,0.46108850836753845
0.005,10,down_full,5800.0,0.035803526639938354,0.4662945568561554
0.005,10,down_full,6000.0,0.03702105954289436,0.47526049613952637
0.005,10,down_full,6200.0,0.037840839475393295,0.49450814723968506
0.005,10,down_full,6400.0,0.03881562873721123,0.5071554183959961
0.005,10,down_full,6600.0,0.04040401056408882,0.5280815362930298
0.005,10,down_full,6800.0,0.0397624745965004,0.5188193917274475
0.005,10,down_full,7000.0,0.040912263095378876,0.5345912575721741
0.005,10,down_full,7200.0,0.040889639407396317,0.5343124270439148
0.005,10,down_full,7400.0,0.04693020135164261,0.6067138910293579
0.005,10,down_full,7600.0,0.04694877192378044,0.6125286817550659
0.005,10,down_full,7800.0,0.046852920204401016,0.6112831830978394
0.005,10,down_full,7999.0,0.04655839130282402,0.6057523488998413
0.005,10,fixed_du,0.0,0.5725209712982178,0.9728667736053467
0.005,10,fixed_du,200.0,0.5329713225364685,0.9859253764152527
0.005,10,fixed_du,400.0,0.008250083774328232,0.09102042019367218
0.005,10,fixed_du,600.0,0.004929442424327135,0.06207207217812538
0.005,10,fixed_du,800.0,0.0005198135622777045,0.004750782623887062
0.005,10,fixed_du,1000.0,0.0011792617151513696,0.009857403114438057
0.005,10,fixed_du,1200.0,0.001950882957316935,0.02556648850440979
0.005,10,fixed_du,1400.0,0.012963316403329372,0.17004252970218658
0.005,10,fixed_du,1600.0,0.01201967615634203,0.15730349719524384
0.005,10,fixed_du,1800.0,0.011904600076377392,0.15610994398593903
0.005,10,fixed_du,2000.0,0.013924879021942616,0.18265022337436676
0.005,10,fixed_du,2200.0,0.013907083310186863,0.1824084222316742
0.005,10,fixed_du,2400.0,0.01726064644753933,0.22631508111953735
0.005,10,fixed_du,2600.0,0.017180204391479492,0.22524528205394745
0.005,10,fixed_du,2800.0,0.01840314082801342,0.24127663671970367
0.005,10,fixed_du,3000.0,0.02059965394437313,0.27004188299179077
0.005,10,fixed_du,3199.0,0.022166961804032326,0.27206969261169434
0.005,10,fixed_du,3200.0,0.01056811772286892,0.036575622856616974
0.005,10,fixed_du,3400.0,0.008514081127941608,0.04374045878648758
0.005,10,fixed_du,3600.0,0.006515692453831434,0.021045053377747536
0.005,10,fixed_du,3800.0,0.005761805456131697,0.01625058613717556
0.005,10,fixed_du,4000.0,0.010033884085714817,0.03199457377195358
0.005,10,fixed_du,4200.0,0.006678499281406403,0.04050183296203613
0.005,10,fixed_du,4400.0,0.006761489436030388,0.05242591351270676
0.005,10,fixed_du,4600.0,0.009369553066790104,0.06752727180719376
0.005,10,fixed_du,4800.0,0.007943450473248959,0.08210915327072144
0.005,10,fixed_du,5000.0,0.013338776305317879,0.1343357115983963
0.005,10,fixed_du,5200.0,0.010455233044922352,0.09881294518709183
0.005,10,fixed_du,5400.0,0.009319886565208435,0.09852101653814316
0.005,10,fixed_du,5600.0,0.009652878157794476,0.12109417468309402
0.005,10,fixed_du,5800.0,0.007657209876924753,0.09477246552705765
0.005,10,fixed_du,6000.0,0.01715630479156971,0.20306535065174103
0.005,10,fixed_du,6200.0,0.005978425499051809,0.06164928525686264
0.005,10,fixed_du,6400.0,0.005782839842140675,0.06097104772925377
0.005,10,fixed_du,6600.0,0.010467668063938618,0.12056241929531097
0.005,10,fixed_du,6800.0,0.010936133563518524,0.1403309553861618
0.005,10,fixed_du,7000.0,0.012104017660021782,0.1333187371492386
0.005,10,fixed_du,7200.0,0.011868231929838657,0.14159655570983887
0.005,10,fixed_du,7400.0,0.01377259660512209,0.17265047132968903
0.005,10,fixed_du,7600.0,0.012895941734313965,0.16615667939186096
0.005,10,fixed_du,7800.0,0.01686735637485981,0.21656392514705658
0.005,10,fixed_du,7999.0,0.01921076513826847,0.24772116541862488
0.005,10,oracle_du,0.0,0.5725209712982178,0.9728667736053467
0.005,10,oracle_du,200.0,0.5329713225364685,0.9859253764152527
0.005,10,oracle_du,399.0,0.008005297742784023,0.09350382536649704
0.005,10,oracle_du,400.0,0.02422751672565937,0.0984383076429367
0.005,10,oracle_du,600.0,0.006862286943942308,0.08930221945047379
0.005,10,oracle_du,799.0,0.0067328657023608685,0.08732312172651291
0.005,10,oracle_du,800.0,0.012546810321509838,0.07854034006595612
0.005,10,oracle_du,1000.0,0.012497042305767536,0.11796455085277557
0.005,10,oracle_du,1200.0,0.010213823057711124,0.10135969519615173
0.005,10,oracle_du,1400.0,0.007831704802811146,0.0639527440071106
0.005,10,oracle_du,1600.0,0.009978176094591618,0.03349483758211136
0.005,10,oracle_du,1800.0,0.007031855173408985,0.04193443804979324
0.005,10,oracle_du,2000.0,0.0042351107113063335,0.01570388861000538
0.005,10,oracle_du,2200.0,0.005616859067231417,0.02338440530002117
0.005,10,oracle_du,2400.0,0.01073446124792099,0.057033833116292953
0.005,10,oracle_du,2600.0,0.010394535027444363,0.12277744710445404
0.005,10,oracle_du,2800.0,0.015012274496257305,0.1891760230064392
0.005,10,oracle_du,3000.0,0.0167649295181036,0.20079867541790009
0.005,10,oracle_du,3200.0,0.023916497826576233,0.3049449026584625
0.005,10,oracle_du,3400.0,0.025693299248814583,0.33242759108543396
0.005,10,oracle_du,3600.0,0.03346366807818413,0.4364762306213379
0.005,10,oracle_du,3800.0,0.03615564852952957,0.4714045822620392
0.005,10,oracle_du,4000.0,0.03842251002788544,0.4985211193561554
0.005,10,oracle_du,4200.0,0.04051825404167175,0.526293158531189
0.005,10,oracle_du,4400.0,0.04282370209693909,0.5562689900398254
0.005,10,oracle_du,4600.0,0.045487046241760254,0.5926182866096497
0.005,10,oracle_du,4800.0,0.05146842822432518,0.670087993144989
0.005,10,oracle_du,5000.0,0.055068690329790115,0.7107247114181519
0.005,10,oracle_du,5200.0,0.058707211166620255,0.7617791891098022
0.005,10,oracle_du,5400.0,0.06245090439915657,0.7871230840682983
0.005,10,oracle_du,5600.0,0.066135935485363,0.852786660194397
0.005,10,oracle_du,5800.0,0.06699543446302414,0.8653004169464111
0.005,10,oracle_du,6000.0,0.06962629407644272,0.8974652290344238
0.005,10,oracle_du,6200.0,0.07203033566474915,0.9282228946685791
0.005,10,oracle_du,6400.0,0.07587414234876633,0.9750173091888428
0.005,10,oracle_du,6600.0,0.07991420477628708,1.0240893363952637
0.005,10,oracle_du,6800.0,0.08369001746177673,1.0687322616577148
0.005,10,oracle_du,7000.0,0.09026482701301575,1.1465730667114258
0.005,10,oracle_du,7200.0,0.08913387358188629,1.1317194700241089
0.005,10,oracle_du,7400.0,0.09771352261304855,1.2298375368118286
0.005,10,oracle_du,7600.0,0.10398788750171661,1.2990516424179077
0.005,10,oracle_du,7800.0,0.10677747428417206,1.3286117315292358
0.005,10,oracle_du,7999.0,0.10875255614519119,1.3485969305038452
0.005,10,oracle_ramp,0.0,0.5725209712982178,0.9728667736053467
0.005,10,oracle_ramp,200.0,0.5329713225364685,0.9859253764152527
0.005,10,oracle_ramp,399.0,0.008005297742784023,0.09350382536649704
0.005,10,oracle_ramp,400.0,0.02422751672565937,0.0984383076429367
0.005,10,oracle_ramp,600.0,0.006862286943942308,0.08930221945047379
0.005,10,oracle_ramp,799.0,0.0067328657023608685,0.08732312172651291
0.005,10,oracle_ramp,800.0,0.0123165063560009,0.07757649570703506
0.005,10,oracle_ramp,1000.0,0.01315954141318798,0.12120027095079422
0.005,10,oracle_ramp,1200.0,0.011771061457693577,0.10325937718153
0.005,10,oracle_ramp,1400.0,0.012146418914198875,0.1448698490858078
0.005,10,oracle_ramp,1600.0,0.010894816368818283,0.12015281617641449
0.005,10,oracle_ramp,1800.0,0.009069599211215973,0.10466379672288895
0.005,10,oracle_ramp,2000.0,0.008328636176884174,0.10340896248817444
0.005,10,oracle_ramp,2200.0,0.008607997559010983,0.10424911230802536
0.005,10,oracle_ramp,2400.0,0.010983580723404884,0.1365339159965515
0.005,10,oracle_ramp,2600.0,0.013103142380714417,0.14100226759910583
0.005,10,oracle_ramp,2800.0,0.009461951442062855,0.09916601330041885
0.005,10,oracle_ramp,3000.0,0.00794217362999916,0.042647942900657654
0.005,10,oracle_ramp,3200.0,0.004703950602561235,0.041360411792993546
0.005,10,oracle_ramp,3400.0,0.006440849043428898,0.013791928999125957
0.005,10,oracle_ramp,3600.0,0.0031189145520329475,0.023277785629034042
0.005,10,oracle_ramp,3800.0,0.0064363800920546055,0.07333207130432129
0.005,10,oracle_ramp,4000.0,0.008768024854362011,0.09634917974472046
0.005,10,oracle_ramp,4200.0,0.010470673441886902,0.13265569508075714
0.005,10,oracle_ramp,4400.0,0.013187023811042309,0.17244313657283783
0.005,10,oracle_ramp,4600.0,0.018080534413456917,0.2265346199274063
0.005,10,oracle_ramp,4800.0,0.021703463047742844,0.2834186851978302
0.005,10,oracle_ramp,5000.0,0.023041531443595886,0.299852579832077
0.005,10,oracle_ramp,5200.0,0.023422975093126297,0.30329200625419617
0.005,10,oracle_ramp,5400.0,0.026575328782200813,0.34819966554641724
0.005,10,oracle_ramp,5600.0,0.025850987061858177,0.33783191442489624
0.005,10,oracle_ramp,5800.0,0.03118123486638069,0.40715304017066956
0.005,10,oracle_ramp,6000.0,0.03153271973133087,0.4116635024547577
0.005,10,oracle_ramp,6200.0,0.03955104202032089,0.5114588141441345
0.005,10,oracle_ramp,6400.0,0.055061791092157364,0.7102330327033997
0.005,10,oracle_ramp,6600.0,0.05706915259361267,0.7384498119354248
0.005,10,oracle_ramp,6800.0,0.06307955831289291,0.8158403635025024
0.005,10,oracle_ramp,7000.0,0.06482008844614029,0.8384838104248047
0.005,10,oracle_ramp,7200.0,0.0671406164765358,0.8651430606842041
0.005,10,oracle_ramp,7400.0,0.07040098309516907,0.9065869450569153
0.005,10,oracle_ramp,7600.0,0.0722617357969284,0.9304878115653992
0.005,10,oracle_ramp,7800.0,0.07497949153184891,0.9643334150314331
0.005,10,oracle_ramp,7999.0,0.08238925039768219,1.0531269311904907
0.005,10,gate_du,0.0,0.5725209712982178,0.9728667736053467
0.005,10,gate_du,200.0,0.5329713225364685,0.9859253764152527
0.005,10,gate_du,399.0,0.008005297742784023,0.09350382536649704
0.005,10,gate_du,400.0,0.02422751672565937,0.0984383076429367
0.005,10,gate_du,600.0,0.006862286943942308,0.08930221945047379
0.005,10,gate_du,799.0,0.0067328657023608685,0.08732312172651291
0.005,10,gate_du,800.0,0.012523675337433815,0.0778554156422615
0.005,10,gate_du,1000.0,0.009805567562580109,0.12456155568361282
0.005,10,gate_du,1199.0,0.008798251859843731,0.11498178541660309
0.005,10,gate_du,1200.0,0.018554942682385445,0.11494523286819458
0.005,10,gate_du,1400.0,0.008363371714949608,0.10747195035219193
0.005,10,gate_du,1599.0,0.006070662755519152,0.0687839537858963
0.005,10,gate_du,1600.0,0.01527480036020279,0.17129407823085785
0.005,10,gate_du,1800.0,0.006442628800868988,0.07985270768404007
0.005,10,gate_du,1999.0,0.006629123818129301,0.07928657531738281
0.005,10,gate_du,2000.0,0.021195081993937492,0.10287699848413467
0.005,10,gate_du,2200.0,0.006311104632914066,0.06708435714244843
0.005,10,gate_du,2399.0,0.006006773095577955,0.07518955320119858
0.005,10,gate_du,2400.0,0.03272859752178192,0.14530278742313385
0.005,10,gate_du,2600.0,0.004064566921442747,0.05299031361937523
0.005,10,gate_du,2799.0,0.004374094773083925,0.05733622610569
0.005,10,gate_du,2800.0,0.021708667278289795,0.0750025063753128
0.005,10,gate_du,3000.0,0.007341804448515177,0.09619583934545517
0.005,10,gate_du,3199.0,0.007413065060973167,0.09506603330373764
0.005,10,gate_du,3200.0,0.010648700408637524,0.054053597152233124
0.005,10,gate_du,3400.0,0.007876623421907425,0.10277463495731354
0.005,10,gate_du,3599.0,0.009179631248116493,0.12044406682252884
0.005,10,gate_du,3600.0,0.015031768940389156,0.1162046566605568
0.005,10,gate_du,3800.0,0.010699518024921417,0.13889501988887787
0.005,10,gate_du,3999.0,0.005912173539400101,0.07714146375656128
0.005,10,gate_du,4000.0,0.023620247840881348,0.15695935487747192
0.005,10,gate_du,4200.0,0.008160136640071869,0.10706500709056854
0.005,10,gate_du,4399.0,0.006379369646310806,0.08369753509759903
0.005,10,gate_du,4400.0,0.015531424432992935,0.1791284829378128
0.005,10,gate_du,4600.0,0.008658546954393387,0.11358234286308289
0.005,10,gate_du,4799.0,0.0069330111145973206,0.09087809920310974
0.005,10,gate_du,4800.0,0.026102792471647263,0.16610093414783478
0.005,10,gate_du,5000.0,0.011875213123857975,0.1557907611131668
0.005,10,gate_du,5199.0,0.01919320598244667,0.25165340304374695
0.005,10,gate_du,5200.0,0.03172186389565468,0.19969935715198517
0.005,10,gate_du,5400.0,0.01043704617768526,0.13423916697502136
0.005,10,gate_du,5599.0,0.007198568899184465,0.09313535690307617
0.005,10,gate_du,5600.0,0.024512402713298798,0.1785379946231842
0.005,10,gate_du,5800.0,0.007502800785005093,0.09844020754098892
0.005,10,gate_du,6000.0,0.008456984534859657,0.11064892262220383
0.005,10,gate_du,6200.0,0.009530795738101006,0.12501370906829834
0.005,10,gate_du,6400.0,0.008560925722122192,0.10663781315088272
0.005,10,gate_du,6600.0,0.008573947474360466,0.110993891954422
0.005,10,gate_du,6800.0,0.007114711217582226,0.09333720058202744
0.005,10,gate_du,7000.0,0.008071282878518105,0.10574428737163544
0.005,10,gate_du,7200.0,0.008285315707325935,0.10872305929660797
0.005,10,gate_du,7400.0,0.006942500360310078,0.09069612622261047
0.005,10,gate_du,7600.0,0.007222268730401993,0.0947822704911232
0.005,10,gate_du,7800.0,0.009778372943401337,0.12830932438373566
0.005,10,gate_du,7999.0,0.011082576587796211,0.13878031075000763
0.005,15,up_full,0.0,0.5691767930984497,0.9895013570785522
0.005,15,up_full,200.0,0.1940137892961502,1.8226464986801147
0.005,15,up_full,400.0,0.19615435600280762,1.8317322731018066
0.005,15,up_full,600.0,0.19826973974704742,1.8393425941467285
0.005,15,up_full,800.0,0.19758033752441406,1.8342205286026
0.005,15,up_full,1000.0,0.19918806850910187,1.8445460796356201
0.005,15,up_full,1200.0,0.2005574256181717,1.8456602096557617
0.005,15,up_full,1400.0,0.1998322308063507,1.8451080322265625
0.005,15,up_full,1600.0,0.20053322613239288,1.851701021194458
0.005,15,up_full,1800.0,0.2016664743423462,1.8512332439422607
0.005,15,up_full,2000.0,0.20199818909168243,1.8504513502120972
0.005,15,up_full,2200.0,0.2015831619501114,1.8511971235275269
0.005,15,up_full,2400.0,0.20313778519630432,1.8561131954193115
0.005,15,up_full,2600.0,0.2026670277118683,1.8529510498046875
0.005,15,up_full,2800.0,0.2041134387254715,1.8555995225906372
0.005,15,up_full,3000.0,0.2044377326965332,1.8554654121398926
0.005,15,up_full,3200.0,0.20383235812187195,1.8537673950195312
0.005,15,up_full,3400.0,0.20497781038284302,1.8613498210906982
0.005,15,up_full,3600.0,0.20506839454174042,1.8549686670303345
0.005,15,up_full,3800.0,0.2056581676006317,1.8496928215026855
0.005,15,up_full,4000.0,0.20647679269313812,1.8554924726486206
0.005,15,up_full,4200.0,0.20735013484954834,1.8626821041107178
0.005,15,up_full,4400.0,0.20754317939281464,1.8589568138122559
0.005,15,up_full,4600.0,0.20812973380088806,1.8626457452774048
0.005,15,up_full,4800.0,0.20826077461242676,1.8636587858200073
0.005,15,up_full,5000.0,0.2082168459892273,1.8558307886123657
0.005,15,up_full,5200.0,0.21022473275661469,1.8635398149490356
0.005,15,up_full,5400.0,0.21115617454051971,1.86286199092865
0.005,15,up_full,5600.0,0.2106323540210724,1.8675843477249146
0.005,15,up_full,5800.0,0.21232041716575623,1.8612189292907715
0.005,15,up_full,6000.0,0.21293801069259644,1.867770791053772
0.005,15,up_full,6200.0,0.2124815285205841,1.8682674169540405
0.005,15,up_full,6400.0,0.21266494691371918,1.8667230606079102
0.005,15,up_full,6600.0,0.21298372745513916,1.8628926277160645
0.005,15,up_full,6800.0,0.21414783596992493,1.864516258239746
0.005,15,up_full,7000.0,0.21516792476177216,1.8686109781265259
0.005,15,up_full,7200.0,0.21565209329128265,1.86201810836792
0.005,15,up_full,7400.0,0.2164437621831894,1.8661372661590576
0.005,15,up_full,7600.0,0.21557676792144775,1.8624911308288574
0.005,15,up_full,7800.0,0.21736019849777222,1.8626315593719482
0.005,15,up_full,7999.0,0.21761994063854218,1.864963173866272
0.005,15,down_full,0.0,0.5692620873451233,0.9890292882919312
0.005,15,down_full,200.0,0.2451847642660141,1.885794997215271
0.005,15,down_full,400.0,0.24386446177959442,1.887378215789795
0.005,15,down_full,600.0,0.2423645257949829,1.8583683967590332
0.005,15,down_full,800.0,0.24489715695381165,1.8885068893432617
0.005,15,down_full,1000.0,0.2435530126094818,1.8878206014633179
0.005,15,down_full,1200.0,0.2415929138660431,1.8877463340759277
0.005,15,down_full,1400.0,0.2416549175977707,1.8877516984939575
0.005,15,down_full,1600.0,0.24132390320301056,1.8840980529785156
0.005,15,down_full,1800.0,0.24228042364120483,1.8870635032653809
0.005,15,down_full,2000.0,0.24138768017292023,1.8795254230499268
0.005,15,down_full,2200.0,0.24040931463241577,1.8870340585708618
0.005,15,down_full,2400.0,0.2404439002275467,1.887187123298645
0.005,15,down_full,2600.0,0.2402641326189041,1.8852620124816895
0.005,15,down_full,2800.0,0.23695525527000427,1.8482335805892944
0.005,15,down_full,3000.0,0.2391044795513153,1.8866994380950928
0.005,15,down_full,3200.0,0.23912368714809418,1.88679039478302
0.005,15,down_full,3400.0,0.23902970552444458,1.885400652885437
0.005,15,down_full,3600.0,0.23876535892486572,1.8858455419540405
0.005,15,down_full,3800.0,0.23728688061237335,1.885719656944275
0.005,15,down_full,4000.0,0.23742911219596863,1.8861196041107178
0.005,15,down_full,4200.0,0.2364443987607956,1.8858234882354736
0.005,15,down_full,4400.0,0.23646828532218933,1.88589608669281
0.005,15,down_full,4600.0,0.2364075928926468,1.8854358196258545
0.005,15,down_full,4800.0,0.23651596903800964,1.8866674900054932
0.005,15,down_full,5000.0,0.23646476864814758,1.8844218254089355
0.005,15,down_full,5200.0,0.23734861612319946,1.8862330913543701
0.005,15,down_full,5400.0,0.2373419851064682,1.8862053155899048
0.005,15,down_full,5600.0,0.23377816379070282,1.8486080169677734
0.005,15,down_full,5800.0,0.23635298013687134,1.886188268661499
0.005,15,down_full,6000.0,0.23597076535224915,1.885856032371521
0.005,15,down_full,6200.0,0.233365997672081,1.8846359252929688
0.005,15,down_full,6400.0,0.23338858783245087,1.8845418691635132
0.005,15,down_full,6600.0,0.23375970125198364,1.8844798803329468
0.005,15,down_full,6800.0,0.233573317527771,1.8739937543869019
0.005,15,down_full,7000.0,0.23434054851531982,1.8850725889205933
0.005,15,down_full,7200.0,0.23439639806747437,1.8860626220703125
0.005,15,down_full,7400.0,0.23237523436546326,1.867893099784851
0.005,15,down_full,7600.0,0.2334941029548645,1.8826979398727417
0.005,15,down_full,7800.0,0.23321488499641418,1.8849124908447266
0.005,15,down_full,7999.0,0.23197460174560547,1.8822298049926758
0.005,15,fixed_du,0.0,0.5692620873451233,0.9890292882919312
0.005,15,fixed_du,200.0,0.2451847642660141,1.885794997215271
0.005,15,fixed_du,400.0,0.24386446177959442,1.887378215789795
0.005,15,fixed_du,600.0,0.2423645257949829,1.8583683967590332
0.005,15,fixed_du,800.0,0.24489715695381165,1.8885068893432617
0.005,15,fixed_du,1000.0,0.2435530126094818,1.8878206014633179
0.005,15,fixed_du,1200.0,0.2415929138660431,1.8877463340759277
0.005,15,fixed_du,1400.0,0.2416549175977707,1.8877516984939575
0.005,15,fixed_du,1600.0,0.24132390320301056,1.8840980529785156
0.005,15,fixed_du,1800.0,0.24228042364120483,1.8870635032653809
0.005,15,fixed_du,2000.0,0.24138768017292023,1.8795254230499268
0.005,15,fixed_du,2200.0,0.24040931463241577,1.8870340585708618
0.005,15,fixed_du,2400.0,0.2404439002275467,1.887187123298645
0.005,15,fixed_du,2600.0,0.2402641326189041,1.8852620124816895
0.005,15,fixed_du,2800.0,0.23695525527000427,1.8482335805892944
0.005,15,fixed_du,3000.0,0.2391044795513153,1.8866994380950928
0.005,15,fixed_du,3199.0,0.23912206292152405,1.8867661952972412
0.005,15,fixed_du,3200.0,0.5690934658050537,0.9844772815704346
0.005,15,fixed_du,3400.0,0.13663095235824585,1.589185118675232
0.005,15,fixed_du,3600.0,0.13969939947128296,1.6095176935195923
0.005,15,fixed_du,3800.0,0.14007717370986938,1.6134089231491089
0.005,15,fixed_du,4000.0,0.1446700543165207,1.6458489894866943
0.005,15,fixed_du,4200.0,0.14662568271160126,1.659632921218872
0.005,15,fixed_du,4400.0,0.14576639235019684,1.6526813507080078
0.005,15,fixed_du,4600.0,0.14560474455356598,1.6553784608840942
0.005,15,fixed_du,4800.0,0.1457749754190445,1.6540590524673462
0.005,15,fixed_du,5000.0,0.15374504029750824,1.7017377614974976
0.005,15,fixed_du,5200.0,0.1526087522506714,1.697218894958496
0.005,15,fixed_du,5400.0,0.15319430828094482,1.7012405395507812
0.005,15,fixed_du,5600.0,0.15752087533473969,1.7178099155426025
0.005,15,fixed_du,5800.0,0.15788988769054413,1.722684383392334
0.005,15,fixed_du,6000.0,0.15950699150562286,1.730960726737976
0.005,15,fixed_du,6200.0,0.16028651595115662,1.737675666809082
0.005,15,fixed_du,6400.0,0.16410133242607117,1.7524445056915283
0.005,15,fixed_du,6600.0,0.163609579205513,1.7531498670578003
0.005,15,fixed_du,6800.0,0.1648990958929062,1.7566384077072144
0.005,15,fixed_du,7000.0,0.16732914745807648,1.765960454940796
0.005,15,fixed_du,7200.0,0.1679345667362213,1.7626055479049683
0.005,15,fixed_du,7400.0,0.1693815439939499,1.7760756015777588
0.005,15,fixed_du,7600.0,0.1710534542798996,1.7780067920684814
0.005,15,fixed_du,7800.0,0.17199544608592987,1.783534049987793
0.005,15,fixed_du,7999.0,0.1716686487197876,1.7816948890686035
0.005,15,oracle_du,0.0,0.5692620873451233,0.9890292882919312
0.005,15,oracle_du,200.0,0.2451847642660141,1.885794997215271
0.005,15,oracle_du,399.0,0.24385733902454376,1.887478232383728
0.005,15,oracle_du,400.0,0.5691201090812683,0.985435962677002
0.005,15,oracle_du,600.0,0.32004058361053467,1.7891976833343506
0.005,15,oracle_du,799.0,0.32878589630126953,1.8656675815582275
0.005,15,oracle_du,800.0,0.5689472556114197,0.9891570806503296
0.005,15,oracle_du,1000.0,0.29495999217033386,1.7923662662506104
0.005,15,oracle_du,1199.0,0.30493396520614624,1.8652079105377197
0.005,15,oracle_du,1200.0,0.5695998072624207,0.9894542098045349
0.005,15,oracle_du,1400.0,0.30840709805488586,1.8547546863555908
0.005,15,oracle_du,1599.0,0.31223058700561523,1.891357183456421
0.005,15,oracle_du,1600.0,0.5691185593605042,0.9866107702255249
0.005,15,oracle_du,1800.0,0.2521688640117645,1.8250887393951416
0.005,15,oracle_du,1999.0,0.25574201345443726,1.8550536632537842
0.005,15,oracle_du,2000.0,0.5691210031509399,0.988909125328064
0.005,15,oracle_du,2200.0,0.3208412826061249,1.8608951568603516
0.005,15,oracle_du,2399.0,0.32526785135269165,1.8925907611846924
0.005,15,oracle_du,2400.0,0.5689723491668701,0.9868870377540588
0.005,15,oracle_du,2600.0,0.3058868646621704,1.869307518005371
0.005,15,oracle_du,2799.0,0.3080230951309204,1.8818333148956299
0.005,15,oracle_du,2800.0,0.5688472390174866,0.9880635738372803
0.005,15,oracle_du,3000.0,0.3133739233016968,1.8448868989944458
0.005,15,oracle_du,3199.0,0.3213648498058319,1.8923733234405518
0.005,15,oracle_du,3200.0,0.5689053535461426,0.9860672354698181
0.005,15,oracle_du,3400.0,0.3044790029525757,1.858829379081726
0.005,15,oracle_du,3599.0,0.30893760919570923,1.888789415359497
0.005,15,oracle_du,3600.0,0.5688072443008423,0.9904643893241882
0.005,15,oracle_du,3800.0,0.31615641713142395,1.8560434579849243
0.005,15,oracle_du,3999.0,0.32198819518089294,1.8713963031768799
0.005,15,oracle_du,4000.0,0.5687100291252136,0.9851986765861511
0.005,15,oracle_du,4200.0,0.29966384172439575,1.8638370037078857
0.005,15,oracle_du,4399.0,0.3043610155582428,1.887899398803711
0.005,15,oracle_du,4400.0,0.5684534311294556,0.9919084310531616
0.005,15,oracle_du,4600.0,0.3142535090446472,1.8482961654663086
0.005,15,oracle_du,4799.0,0.320169061422348,1.8913123607635498
0.005,15,oracle_du,4800.0,0.568528413772583,0.984454870223999
0.005,15,oracle_du,5000.0,0.2904301881790161,1.8363456726074219
0.005,15,oracle_du,5199.0,0.301818311214447,1.892054796218872
0.005,15,oracle_du,5200.0,0.5679638385772705,0.9926345944404602
0.005,15,oracle_du,5400.0,0.31020569801330566,1.8811594247817993
0.005,15,oracle_du,5599.0,0.3103477358818054,1.885449767112732
0.005,15,oracle_du,5600.0,0.5680137872695923,0.9848544597625732
0.005,15,oracle_du,5800.0,0.28565406799316406,1.8759675025939941
0.005,15,oracle_du,6000.0,0.2836429178714752,1.8942723274230957
0.005,15,oracle_du,6200.0,0.28108420968055725,1.8772203922271729
0.005,15,oracle_du,6400.0,0.28326523303985596,1.8923475742340088
0.005,15,oracle_du,6600.0,0.2806171476840973,1.8573074340820312
0.005,15,oracle_du,6800.0,0.28380727767944336,1.8931641578674316
0.005,15,oracle_du,7000.0,0.2790541350841522,1.8396413326263428
0.005,15,oracle_du,7200.0,0.28568559885025024,1.8932143449783325
0.005,15,oracle_du,7400.0,0.2790745198726654,1.8432048559188843
0.005,15,oracle_du,7600.0,0.2823256850242615,1.8929638862609863
0.005,15,oracle_du,7800.0,0.2783779799938202,1.8154187202453613
0.005,15,oracle_du,7999.0,0.2814583480358124,1.8851264715194702
0.005,15,oracle_ramp,0.0,0.5692620873451233,0.9890292882919312
0.005,15,oracle_ramp,200.0,0.2451847642660141,1.885794997215271
0.005,15,oracle_ramp,399.0,0.24385733902454376,1.887478232383728
0.005,15,oracle_ramp,400.0,0.5691201090812683,0.985435962677002
0.005,15,oracle_ramp,600.0,0.32004058361053467,1.7891976833343506
0.005,15,oracle_ramp,799.0,0.32878589630126953,1.8656675815582275
0.005,15,oracle_ramp,800.0,0.5689472556114197,0.9891570806503296
0.005,15,oracle_ramp,1000.0,0.29495999217033386,1.7923662662506104
0.005,15,oracle_ramp,1199.0,0.30493396520614624,1.8652079105377197
0.005,15,oracle_ramp,1200.0,0.5695998072624207,0.9894542098045349
0.005,15,oracle_ramp,1400.0,0.30840709805488586,1.8547546863555908
0.005,15,oracle_ramp,1599.0,0.31223058700561523,1.891357183456421
0.005,15,oracle_ramp,1600.0,0.5691185593605042,0.9866107702255249
0.005,15,oracle_ramp,1800.0,0.2521688640117645,1.8250887393951416
0.005,15,oracle_ramp,1999.0,0.25574201345443726,1.8550536632537842
0.005,15,oracle_ramp,2000.0,0.5691210031509399,0.988909125328064
0.005,15,oracle_ramp,2200.0,0.3208412826061249,1.8608951568603516
0.005,15,oracle_ramp,2399.0,0.32526785135269165,1.8925907611846924
0.005,15,oracle_ramp,2400.0,0.5689723491668701,0.9868870377540588
0.005,15,oracle_ramp,2600.0,0.3058868646621704,1.869307518005371
0.005,15,oracle_ramp,2799.0,0.3080230951309204,1.8818333148956299
0.005,15,oracle_ramp,2800.0,0.5688472390174866,0.9880635738372803
0.005,15,oracle_ramp,3000.0,0.3133739233016968,1.8448868989944458
0.005,15,oracle_ramp,3199.0,0.3213648498058319,1.8923733234405518
0.005,15,oracle_ramp,3200.0,0.5689053535461426,0.9860672354698181
0.005,15,oracle_ramp,3400.0,0.3044790029525757,1.858829379081726
0.005,15,oracle_ramp,3599.0,0.30893760919570923,1.888789415359497
0.005,15,oracle_ramp,3600.0,0.5688072443008423,0.9904643893241882
0.005,15,oracle_ramp,3800.0,0.31615641713142395,1.8560434579849243
0.005,15,oracle_ramp,3999.0,0.32198819518089294,1.8713963031768799
0.005,15,oracle_ramp,4000.0,0.5687100291252136,0.9851986765861511
0.005,15,oracle_ramp,4200.0,0.29966384172439575,1.8638370037078857
0.005,15,oracle_ramp,4399.0,0.3043610155582428,1.887899398803711
0.005,15,oracle_ramp,4400.0,0.5684534311294556,0.9919084310531616
0.005,15,oracle_ramp,4600.0,0.3142535090446472,1.8482961654663086
0.005,15,oracle_ramp,4799.0,0.320169061422348,1.8913123607635498
0.005,15,oracle_ramp,4800.0,0.568528413772583,0.984454870223999
0.005,15,oracle_ramp,5000.0,0.2904301881790161,1.8363456726074219
0.005,15,oracle_ramp,5199.0,0.301818311214447,1.892054796218872
0.005,15,oracle_ramp,5200.0,0.5679638385772705,0.9926345944404602
0.005,15,oracle_ramp,5400.0,0.31020569801330566,1.8811594247817993
0.005,15,oracle_ramp,5599.0,0.3103477358818054,1.885449767112732
0.005,15,oracle_ramp,5600.0,0.5680137872695923,0.9848544597625732
0.005,15,oracle_ramp,5800.0,0.28565406799316406,1.8759675025939941
0.005,15,oracle_ramp,6000.0,0.2836429178714752,1.8942723274230957
0.005,15,oracle_ramp,6200.0,0.28108420968055725,1.8772203922271729
0.005,15,oracle_ramp,6400.0,0.28326523303985596,1.8923475742340088
0.005,15,oracle_ramp,6600.0,0.2806171476840973,1.8573074340820312
0.005,15,oracle_ramp,6800.0,0.28380727767944336,1.8931641578674316
0.005,15,oracle_ramp,7000.0,0.2790541350841522,1.8396413326263428
0.005,15,oracle_ramp,7200.0,0.28568559885025024,1.8932143449783325
0.005,15,oracle_ramp,7400.0,0.2790745198726654,1.8432048559188843
0.005,15,oracle_ramp,7600.0,0.2823256850242615,1.8929638862609863
0.005,15,oracle_ramp,7800.0,0.2783779799938202,1.8154187202453613
0.005,15,oracle_ramp,7999.0,0.2814583480358124,1.8851264715194702
0.005,15,gate_du,0.0,0.5692620873451233,0.9890292882919312
0.005,15,gate_du,200.0,0.2451847642660141,1.885794997215271
0.005,15,gate_du,399.0,0.24385733902454376,1.887478232383728
0.005,15,gate_du,400.0,0.5691201090812683,0.985435962677002
0.005,15,gate_du,600.0,0.32004058361053467,1.7891976833343506
0.005,15,gate_du,799.0,0.32878589630126953,1.8656675815582275
0.005,15,gate_du,800.0,0.5689472556114197,0.9891570806503296
0.005,15,gate_du,1000.0,0.29495999217033386,1.7923662662506104
0.005,15,gate_du,1199.0,0.30493396520614624,1.8652079105377197
0.005,15,gate_du,1200.0,0.5695998072624207,0.9894542098045349
0.005,15,gate_du,1400.0,0.30840709805488586,1.8547546863555908
0.005,15,gate_du,1599.0,0.31223058700561523,1.891357183456421
0.005,15,gate_du,1600.0,0.5691185593605042,0.9866107702255249
0.005,15,gate_du,1800.0,0.2521688640117645,1.8250887393951416
0.005,15,gate_du,1999.0,0.25574201345443726,1.8550536632537842
0.005,15,gate_du,2000.0,0.5691210031509399,0.988909125328064
0.005,15,gate_du,2200.0,0.3208412826061249,1.8608951568603516
0.005,15,gate_du,2399.0,0.32526785135269165,1.8925907611846924
0.005,15,gate_du,2400.0,0.5689723491668701,0.9868870377540588
0.005,15,gate_du,2600.0,0.3058868646621704,1.869307518005371
0.005,15,gate_du,2799.0,0.3080230951309204,1.8818333148956299
0.005,15,gate_du,2800.0,0.5688472390174866,0.9880635738372803
0.005,15,gate_du,3000.0,0.3133739233016968,1.8448868989944458
0.005,15,gate_du,3199.0,0.3213648498058319,1.8923733234405518
0.005,15,gate_du,3200.0,0.5689053535461426,0.9860672354698181
0.005,15,gate_du,3400.0,0.3044790029525757,1.858829379081726
0.005,15,gate_du,3599.0,0.30893760919570923,1.888789415359497
0.005,15,gate_du,3600.0,0.5688072443008423,0.9904643893241882
0.005,15,gate_du,3800.0,0.31615641713142395,1.8560434579849243
0.005,15,gate_du,3999.0,0.32198819518089294,1.8713963031768799
0.005,15,gate_du,4000.0,0.5687100291252136,0.9851986765861511
0.005,15,gate_du,4200.0,0.29966384172439575,1.8638370037078857
0.005,15,gate_du,4399.0,0.3043610155582428,1.887899398803711
0.005,15,gate_du,4400.0,0.5684534311294556,0.9919084310531616
0.005,15,gate_du,4600.0,0.3142535090446472,1.8482961654663086
0.005,15,gate_du,4799.0,0.320169061422348,1.8913123607635498
0.005,15,gate_du,4800.0,0.568528413772583,0.984454870223999
0.005,15,gate_du,5000.0,0.2904301881790161,1.8363456726074219
0.005,15,gate_du,5199.0,0.301818311214447,1.892054796218872
0.005,15,gate_du,5200.0,0.5679638385772705,0.9926345944404602
0.005,15,gate_du,5400.0,0.31020569801330566,1.8811594247817993
0.005,15,gate_du,5599.0,0.3103477358818054,1.885449767112732
0.005,15,gate_du,5600.0,0.5680137872695923,0.9848544597625732
0.005,15,gate_du,5800.0,0.28565406799316406,1.8759675025939941
0.005,15,gate_du,6000.0,0.2836429178714752,1.8942723274230957
0.005,15,gate_du,6200.0,0.28108420968055725,1.8772203922271729
0.005,15,gate_du,6400.0,0.28326523303985596,1.8923475742340088
0.005,15,gate_du,6600.0,0.2806171476840973,1.8573074340820312
0.005,15,gate_du,6800.0,0.28380727767944336,1.8931641578674316
0.005,15,gate_du,7000.0,0.2790541350841522,1.8396413326263428
0.005,15,gate_du,7200.0,0.28568559885025024,1.8932143449783325
0.005,15,gate_du,7400.0,0.2790745198726654,1.8432048559188843
0.005,15,gate_du,7600.0,0.2823256850242615,1.8929638862609863
0.005,15,gate_du,7800.0,0.2783779799938202,1.8154187202453613
0.005,15,gate_du,7999.0,0.2814583480358124,1.8851264715194702
0.005,20,up_full,0.0,0.5720793008804321,0.9543707966804504
0.005,20,up_full,200.0,0.18217355012893677,1.779685139656067
0.005,20,up_full,400.0,0.19118565320968628,1.8225040435791016
0.005,20,up_full,600.0,0.1921207755804062,1.8275070190429688
0.005,20,up_full,800.0,0.19357888400554657,1.8237740993499756
0.005,20,up_full,1000.0,0.19470252096652985,1.8375041484832764
0.005,20,up_full,1200.0,0.1936512142419815,1.8250833749771118
0.005,20,up_full,1400.0,0.1955210268497467,1.8379982709884644
0.005,20,up_full,1600.0,0.1936652958393097,1.8313757181167603
0.005,20,up_full,1800.0,0.19450563192367554,1.8213515281677246
0.005,20,up_full,2000.0,0.19553512334823608,1.8368608951568604
0.005,20,up_full,2200.0,0.19621573388576508,1.8358347415924072
0.005,20,up_full,2400.0,0.19695988297462463,1.840900182723999
0.005,20,up_full,2600.0,0.19676698744297028,1.835564374923706
0.005,20,up_full,2800.0,0.19666573405265808,1.8434209823608398
0.005,20,up_full,3000.0,0.19701455533504486,1.8392632007598877
0.005,20,up_full,3200.0,0.1973273605108261,1.8434619903564453
0.005,20,up_full,3400.0,0.19815556704998016,1.840679407119751
0.005,20,up_full,3600.0,0.1971772015094757,1.8471845388412476
0.005,20,up_full,3800.0,0.19676877558231354,1.8440470695495605
0.005,20,up_full,4000.0,0.19732676446437836,1.841604471206665
0.005,20,up_full,4200.0,0.19777259230613708,1.8504247665405273
0.005,20,up_full,4400.0,0.19806517660617828,1.848404884338379
0.005,20,up_full,4600.0,0.19781902432441711,1.8437789678573608
0.005,20,up_full,4800.0,0.19867874681949615,1.8482353687286377
0.005,20,up_full,5000.0,0.19861552119255066,1.8463072776794434
0.005,20,up_full,5200.0,0.1986107975244522,1.8430863618850708
0.005,20,up_full,5400.0,0.19927875697612762,1.8414885997772217
0.005,20,up_full,5600.0,0.20063456892967224,1.8574590682983398
0.005,20,up_full,5800.0,0.19912804663181305,1.8438948392868042
0.005,20,up_full,6000.0,0.20071108639240265,1.8544989824295044
0.005,20,up_full,6200.0,0.2007995992898941,1.856616497039795
0.005,20,up_full,6400.0,0.2016172558069229,1.8509455919265747
0.005,20,up_full,6600.0,0.20003820955753326,1.8451811075210571
0.005,20,up_full,6800.0,0.2008129358291626,1.8506630659103394
0.005,20,up_full,7000.0,0.20022910833358765,1.8434092998504639
0.005,20,up_full,7200.0,0.20145681500434875,1.8446786403656006
0.005,20,up_full,7400.0,0.20218777656555176,1.8578972816467285
0.005,20,up_full,7600.0,0.202996164560318,1.8475042581558228
0.005,20,up_full,7800.0,0.20486825704574585,1.8623379468917847
0.005,20,up_full,7999.0,0.20368638634681702,1.8465900421142578
0.005,20,down_full,0.0,0.5722155570983887,0.9514862298965454
0.005,20,down_full,200.0,0.3472367823123932,0.8309414982795715
0.005,20,down_full,400.0,0.041916899383068085,0.5475389957427979
0.005,20,down_full,600.0,0.0419696681201458,0.5467650294303894
0.005,20,down_full,800.0,0.0422641783952713,0.5520634651184082
0.005,20,down_full,1000.0,0.041737671941518784,0.5452665090560913
0.005,20,down_full,1200.0,0.03979986160993576,0.5171804428100586
0.005,20,down_full,1400.0,0.03623717650771141,0.4737393856048584
0.005,20,down_full,1600.0,0.035610828548669815,0.46582937240600586
0.005,20,down_full,1800.0,0.035546693950891495,0.4649994373321533
0.005,20,down_full,2000.0,0.035582736134529114,0.4654783308506012
0.005,20,down_full,2200.0,0.03456869721412659,0.45229434967041016
0.005,20,down_full,2400.0,0.030126910656690598,0.39410001039505005
0.005,20,down_full,2600.0,0.03017461486160755,0.39510849118232727
0.005,20,down_full,2800.0,0.026634950190782547,0.3483195900917053
0.005,20,down_full,3000.0,0.026775740087032318,0.3507646918296814
0.005,20,down_full,3200.0,0.024374142289161682,0.3179692029953003
0.005,20,down_full,3400.0,0.02434707060456276,0.31904131174087524
0.005,20,down_full,3600.0,0.022904077544808388,0.2997695505619049
0.005,20,down_full,3800.0,0.02336338348686695,0.3061298429965973
0.005,20,down_full,4000.0,0.02457655407488346,0.29592224955558777
0.005,20,down_full,4200.0,0.020701400935649872,0.2713838219642639
0.005,20,down_full,4400.0,0.016057394444942474,0.21047720313072205
0.005,20,down_full,4600.0,0.01594294235110283,0.20909158885478973
0.005,20,down_full,4800.0,0.016636325046420097,0.21323639154434204
0.005,20,down_full,5000.0,0.010328380391001701,0.1352400779724121
0.005,20,down_full,5200.0,0.010377620346844196,0.13614703714847565
0.005,20,down_full,5400.0,0.010008838027715683,0.13104908168315887
0.005,20,down_full,5600.0,0.009670623578131199,0.1268766075372696
0.005,20,down_full,5800.0,0.008034611120820045,0.09998442232608795
0.005,20,down_full,6000.0,0.007445615716278553,0.09764784574508667
0.005,20,down_full,6200.0,0.0040355259552598,0.05295737087726593
0.005,20,down_full,6400.0,0.004396538250148296,0.05672581121325493
0.005,20,down_full,6600.0,0.003436888102442026,0.004949606955051422
0.005,20,down_full,6800.0,0.0004590558528434485,0.006016161292791367
0.005,20,down_full,7000.0,0.0003377061802893877,0.004399533849209547
0.005,20,down_full,7200.0,0.0020585248712450266,0.02076689898967743
0.005,20,down_full,7400.0,0.0010652182390913367,0.013970070518553257
0.005,20,down_full,7600.0,0.0013449348043650389,0.017572693526744843
0.005,20,down_full,7800.0,0.0013410188257694244,0.017585724592208862
0.005,20,down_full,7999.0,0.004464567173272371,0.012669784016907215
0.005,20,fixed_du,0.0,0.5722155570983887,0.9514862298965454
0.005,20,fixed_du,200.0,0.3472367823123932,0.8309414982795715
0.005,20,fixed_du,400.0,0.041916899383068085,0.5475389957427979
0.005,20,fixed_du,600.0,0.0419696681201458,0.5467650294303894
0.005,20,fixed_du,800.0,0.0422641783952713,0.5520634651184082
0.005,20,fixed_du,1000.0,0.041737671941518784,0.5452665090560913
0.005,20,fixed_du,1200.0,0.03979986160993576,0.5171804428100586
0.005,20,fixed_du,1400.0,0.03623717650771141,0.4737393856048584
0.005,20,fixed_du,1600.0,0.035610828548669815,0.46582937240600586
0.005,20,fixed_du,1800.0,0.035546693950891495,0.4649994373321533
0.005,20,fixed_du,2000.0,0.035582736134529114,0.4654783308506012
0.005,20,fixed_du,2200.0,0.03456869721412659,0.45229434967041016
0.005,20,fixed_du,2400.0,0.030126910656690598,0.39410001039505005
0.005,20,fixed_du,2600.0,0.03017461486160755,0.39510849118232727
0.005,20,fixed_du,2800.0,0.026634950190782547,0.3483195900917053
0.005,20,fixed_du,3000.0,0.026775740087032318,0.3507646918296814
0.005,20,fixed_du,3199.0,0.024683546274900436,0.32201409339904785
0.005,20,fixed_du,3200.0,0.0291738398373127,0.3135646879673004
0.005,20,fixed_du,3400.0,0.02663610689342022,0.3352620005607605
0.005,20,fixed_du,3600.0,0.026631703600287437,0.3018988370895386
0.005,20,fixed_du,3800.0,0.021165573969483376,0.27000731229782104
0.005,20,fixed_du,4000.0,0.02102235145866871,0.2535317838191986
0.005,20,fixed_du,4200.0,0.017195770516991615,0.20377089083194733
0.005,20,fixed_du,4400.0,0.013072897680103779,0.1585100144147873
0.005,20,fixed_du,4600.0,0.011133166030049324,0.12114657461643219
0.005,20,fixed_du,4800.0,0.014401826076209545,0.05685307830572128
0.005,20,fixed_du,5000.0,0.006798314396291971,0.041278813034296036
0.005,20,fixed_du,5200.0,0.007769820746034384,0.06871911883354187
0.005,20,fixed_du,5400.0,0.0060095093213021755,0.01870775781571865
0.005,20,fixed_du,5600.0,0.004838005639612675,0.05953725799918175
0.005,20,fixed_du,5800.0,0.005754187237471342,0.07254844903945923
0.005,20,fixed_du,6000.0,0.005057677626609802,0.04019128903746605
0.005,20,fixed_du,6200.0,0.011292707175016403,0.13327227532863617
0.005,20,fixed_du,6400.0,0.013872704468667507,0.16587063670158386
0.005,20,fixed_du,6600.0,0.015318557620048523,0.18782585859298706
0.005,20,fixed_du,6800.0,0.021025609225034714,0.2645500600337982
0.005,20,fixed_du,7000.0,0.0245895367115736,0.31833675503730774
0.005,20,fixed_du,7200.0,0.026730652898550034,0.34691157937049866
0.005,20,fixed_du,7400.0,0.02313072606921196,0.3010401129722595
0.005,20,fixed_du,7600.0,0.030015498399734497,0.37007251381874084
0.005,20,fixed_du,7800.0,0.027239622548222542,0.3556397259235382
0.005,20,fixed_du,7999.0,0.031447384506464005,0.394856721162796
0.005,20,oracle_du,0.0,0.5722155570983887,0.9514862298965454
0.005,20,oracle_du,200.0,0.3472367823123932,0.8309414982795715
0.005,20,oracle_du,399.0,0.041958753019571304,0.5481131672859192
0.005,20,oracle_du,400.0,0.040493473410606384,0.5032609105110168
0.005,20,oracle_du,600.0,0.043553709983825684,0.5685393214225769
0.005,20,oracle_du,799.0,0.04679933935403824,0.6086048483848572
0.005,20,oracle_du,800.0,0.043982986360788345,0.5401725769042969
0.005,20,oracle_du,1000.0,0.0386497788131237,0.5051531195640564
0.005,20,oracle_du,1199.0,0.03898610174655914,0.5091718435287476
0.005,20,oracle_du,1200.0,0.043614231050014496,0.5140805840492249
0.005,20,oracle_du,1400.0,0.03989414498209953,0.5214446187019348
0.005,20,oracle_du,1599.0,0.03991105780005455,0.5216264724731445
0.005,20,oracle_du,1600.0,0.03773459792137146,0.4561806917190552
0.005,20,oracle_du,1800.0,0.03532812371850014,0.46166306734085083
0.005,20,oracle_du,1999.0,0.035597484558820724,0.46411365270614624
0.005,20,oracle_du,2000.0,0.051396023482084274,0.5339038372039795
0.005,20,oracle_du,2200.0,0.032708458602428436,0.42779818177223206
0.005,20,oracle_du,2399.0,0.033630453050136566,0.4400208294391632
0.005,20,oracle_du,2400.0,0.041266728192567825,0.4339618682861328
0.005,20,oracle_du,2600.0,0.03787387162446976,0.4951828122138977
0.005,20,oracle_du,2799.0,0.03779342398047447,0.49414730072021484
0.005,20,oracle_du,2800.0,0.03269301727414131,0.3797241151332855
0.005,20,oracle_du,3000.0,0.032215945422649384,0.42168566584587097
0.005,20,oracle_du,3199.0,0.03307215869426727,0.43273138999938965
0.005,20,oracle_du,3200.0,0.05031901225447655,0.464548259973526
0.005,20,oracle_du,3400.0,0.025685535743832588,0.3365366756916046
0.005,20,oracle_du,3599.0,0.028225114569067955,0.3682432472705841
0.005,20,oracle_du,3600.0,0.03448561578989029,0.367264986038208
0.005,20,oracle_du,3800.0,0.025926390662789345,0.3396788537502289
0.005,20,oracle_du,3999.0,0.027895206585526466,0.3630506098270416
0.005,20,oracle_du,4000.0,0.033353012055158615,0.2784695625305176
0.005,20,oracle_du,4200.0,0.03854469209909439,0.4804438650608063
0.005,20,oracle_du,4400.0,0.039292287081480026,0.5046361088752747
0.005,20,oracle_du,4600.0,0.038513507694005966,0.4917013645172119
0.005,20,oracle_du,4800.0,0.038100436329841614,0.49140429496765137
0.005,20,oracle_du,5000.0,0.03828774392604828,0.4914737641811371
0.005,20,oracle_du,5200.0,0.03837518393993378,0.4977470338344574
0.005,20,oracle_du,5400.0,0.038867902010679245,0.5003686547279358
0.005,20,oracle_du,5600.0,0.03723948448896408,0.48346495628356934
0.005,20,oracle_du,5800.0,0.03839821368455887,0.4993515908718109
0.005,20,oracle_du,6000.0,0.03787730634212494,0.48999765515327454
0.005,20,oracle_du,6200.0,0.03946290165185928,0.5063354969024658
0.005,20,oracle_du,6400.0,0.03722073510289192,0.48406553268432617
0.005,20,oracle_du,6600.0,0.03769875317811966,0.48924362659454346
0.005,20,oracle_du,6800.0,0.03892629221081734,0.50486159324646
0.005,20,oracle_du,7000.0,0.0383649542927742,0.49555835127830505
0.005,20,oracle_du,7200.0,0.03558597341179848,0.46423864364624023
0.005,20,oracle_du,7400.0,0.035331904888153076,0.45987868309020996
0.005,20,oracle_du,7600.0,0.03330044448375702,0.43421849608421326
0.005,20,oracle_du,7800.0,0.03421870991587639,0.4332904815673828
0.005,20,oracle_du,7999.0,0.03474526107311249,0.4494985342025757
0.005,20,oracle_ramp,0.0,0.5722155570983887,0.9514862298965454
0.005,20,oracle_ramp,200.0,0.3472367823123932,0.8309414982795715
0.005,20,oracle_ramp,399.0,0.041958753019571304,0.5481131672859192
0.005,20,oracle_ramp,400.0,0.040493473410606384,0.5032609105110168
0.005,20,oracle_ramp,600.0,0.043553709983825684,0.5685393214225769
0.005,20,oracle_ramp,799.0,0.04679933935403824,0.6086048483848572
0.005,20,oracle_ramp,800.0,0.043982986360788345,0.5401725769042969
0.005,20,oracle_ramp,1000.0,0.0386497788131237,0.5051531195640564
0.005,20,oracle_ramp,1199.0,0.03898610174655914,0.5091718435287476
0.005,20,oracle_ramp,1200.0,0.043614231050014496,0.5140805840492249
0.005,20,oracle_ramp,1400.0,0.03989414498209953,0.5214446187019348
0.005,20,oracle_ramp,1599.0,0.03991105780005455,0.5216264724731445
0.005,20,oracle_ramp,1600.0,0.03773459792137146,0.4561806917190552
0.005,20,oracle_ramp,1800.0,0.03532812371850014,0.46166306734085083
0.005,20,oracle_ramp,1999.0,0.035597484558820724,0.46411365270614624
0.005,20,oracle_ramp,2000.0,0.051396023482084274,0.5339038372039795
0.005,20,oracle_ramp,2200.0,0.032708458602428436,0.42779818177223206
0.005,20,oracle_ramp,2399.0,0.033630453050136566,0.4400208294391632
0.005,20,oracle_ramp,2400.0,0.041266728192567825,0.4339618682861328
0.005,20,oracle_ramp,2600.0,0.03787387162446976,0.4951828122138977
0.005,20,oracle_ramp,2799.0,0.03779342398047447,0.49414730072021484
0.005,20,oracle_ramp,2800.0,0.03269301727414131,0.3797241151332855
0.005,20,oracle_ramp,3000.0,0.032215945422649384,0.42168566584587097
0.005,20,oracle_ramp,3199.0,0.03307215869426727,0.43273138999938965
0.005,20,oracle_ramp,3200.0,0.05031901225447655,0.464548259973526
0.005,20,oracle_ramp,3400.0,0.025685535743832588,0.3365366756916046
0.005,20,oracle_ramp,3599.0,0.028225114569067955,0.3682432472705841
0.005,20,oracle_ramp,3600.0,0.03448561578989029,0.367264986038208
0.005,20,oracle_ramp,3800.0,0.025926390662789345,0.3396788537502289
0.005,20,oracle_ramp,3999.0,0.027895206585526466,0.3630506098270416
0.005,20,oracle_ramp,4000.0,0.03285917267203331,0.2754557728767395
0.005,20,oracle_ramp,4200.0,0.035874202847480774,0.462721586227417
0.005,20,oracle_ramp,4400.0,0.033492423593997955,0.43546679615974426
0.005,20,oracle_ramp,4600.0,0.033643241971731186,0.43408289551734924
0.005,20,oracle_ramp,4800.0,0.035842325538396835,0.46370139718055725
0.005,20,oracle_ramp,5000.0,0.03568175062537193,0.45997217297554016
0.005,20,oracle_ramp,5200.0,0.036073777824640274,0.46647578477859497
0.005,20,oracle_ramp,5400.0,0.037980545312166214,0.4894568920135498
0.005,20,oracle_ramp,5600.0,0.03699365258216858,0.45162418484687805
0.005,20,oracle_ramp,5800.0,0.03573726490139961,0.45884063839912415
0.005,20,oracle_ramp,6000.0,0.031661663204431534,0.4115057587623596
0.005,20,oracle_ramp,6200.0,0.033973969519138336,0.440608412027359
0.005,20,oracle_ramp,6400.0,0.0310987401753664,0.4063255786895752
0.005,20,oracle_ramp,6600.0,0.03199218213558197,0.41397759318351746
0.005,20,oracle_ramp,6800.0,0.03179236501455307,0.4104570150375366
0.005,20,oracle_ramp,7000.0,0.03308799862861633,0.43072375655174255
0.005,20,oracle_ramp,7200.0,0.030924245715141296,0.40038710832595825
0.005,20,oracle_ramp,7400.0,0.029917145147919655,0.38763609528541565
0.005,20,oracle_ramp,7600.0,0.03141159564256668,0.40941286087036133
0.005,20,oracle_ramp,7800.0,0.029892122372984886,0.3908011019229889
0.005,20,oracle_ramp,7999.0,0.03223525732755661,0.4166828393936157
0.005,20,gate_du,0.0,0.5722155570983887,0.9514862298965454
0.005,20,gate_du,200.0,0.3472367823123932,0.8309414982795715
0.005,20,gate_du,399.0,0.041958753019571304,0.5481131672859192
0.005,20,gate_du,400.0,0.040493473410606384,0.5032609105110168
0.005,20,gate_du,600.0,0.043553709983825684,0.5685393214225769
0.005,20,gate_du,799.0,0.04679933935403824,0.6086048483848572
0.005,20,gate_du,800.0,0.043982986360788345,0.5401725769042969
0.005,20,gate_du,1000.0,0.0386497788131237,0.5051531195640564
0.005,20,gate_du,1199.0,0.03898610174655914,0.5091718435287476
0.005,20,gate_du,1200.0,0.043614231050014496,0.5140805840492249
0.005,20,gate_du,1400.0,0.03989414498209953,0.5214446187019348
0.005,20,gate_du,1599.0,0.03991105780005455,0.5216264724731445
0.005,20,gate_du,1600.0,0.03773459792137146,0.4561806917190552
0.005,20,gate_du,1800.0,0.03532812371850014,0.46166306734085083
0.005,20,gate_du,1999.0,0.035597484558820724,0.46411365270614624
0.005,20,gate_du,2000.0,0.051396023482084274,0.5339038372039795
0.005,20,gate_du,2200.0,0.032708458602428436,0.42779818177223206
0.005,20,gate_du,2399.0,0.033630453050136566,0.4400208294391632
0.005,20,gate_du,2400.0,0.041266728192567825,0.4339618682861328
0.005,20,gate_du,2600.0,0.03787387162446976,0.4951828122138977
0.005,20,gate_du,2799.0,0.03779342398047447,0.49414730072021484
0.005,20,gate_du,2800.0,0.03269301727414131,0.3797241151332855
0.005,20,gate_du,3000.0,0.032215945422649384,0.42168566584587097
0.005,20,gate_du,3199.0,0.03307215869426727,0.43273138999938965
0.005,20,gate_du,3200.0,0.05031901225447655,0.464548259973526
0.005,20,gate_du,3400.0,0.025685535743832588,0.3365366756916046
0.005,20,gate_du,3599.0,0.028225114569067955,0.3682432472705841
0.005,20,gate_du,3600.0,0.03448561578989029,0.367264986038208
0.005,20,gate_du,3800.0,0.025926390662789345,0.3396788537502289
0.005,20,gate_du,3999.0,0.027895206585526466,0.3630506098270416
0.005,20,gate_du,4000.0,0.03173865005373955,0.272011399269104
0.005,20,gate_du,4200.0,0.0401323176920414,0.5243876576423645
0.005,20,gate_du,4399.0,0.038965873420238495,0.5093870759010315
0.005,20,gate_du,4400.0,0.03319144621491432,0.3848324716091156
0.005,20,gate_du,4600.0,0.034151747822761536,0.446789026260376
0.005,20,gate_du,4799.0,0.03233031928539276,0.4228568971157074
0.005,20,gate_du,4800.0,0.02305278554558754,0.2887409031391144
0.005,20,gate_du,5000.0,0.024325493723154068,0.31877201795578003
0.005,20,gate_du,5199.0,0.02615518681704998,0.34212538599967957
0.005,20,gate_du,5200.0,0.037678174674510956,0.3706880211830139
0.005,20,gate_du,5400.0,0.024786092340946198,0.3241037428379059
0.005,20,gate_du,5599.0,0.025964094325900078,0.33970946073532104
0.005,20,gate_du,5600.0,0.03650449216365814,0.39865827560424805
0.005,20,gate_du,5800.0,0.02893676608800888,0.3788352906703949
0.005,20,gate_du,6000.0,0.02838864177465439,0.3715673089027405
0.005,20,gate_du,6200.0,0.029088495299220085,0.3809301257133484
0.005,20,gate_du,6400.0,0.02028985135257244,0.26600345969200134
0.005,20,gate_du,6600.0,0.02373601496219635,0.31105393171310425
0.005,20,gate_du,6800.0,0.023776451125741005,0.31160005927085876
0.005,20,gate_du,7000.0,0.024661477655172348,0.32315585017204285
0.005,20,gate_du,7200.0,0.024624435231089592,0.3226720094680786
0.005,20,gate_du,7400.0,0.024485206231474876,0.3120039105415344
0.005,20,gate_du,7600.0,0.02525957301259041,0.3309708833694458
0.005,20,gate_du,7800.0,0.02450881339609623,0.3212273120880127
0.005,20,gate_du,7999.0,0.02220338024199009,0.29102763533592224
0.003,10,up_full,0.0,0.5748713612556458,0.9798024296760559
0.003,10,up_full,200.0,0.1793244183063507,1.8017526865005493
0.003,10,up_full,400.0,0.18012575805187225,1.8715150356292725
0.003,10,up_full,600.0,0.17997917532920837,1.861881136894226
0.003,10,up_full,800.0,0.179561048746109,1.8613121509552002
0.003,10,up_full,1000.0,0.18064428865909576,1.8735895156860352
0.003,10,up_full,1200.0,0.18028049170970917,1.8707118034362793
0.003,10,up_full,1400.0,0.1810879409313202,1.8732154369354248
0.003,10,up_full,1600.0,0.1805022954940796,1.8665196895599365
0.003,10,up_full,1800.0,0.18063431978225708,1.8725254535675049
0.003,10,up_full,2000.0,0.18171195685863495,1.8751119375228882
0.003,10,up_full,2200.0,0.18154920637607574,1.8748292922973633
0.003,10,up_full,2400.0,0.18115785717964172,1.871501088142395
0.003,10,up_full,2600.0,0.18198727071285248,1.8692684173583984
0.003,10,up_full,2800.0,0.18235282599925995,1.8674579858779907
0.003,10,up_full,3000.0,0.18364590406417847,1.8812326192855835
0.003,10,up_full,3200.0,0.18321163952350616,1.8762117624282837
0.003,10,up_full,3400.0,0.18390066921710968,1.8817492723464966
0.003,10,up_full,3600.0,0.18360291421413422,1.8785738945007324
0.003,10,up_full,3800.0,0.18391507863998413,1.870560646057129
0.003,10,up_full,4000.0,0.1848316788673401,1.885105848312378
0.003,10,up_full,4200.0,0.18403790891170502,1.876404881477356
0.003,10,up_full,4400.0,0.18441306054592133,1.8828853368759155
0.003,10,up_full,4600.0,0.1848737895488739,1.8804986476898193
0.003,10,up_full,4800.0,0.18483370542526245,1.877902626991272
0.003,10,up_full,5000.0,0.1848883479833603,1.8806965351104736
0.003,10,up_full,5200.0,0.18501760065555573,1.8832148313522339
0.003,10,up_full,5400.0,0.18547303974628448,1.8787649869918823
0.003,10,up_full,5600.0,0.1851939857006073,1.8789565563201904
0.003,10,up_full,5800.0,0.18617931008338928,1.8821475505828857
0.003,10,up_full,6000.0,0.18666093051433563,1.8852888345718384
0.003,10,up_full,6200.0,0.1865180879831314,1.8855299949645996
0.003,10,up_full,6400.0,0.18653732538223267,1.8781256675720215
0.003,10,up_full,6600.0,0.186722993850708,1.8860052824020386
0.003,10,up_full,6800.0,0.1867367923259735,1.8810583353042603
0.003,10,up_full,7000.0,0.18727323412895203,1.88096022605896
0.003,10,up_full,7200.0,0.18781203031539917,1.8867807388305664
0.003,10,up_full,7400.0,0.18777762353420258,1.8855654001235962
0.003,10,up_full,7600.0,0.18800395727157593,1.8804901838302612
0.003,10,up_full,7800.0,0.18659323453903198,1.8686946630477905
0.003,10,up_full,7999.0,0.18789885938167572,1.884213924407959
0.003,10,down_full,0.0,0.5749745965003967,0.9784497618675232
0.003,10,down_full,200.0,0.3975107967853546,1.1517584323883057
0.003,10,down_full,400.0,0.2850840091705322,1.8898645639419556
0.003,10,down_full,600.0,0.2855081558227539,1.8932126760482788
0.003,10,down_full,800.0,0.2854214608669281,1.8928256034851074
0.003,10,down_full,1000.0,0.2854912281036377,1.8934592008590698
0.003,10,down_full,1200.0,0.2852356433868408,1.8923265933990479
0.003,10,down_full,1400.0,0.2852938175201416,1.892533779144287
0.003,10,down_full,1600.0,0.2852204442024231,1.8937313556671143
0.003,10,down_full,1800.0,0.2848433554172516,1.8906477689743042
0.003,10,down_full,2000.0,0.28499725461006165,1.8932695388793945
0.003,10,down_full,2200.0,0.2847593426704407,1.891805648803711
0.003,10,down_full,2400.0,0.2847250699996948,1.8911329507827759
0.003,10,down_full,2600.0,0.2845882177352905,1.8940030336380005
0.003,10,down_full,2800.0,0.28454577922821045,1.8938990831375122
0.003,10,down_full,3000.0,0.28434261679649353,1.8943719863891602
0.003,10,down_full,3200.0,0.2843154966831207,1.8934364318847656
0.003,10,down_full,3400.0,0.2843533456325531,1.8941059112548828
0.003,10,down_full,3600.0,0.2839973568916321,1.8936071395874023
0.003,10,down_full,3800.0,0.2834780812263489,1.8891971111297607
0.003,10,down_full,4000.0,0.28424787521362305,1.8962459564208984
0.003,10,down_full,4200.0,0.2838976979255676,1.893968105316162
0.003,10,down_full,4400.0,0.2838951647281647,1.8940215110778809
0.003,10,down_full,4600.0,0.2819727659225464,1.8777546882629395
0.003,10,down_full,4800.0,0.28319260478019714,1.8940656185150146
0.003,10,down_full,5000.0,0.28312230110168457,1.893653154373169
0.003,10,down_full,5200.0,0.2830752432346344,1.8940787315368652
0.003,10,down_full,5400.0,0.2830374538898468,1.8938241004943848
0.003,10,down_full,5600.0,0.2819788157939911,1.890512466430664
0.003,10,down_full,5800.0,0.282313734292984,1.8939971923828125
0.003,10,down_full,6000.0,0.2823188900947571,1.8940306901931763
0.003,10,down_full,6200.0,0.28218770027160645,1.8938809633255005
0.003,10,down_full,6400.0,0.28029364347457886,1.8780863285064697
0.003,10,down_full,6600.0,0.28223299980163574,1.8932005167007446
0.003,10,down_full,6800.0,0.2823173403739929,1.8941497802734375
0.003,10,down_full,7000.0,0.28091180324554443,1.8844411373138428
0.003,10,down_full,7200.0,0.2817328870296478,1.8940701484680176
0.003,10,down_full,7400.0,0.2815510630607605,1.8918761014938354
0.003,10,down_full,7600.0,0.28146541118621826,1.8944900035858154
0.003,10,down_full,7800.0,0.28128570318222046,1.8919858932495117
0.003,10,down_full,7999.0,0.2811487317085266,1.892338514328003
0.003,10,fixed_du,0.0,0.5749745965003967,0.9784497618675232
0.003,10,fixed_du,200.0,0.3975107967853546,1.1517584323883057
0.003,10,fixed_du,400.0,0.2850840091705322,1.8898645639419556
0.003,10,fixed_du,600.0,0.2855081558227539,1.8932126760482788
0.003,10,fixed_du,800.0,0.2854214608669281,1.8928256034851074
0.003,10,fixed_du,1000.0,0.2854912281036377,1.8934592008590698
0.003,10,fixed_du,1200.0,0.2852356433868408,1.8923265933990479
0.003,10,fixed_du,1400.0,0.2852938175201416,1.892533779144287
0.003,10,fixed_du,1600.0,0.2852204442024231,1.8937313556671143
0.003,10,fixed_du,1800.0,0.2848433554172516,1.8906477689743042
0.003,10,fixed_du,2000.0,0.28499725461006165,1.8932695388793945
0.003,10,fixed_du,2200.0,0.2847593426704407,1.891805648803711
0.003,10,fixed_du,2400.0,0.2847250699996948,1.8911329507827759
0.003,10,fixed_du,2600.0,0.2845882177352905,1.8940030336380005
0.003,10,fixed_du,2800.0,0.28454577922821045,1.8938990831375122
0.003,10,fixed_du,3000.0,0.28434261679649353,1.8943719863891602
0.003,10,fixed_du,3199.0,0.28438666462898254,1.894272804260254
0.003,10,fixed_du,3200.0,0.5739137530326843,0.9826217293739319
0.003,10,fixed_du,3400.0,0.14508852362632751,0.6635095477104187
0.003,10,fixed_du,3600.0,0.04883706569671631,0.7990784049034119
0.003,10,fixed_du,3800.0,0.04892347380518913,0.8028116822242737
0.003,10,fixed_du,4000.0,0.05064963549375534,0.8356599807739258
0.003,10,fixed_du,4200.0,0.05107761546969414,0.8489993214607239
0.003,10,fixed_du,4400.0,0.05321615934371948,0.8814529776573181
0.003,10,fixed_du,4600.0,0.05466116964817047,0.9044061899185181
0.003,10,fixed_du,4800.0,0.05652724206447601,0.9342889189720154
0.003,10,fixed_du,5000.0,0.058235399425029755,0.9629886746406555
0.003,10,fixed_du,5200.0,0.05852047726511955,0.9720683097839355
0.003,10,fixed_du,5400.0,0.06068107858300209,0.9976166486740112
0.003,10,fixed_du,5600.0,0.06149078160524368,1.0150163173675537
0.003,10,fixed_du,5800.0,0.06271785497665405,1.0331255197525024
0.003,10,fixed_du,6000.0,0.0630132406949997,1.0384856462478638
0.003,10,fixed_du,6200.0,0.06441167742013931,1.0570954084396362
0.003,10,fixed_du,6400.0,0.066070057451725,1.086614966392517
0.003,10,fixed_du,6600.0,0.06649661064147949,1.0951945781707764
0.003,10,fixed_du,6800.0,0.06820929795503616,1.1220916509628296
0.003,10,fixed_du,7000.0,0.06855784356594086,1.1275615692138672
0.003,10,fixed_du,7200.0,0.07002507150173187,1.147161602973938
0.003,10,fixed_du,7400.0,0.07119334489107132,1.1668165922164917
0.003,10,fixed_du,7600.0,0.07052406668663025,1.156598448753357
0.003,10,fixed_du,7800.0,0.07017116248607635,1.1504414081573486
0.003,10,fixed_du,7999.0,0.07129395753145218,1.167800784111023
0.003,10,oracle_du,0.0,0.5749745965003967,0.9784497618675232
0.003,10,oracle_du,200.0,0.3975107967853546,1.1517584323883057
0.003,10,oracle_du,399.0,0.2851034104824066,1.8901032209396362
0.003,10,oracle_du,400.0,0.5739783644676208,0.9839199185371399
0.003,10,oracle_du,600.0,0.3308236300945282,0.9378048777580261
0.003,10,oracle_du,799.0,0.0932711809873581,1.4648362398147583
0.003,10,oracle_du,800.0,0.32490074634552,0.945553719997406
0.003,10,oracle_du,1000.0,0.09303929656744003,1.4381645917892456
0.003,10,oracle_du,1199.0,0.09812886267900467,1.4959980249404907
0.003,10,oracle_du,1200.0,0.32878345251083374,0.9417085647583008
0.003,10,oracle_du,1400.0,0.09619172662496567,1.492058277130127
0.003,10,oracle_du,1599.0,0.09912686049938202,1.5313738584518433
0.003,10,oracle_du,1600.0,0.3302370309829712,0.9509137272834778
0.003,10,oracle_du,1800.0,0.0924936905503273,1.4261711835861206
0.003,10,oracle_du,1999.0,0.09414056688547134,1.476097583770752
0.003,10,oracle_du,2000.0,0.33007383346557617,0.9374099373817444
0.003,10,oracle_du,2200.0,0.0933183953166008,1.433323621749878
0.003,10,oracle_du,2399.0,0.09207786619663239,1.4444955587387085
0.003,10,oracle_du,2400.0,0.3340328633785248,0.9523608088493347
0.003,10,oracle_du,2600.0,0.0902857631444931,1.4268463850021362
0.003,10,oracle_du,2799.0,0.08887839317321777,1.4068208932876587
0.003,10,oracle_du,2800.0,0.3331470787525177,0.9387703537940979
0.003,10,oracle_du,3000.0,0.09234704822301865,1.4230694770812988
0.003,10,oracle_du,3199.0,0.09191174060106277,1.4459216594696045
0.003,10,oracle_du,3200.0,0.3359985053539276,0.9486885666847229
0.003,10,oracle_du,3400.0,0.09124539792537689,1.4344639778137207
0.003,10,oracle_du,3599.0,0.09311682730913162,1.4545766115188599
0.003,10,oracle_du,3600.0,0.3361968398094177,0.9383235573768616
0.003,10,oracle_du,3800.0,0.09336445480585098,1.442545771598816
0.003,10,oracle_du,3999.0,0.09367576986551285,1.4701569080352783
0.003,10,oracle_du,4000.0,0.33753570914268494,0.9474492073059082
0.003,10,oracle_du,4200.0,0.09299424290657043,1.4428024291992188
0.003,10,oracle_du,4399.0,0.09692779928445816,1.5081180334091187
0.003,10,oracle_du,4400.0,0.33839482069015503,0.9380542039871216
0.003,10,oracle_du,4600.0,0.0930602177977562,1.4570053815841675
0.003,10,oracle_du,4799.0,0.09325360506772995,1.4609837532043457
0.003,10,oracle_du,4800.0,0.33961793780326843,0.9431959390640259
0.003,10,oracle_du,5000.0,0.0931626632809639,1.4441657066345215
0.003,10,oracle_du,5199.0,0.09557677805423737,1.4862995147705078
0.003,10,oracle_du,5200.0,0.3400700092315674,0.9364177584648132
0.003,10,oracle_du,5400.0,0.09155771881341934,1.4408260583877563
0.003,10,oracle_du,5599.0,0.09210097789764404,1.450946569442749
0.003,10,oracle_du,5600.0,0.34199246764183044,0.9442465901374817
0.003,10,oracle_du,5800.0,0.09254690259695053,1.4340444803237915
0.003,10,oracle_du,6000.0,0.09240365773439407,1.4463129043579102
0.003,10,oracle_du,6200.0,0.09282740950584412,1.4548118114471436
0.003,10,oracle_du,6400.0,0.09290733933448792,1.4551258087158203
0.003,10,oracle_du,6600.0,0.0929495096206665,1.4569330215454102
0.003,10,oracle_du,6800.0,0.09306862205266953,1.4639142751693726
0.003,10,oracle_du,7000.0,0.09244576841592789,1.4556758403778076
0.003,10,oracle_du,7200.0,0.09427029639482498,1.4778674840927124
0.003,10,oracle_du,7400.0,0.09514369815587997,1.4857165813446045
0.003,10,oracle_du,7600.0,0.09331639856100082,1.4464472532272339
0.003,10,oracle_du,7800.0,0.09405761957168579,1.476089358329773
0.003,10,oracle_du,7999.0,0.09714807569980621,1.4566656351089478
0.003,10,oracle_ramp,0.0,0.5749745965003967,0.9784497618675232
0.003,10,oracle_ramp,200.0,0.3975107967853546,1.1517584323883057
0.003,10,oracle_ramp,399.0,0.2851034104824066,1.8901032209396362
0.003,10,oracle_ramp,400.0,0.5739783644676208,0.9839199185371399
0.003,10,oracle_ramp,600.0,0.3308236300945282,0.9378048777580261
0.003,10,oracle_ramp,799.0,0.0932711809873581,1.4648362398147583
0.003,10,oracle_ramp,800.0,0.32490074634552,0.945553719997406
0.003,10,oracle_ramp,1000.0,0.09303929656744003,1.4381645917892456
0.003,10,oracle_ramp,1199.0,0.09812886267900467,1.4959980249404907
0.003,10,oracle_ramp,1200.0,0.32878345251083374,0.9417085647583008
0.003,10,oracle_ramp,1400.0,0.09619172662496567,1.492058277130127
0.003,10,oracle_ramp,1599.0,0.09912686049938202,1.5313738584518433
0.003,10,oracle_ramp,1600.0,0.3302370309829712,0.9509137272834778
0.003,10,oracle_ramp,1800.0,0.0924936905503273,1.4261711835861206
0.003,10,oracle_ramp,1999.0,0.09414056688547134,1.476097583770752
0.003,10,oracle_ramp,2000.0,0.33007383346557617,0.9374099373817444
0.003,10,oracle_ramp,2200.0,0.0933183953166008,1.433323621749878
0.003,10,oracle_ramp,2399.0,0.09207786619663239,1.4444955587387085
0.003,10,oracle_ramp,2400.0,0.3340328633785248,0.9523608088493347
0.003,10,oracle_ramp,2600.0,0.0902857631444931,1.4268463850021362
0.003,10,oracle_ramp,2799.0,0.08887839317321777,1.4068208932876587
0.003,10,oracle_ramp,2800.0,0.3331470787525177,0.9387703537940979
0.003,10,oracle_ramp,3000.0,0.09234704822301865,1.4230694770812988
0.003,10,oracle_ramp,3199.0,0.09191174060106277,1.4459216594696045
0.003,10,oracle_ramp,3200.0,0.3359985053539276,0.9486885666847229
0.003,10,oracle_ramp,3400.0,0.09124539792537689,1.4344639778137207
0.003,10,oracle_ramp,3599.0,0.09311682730913162,1.4545766115188599
0.003,10,oracle_ramp,3600.0,0.3361968398094177,0.9383235573768616
0.003,10,oracle_ramp,3800.0,0.09336445480585098,1.442545771598816
0.003,10,oracle_ramp,3999.0,0.09367576986551285,1.4701569080352783
0.003,10,oracle_ramp,4000.0,0.33753570914268494,0.9474492073059082
0.003,10,oracle_ramp,4200.0,0.09299424290657043,1.4428024291992188
0.003,10,oracle_ramp,4399.0,0.09692779928445816,1.5081180334091187
0.003,10,oracle_ramp,4400.0,0.33839482069015503,0.9380542039871216
0.003,10,oracle_ramp,4600.0,0.0930602177977562,1.4570053815841675
0.003,10,oracle_ramp,4799.0,0.09325360506772995,1.4609837532043457
0.003,10,oracle_ramp,4800.0,0.33961793780326843,0.9431959390640259
0.003,10,oracle_ramp,5000.0,0.0931626632809639,1.4441657066345215
0.003,10,oracle_ramp,5199.0,0.09557677805423737,1.4862995147705078
0.003,10,oracle_ramp,5200.0,0.3400700092315674,0.9364177584648132
0.003,10,oracle_ramp,5400.0,0.09155771881341934,1.4408260583877563
0.003,10,oracle_ramp,5599.0,0.09210097789764404,1.450946569442749
0.003,10,oracle_ramp,5600.0,0.34199246764183044,0.9442465901374817
0.003,10,oracle_ramp,5800.0,0.09254690259695053,1.4340444803237915
0.003,10,oracle_ramp,6000.0,0.09240365773439407,1.4463129043579102
0.003,10,oracle_ramp,6200.0,0.09282740950584412,1.4548118114471436
0.003,10,oracle_ramp,6400.0,0.09290733933448792,1.4551258087158203
0.003,10,oracle_ramp,6600.0,0.0929495096206665,1.4569330215454102
0.003,10,oracle_ramp,6800.0,0.09306862205266953,1.4639142751693726
0.003,10,oracle_ramp,7000.0,0.09244576841592789,1.4556758403778076
0.003,10,oracle_ramp,7200.0,0.09427029639482498,1.4778674840927124
0.003,10,oracle_ramp,7400.0,0.09514369815587997,1.4857165813446045
0.003,10,oracle_ramp,7600.0,0.09331639856100082,1.4464472532272339
0.003,10,oracle_ramp,7800.0,0.09405761957168579,1.476089358329773
0.003,10,oracle_ramp,7999.0,0.09714807569980621,1.4566656351089478
0.003,10,gate_du,0.0,0.5749745965003967,0.9784497618675232
0.003,10,gate_du,200.0,0.3975107967853546,1.1517584323883057
0.003,10,gate_du,399.0,0.2851034104824066,1.8901032209396362
0.003,10,gate_du,400.0,0.5739783644676208,0.9839199185371399
0.003,10,gate_du,600.0,0.3308236300945282,0.9378048777580261
0.003,10,gate_du,799.0,0.0932711809873581,1.4648362398147583
0.003,10,gate_du,800.0,0.32490074634552,0.945553719997406
0.003,10,gate_du,1000.0,0.09303929656744003,1.4381645917892456
0.003,10,gate_du,1199.0,0.09812886267900467,1.4959980249404907
0.003,10,gate_du,1200.0,0.32878345251083374,0.9417085647583008
0.003,10,gate_du,1400.0,0.09619172662496567,1.492058277130127
0.003,10,gate_du,1599.0,0.09912686049938202,1.5313738584518433
0.003,10,gate_du,1600.0,0.3302370309829712,0.9509137272834778
0.003,10,gate_du,1800.0,0.0924936905503273,1.4261711835861206
0.003,10,gate_du,1999.0,0.09414056688547134,1.476097583770752
0.003,10,gate_du,2000.0,0.33007383346557617,0.9374099373817444
0.003,10,gate_du,2200.0,0.0933183953166008,1.433323621749878
0.003,10,gate_du,2399.0,0.09207786619663239,1.4444955587387085
0.003,10,gate_du,2400.0,0.3340328633785248,0.9523608088493347
0.003,10,gate_du,2600.0,0.0902857631444931,1.4268463850021362
0.003,10,gate_du,2799.0,0.08887839317321777,1.4068208932876587
0.003,10,gate_du,2800.0,0.3331470787525177,0.9387703537940979
0.003,10,gate_du,3000.0,0.09234704822301865,1.4230694770812988
0.003,10,gate_du,3199.0,0.09191174060106277,1.4459216594696045
0.003,10,gate_du,3200.0,0.3359985053539276,0.9486885666847229
0.003,10,gate_du,3400.0,0.09124539792537689,1.4344639778137207
0.003,10,gate_du,3599.0,0.09311682730913162,1.4545766115188599
0.003,10,gate_du,3600.0,0.3361968398094177,0.9383235573768616
0.003,10,gate_du,3800.0,0.09336445480585098,1.442545771598816
0.003,10,gate_du,3999.0,0.09367576986551285,1.4701569080352783
0.003,10,gate_du,4000.0,0.33753570914268494,0.9474492073059082
0.003,10,gate_du,4200.0,0.09299424290657043,1.4428024291992188
0.003,10,gate_du,4399.0,0.09692779928445816,1.5081180334091187
0.003,10,gate_du,4400.0,0.33839482069015503,0.9380542039871216
0.003,10,gate_du,4600.0,0.0930602177977562,1.4570053815841675
0.003,10,gate_du,4799.0,0.09325360506772995,1.4609837532043457
0.003,10,gate_du,4800.0,0.33961793780326843,0.9431959390640259
0.003,10,gate_du,5000.0,0.0931626632809639,1.4441657066345215
0.003,10,gate_du,5199.0,0.09557677805423737,1.4862995147705078
0.003,10,gate_du,5200.0,0.3400700092315674,0.9364177584648132
0.003,10,gate_du,5400.0,0.09155771881341934,1.4408260583877563
0.003,10,gate_du,5599.0,0.09210097789764404,1.450946569442749
0.003,10,gate_du,5600.0,0.34199246764183044,0.9442465901374817
0.003,10,gate_du,5800.0,0.09254690259695053,1.4340444803237915
0.003,10,gate_du,6000.0,0.09240365773439407,1.4463129043579102
0.003,10,gate_du,6200.0,0.09282740950584412,1.4548118114471436
0.003,10,gate_du,6400.0,0.09290733933448792,1.4551258087158203
0.003,10,gate_du,6600.0,0.0929495096206665,1.4569330215454102
0.003,10,gate_du,6800.0,0.09306862205266953,1.4639142751693726
0.003,10,gate_du,7000.0,0.09244576841592789,1.4556758403778076
0.003,10,gate_du,7200.0,0.09427029639482498,1.4778674840927124
0.003,10,gate_du,7400.0,0.09514369815587997,1.4857165813446045
0.003,10,gate_du,7600.0,0.09331639856100082,1.4464472532272339
0.003,10,gate_du,7800.0,0.09405761957168579,1.476089358329773
0.003,10,gate_du,7999.0,0.09714807569980621,1.4566656351089478
0.003,15,up_full,0.0,0.5720470547676086,0.9953612089157104
0.003,15,up_full,200.0,0.24295999109745026,1.858705759048462
0.003,15,up_full,400.0,0.2458343654870987,1.8820769786834717
0.003,15,up_full,600.0,0.24600721895694733,1.8783156871795654
0.003,15,up_full,800.0,0.2464355081319809,1.8767186403274536
0.003,15,up_full,1000.0,0.24657702445983887,1.8731536865234375
0.003,15,up_full,1200.0,0.2467292994260788,1.8730413913726807
0.003,15,up_full,1400.0,0.2487284243106842,1.8895372152328491
0.003,15,up_full,1600.0,0.24835965037345886,1.882143259048462
0.003,15,up_full,1800.0,0.2486577033996582,1.8793962001800537
0.003,15,up_full,2000.0,0.24924100935459137,1.884867787361145
0.003,15,up_full,2200.0,0.24857614934444427,1.8810118436813354
0.003,15,up_full,2400.0,0.24898454546928406,1.879352331161499
0.003,15,up_full,2600.0,0.2507532238960266,1.8916456699371338
0.003,15,up_full,2800.0,0.2501685321331024,1.8817038536071777
0.003,15,up_full,3000.0,0.250693142414093,1.8857747316360474
0.003,15,up_full,3200.0,0.2515116035938263,1.8923580646514893
0.003,15,up_full,3400.0,0.25166258215904236,1.8873543739318848
0.003,15,up_full,3600.0,0.25177061557769775,1.8828301429748535
0.003,15,up_full,3800.0,0.2515624761581421,1.8776652812957764
0.003,15,up_full,4000.0,0.25323331356048584,1.8907781839370728
0.003,15,up_full,4200.0,0.2531120181083679,1.8890007734298706
0.003,15,up_full,4400.0,0.25412648916244507,1.8961236476898193
0.003,15,up_full,4600.0,0.25331324338912964,1.8902281522750854
0.003,15,up_full,4800.0,0.2544483244419098,1.8903436660766602
0.003,15,up_full,5000.0,0.2545604407787323,1.8929725885391235
0.003,15,up_full,5200.0,0.2549029588699341,1.88822340965271
0.003,15,up_full,5400.0,0.25480687618255615,1.884946346282959
0.003,15,up_full,5600.0,0.25535479187965393,1.8903695344924927
0.003,15,up_full,5800.0,0.25520190596580505,1.8827508687973022
0.003,15,up_full,6000.0,0.2556597590446472,1.884049892425537
0.003,15,up_full,6200.0,0.2551184296607971,1.8809254169464111
0.003,15,up_full,6400.0,0.25641128420829773,1.8911988735198975
0.003,15,up_full,6600.0,0.25700706243515015,1.892185926437378
0.003,15,up_full,6800.0,0.2574768662452698,1.8929589986801147
0.003,15,up_full,7000.0,0.256536066532135,1.886898159980774
0.003,15,up_full,7200.0,0.2573617994785309,1.8906404972076416
0.003,15,up_full,7400.0,0.2570364773273468,1.888598918914795
0.003,15,up_full,7600.0,0.2572857141494751,1.8829808235168457
0.003,15,up_full,7800.0,0.25756752490997314,1.8853522539138794
0.003,15,up_full,7999.0,0.25889575481414795,1.8911203145980835
0.003,15,down_full,0.0,0.5719848275184631,0.9971742033958435
0.003,15,down_full,200.0,0.13620266318321228,1.7966225147247314
0.003,15,down_full,400.0,0.13633327186107635,1.796112060546875
0.003,15,down_full,600.0,0.1372852772474289,1.8066562414169312
0.003,15,down_full,800.0,0.13718198239803314,1.7792125940322876
0.003,15,down_full,1000.0,0.1372731775045395,1.8049336671829224
0.003,15,down_full,1200.0,0.13746127486228943,1.8081474304199219
0.003,15,down_full,1400.0,0.13760480284690857,1.8087800741195679
0.003,15,down_full,1600.0,0.13805067539215088,1.8103705644607544
0.003,15,down_full,1800.0,0.137937530875206,1.8078323602676392
0.003,15,down_full,2000.0,0.13678735494613647,1.805469036102295
0.003,15,down_full,2200.0,0.13641974329948425,1.7968742847442627
0.003,15,down_full,2400.0,0.1372077912092209,1.807147741317749
0.003,15,down_full,2600.0,0.13686034083366394,1.8054355382919312
0.003,15,down_full,2800.0,0.13665251433849335,1.8045974969863892
0.003,15,down_full,3000.0,0.13721327483654022,1.8076658248901367
0.003,15,down_full,3200.0,0.13700784742832184,1.8034809827804565
0.003,15,down_full,3400.0,0.13775686919689178,1.809722661972046
0.003,15,down_full,3600.0,0.1377822905778885,1.8094227313995361
0.003,15,down_full,3800.0,0.13740025460720062,1.7935410737991333
0.003,15,down_full,4000.0,0.13791771233081818,1.809935450553894
0.003,15,down_full,4200.0,0.13850286602973938,1.8115174770355225
0.003,15,down_full,4400.0,0.1385914832353592,1.812227487564087
0.003,15,down_full,4600.0,0.13853809237480164,1.8120163679122925
0.003,15,down_full,4800.0,0.13840173184871674,1.761000156402588
0.003,15,down_full,5000.0,0.14290796220302582,1.8270162343978882
0.003,15,down_full,5200.0,0.14290468394756317,1.8269116878509521
0.003,15,down_full,5400.0,0.14295139908790588,1.8249664306640625
0.003,15,down_full,5600.0,0.14258377254009247,1.8278825283050537
0.003,15,down_full,5800.0,0.14248435199260712,1.825844168663025
0.003,15,down_full,6000.0,0.14156590402126312,1.8185194730758667
0.003,15,down_full,6200.0,0.1422988325357437,1.825908899307251
0.003,15,down_full,6400.0,0.1422414630651474,1.8249166011810303
0.003,15,down_full,6600.0,0.14183802902698517,1.812791347503662
0.003,15,down_full,6800.0,0.14216411113739014,1.824722409248352
0.003,15,down_full,7000.0,0.14304614067077637,1.826277494430542
0.003,15,down_full,7200.0,0.14307987689971924,1.8275113105773926
0.003,15,down_full,7400.0,0.14207418262958527,1.8243910074234009
0.003,15,down_full,7600.0,0.14210692048072815,1.8244935274124146
0.003,15,down_full,7800.0,0.14217078685760498,1.8201884031295776
0.003,15,down_full,7999.0,0.14288435876369476,1.8269208669662476
0.003,15,fixed_du,0.0,0.5719848275184631,0.9971742033958435
0.003,15,fixed_du,200.0,0.13620266318321228,1.7966225147247314
0.003,15,fixed_du,400.0,0.13633327186107635,1.796112060546875
0.003,15,fixed_du,600.0,0.1372852772474289,1.8066562414169312
0.003,15,fixed_du,800.0,0.13718198239803314,1.7792125940322876
0.003,15,fixed_du,1000.0,0.1372731775045395,1.8049336671829224
0.003,15,fixed_du,1200.0,0.13746127486228943,1.8081474304199219
0.003,15,fixed_du,1400.0,0.13760480284690857,1.8087800741195679
0.003,15,fixed_du,1600.0,0.13805067539215088,1.8103705644607544
0.003,15,fixed_du,1800.0,0.137937530875206,1.8078323602676392
0.003,15,fixed_du,2000.0,0.13678735494613647,1.805469036102295
0.003,15,fixed_du,2200.0,0.13641974329948425,1.7968742847442627
0.003,15,fixed_du,2400.0,0.1372077912092209,1.807147741317749
0.003,15,fixed_du,2600.0,0.13686034083366394,1.8054355382919312
0.003,15,fixed_du,2800.0,0.13665251433849335,1.8045974969863892
0.003,15,fixed_du,3000.0,0.13721327483654022,1.8076658248901367
0.003,15,fixed_du,3199.0,0.13712091743946075,1.8049086332321167
0.003,15,fixed_du,3200.0,0.5717059373855591,0.9903208613395691
0.003,15,fixed_du,3400.0,0.1690848469734192,1.857954978942871
0.003,15,fixed_du,3600.0,0.17032091319561005,1.8677843809127808
0.003,15,fixed_du,3800.0,0.1711442470550537,1.8722132444381714
0.003,15,fixed_du,4000.0,0.17147870361804962,1.8681811094284058
0.003,15,fixed_du,4200.0,0.17213943600654602,1.8712238073349
0.003,15,fixed_du,4400.0,0.17258323729038239,1.8646957874298096
0.003,15,fixed_du,4600.0,0.174014151096344,1.8747318983078003
0.003,15,fixed_du,4800.0,0.1747640073299408,1.8763012886047363
0.003,15,fixed_du,5000.0,0.17495250701904297,1.8658270835876465
0.003,15,fixed_du,5200.0,0.17581462860107422,1.8699532747268677
0.003,15,fixed_du,5400.0,0.17775890231132507,1.882604956626892
0.003,15,fixed_du,5600.0,0.17820942401885986,1.8710708618164062
0.003,15,fixed_du,5800.0,0.18007740378379822,1.8812390565872192
0.003,15,fixed_du,6000.0,0.1810160130262375,1.8835301399230957
0.003,15,fixed_du,6200.0,0.18227893114089966,1.8822263479232788
0.003,15,fixed_du,6400.0,0.18435578048229218,1.8778488636016846
0.003,15,fixed_du,6600.0,0.1858130842447281,1.8847901821136475
0.003,15,fixed_du,6800.0,0.18770863115787506,1.8865246772766113
0.003,15,fixed_du,7000.0,0.18988753855228424,1.8811678886413574
0.003,15,fixed_du,7200.0,0.19174805283546448,1.887815237045288
0.003,15,fixed_du,7400.0,0.19368654489517212,1.8812342882156372
0.003,15,fixed_du,7600.0,0.19526715576648712,1.882692575454712
0.003,15,fixed_du,7800.0,0.19580116868019104,1.8812459707260132
0.003,15,fixed_du,7999.0,0.1983875334262848,1.8925442695617676
0.003,15,oracle_du,0.0,0.5719848275184631,0.9971742033958435
0.003,15,oracle_du,200.0,0.13620266318321228,1.7966225147247314
0.003,15,oracle_du,399.0,0.13559792935848236,1.7845185995101929
0.003,15,oracle_du,400.0,0.5718867778778076,0.9909366965293884
0.003,15,oracle_du,600.0,0.31258097290992737,1.7694041728973389
0.003,15,oracle_du,799.0,0.31927356123924255,1.878557562828064
0.003,15,oracle_du,800.0,0.5720040798187256,1.0009114742279053
0.003,15,oracle_du,1000.0,0.341865599155426,1.8358768224716187
0.003,15,oracle_du,1199.0,0.3498952090740204,1.8903231620788574
0.003,15,oracle_du,1200.0,0.5715922117233276,0.9855269193649292
0.003,15,oracle_du,1400.0,0.272509902715683,1.8497518301010132
0.003,15,oracle_du,1599.0,0.2757524251937866,1.8920440673828125
0.003,15,oracle_du,1600.0,0.5705994963645935,0.9957612156867981
0.003,15,oracle_du,1800.0,0.3556184768676758,1.848533034324646
0.003,15,oracle_du,1999.0,0.3605637550354004,1.888549566268921
0.003,15,oracle_du,2000.0,0.5710189938545227,0.9888858795166016
0.003,15,oracle_du,2200.0,0.3027244508266449,1.8473496437072754
0.003,15,oracle_du,2399.0,0.30879202485084534,1.8924881219863892
0.003,15,oracle_du,2400.0,0.5696790218353271,0.995936393737793
0.003,15,oracle_du,2600.0,0.333882600069046,1.8300414085388184
0.003,15,oracle_du,2799.0,0.34012123942375183,1.8896352052688599
0.003,15,oracle_du,2800.0,0.5701453685760498,0.9899759292602539
0.003,15,oracle_du,3000.0,0.26474350690841675,1.8187536001205444
0.003,15,oracle_du,3199.0,0.2703985273838043,1.890830636024475
0.003,15,oracle_du,3200.0,0.5688276290893555,0.9948363304138184
0.003,15,oracle_du,3400.0,0.3202681839466095,1.8616993427276611
0.003,15,oracle_du,3599.0,0.32471340894699097,1.8908122777938843
0.003,15,oracle_du,3600.0,0.5692214965820312,0.9925873279571533
0.003,15,oracle_du,3800.0,0.2680708169937134,1.8289153575897217
0.003,15,oracle_du,3999.0,0.273816853761673,1.8926990032196045
0.003,15,oracle_du,4000.0,0.5687482953071594,0.994254469871521
0.003,15,oracle_du,4200.0,0.30198976397514343,1.8201141357421875
0.003,15,oracle_du,4399.0,0.3094715178012848,1.8927406072616577
0.003,15,oracle_du,4400.0,0.568245530128479,0.9929227828979492
0.003,15,oracle_du,4600.0,0.2234477400779724,1.8685336112976074
0.003,15,oracle_du,4799.0,0.22078293561935425,1.8391345739364624
0.003,15,oracle_du,4800.0,0.5682894587516785,0.9952978491783142
0.003,15,oracle_du,5000.0,0.2659819424152374,1.8364036083221436
0.003,15,oracle_du,5199.0,0.2689571678638458,1.8791718482971191
0.003,15,oracle_du,5200.0,0.5674595832824707,0.9931477308273315
0.003,15,oracle_du,5400.0,0.23285479843616486,1.8493945598602295
0.003,15,oracle_du,5599.0,0.2316194325685501,1.848958969116211
0.003,15,oracle_du,5600.0,0.5673023462295532,0.9953814148902893
0.003,15,oracle_du,5800.0,0.2679450511932373,1.8028587102890015
0.003,15,oracle_du,6000.0,0.27181974053382874,1.871142864227295
0.003,15,oracle_du,6200.0,0.2730087339878082,1.8908333778381348
0.003,15,oracle_du,6400.0,0.2698788642883301,1.8596882820129395
0.003,15,oracle_du,6600.0,0.27261221408843994,1.8931409120559692
0.003,15,oracle_du,6800.0,0.2725433111190796,1.892911434173584
0.003,15,oracle_du,7000.0,0.26899880170822144,1.8556938171386719
0.003,15,oracle_du,7200.0,0.2706122100353241,1.882822036743164
0.003,15,oracle_du,7400.0,0.2717471420764923,1.8931211233139038
0.003,15,oracle_du,7600.0,0.27141526341438293,1.8966165781021118
0.003,15,oracle_du,7800.0,0.27077510952949524,1.8941924571990967
0.003,15,oracle_du,7999.0,0.2690548002719879,1.8780215978622437
0.003,15,oracle_ramp,0.0,0.5719848275184631,0.9971742033958435
0.003,15,oracle_ramp,200.0,0.13620266318321228,1.7966225147247314
0.003,15,oracle_ramp,399.0,0.13559792935848236,1.7845185995101929
0.003,15,oracle_ramp,400.0,0.5718867778778076,0.9909366965293884
0.003,15,oracle_ramp,600.0,0.31258097290992737,1.7694041728973389
0.003,15,oracle_ramp,799.0,0.31927356123924255,1.878557562828064
0.003,15,oracle_ramp,800.0,0.5720040798187256,1.0009114742279053
0.003,15,oracle_ramp,1000.0,0.341865599155426,1.8358768224716187
0.003,15,oracle_ramp,1199.0,0.3498952090740204,1.8903231620788574
0.003,15,oracle_ramp,1200.0,0.5715922117233276,0.9855269193649292
0.003,15,oracle_ramp,1400.0,0.272509902715683,1.8497518301010132
0.003,15,oracle_ramp,1599.0,0.2757524251937866,1.8920440673828125
0.003,15,oracle_ramp,1600.0,0.5705994963645935,0.9957612156867981
0.003,15,oracle_ramp,1800.0,0.3556184768676758,1.848533034324646
0.003,15,oracle_ramp,1999.0,0.3605637550354004,1.888549566268921
0.003,15,oracle_ramp,2000.0,0.5710189938545227,0.9888858795166016
0.003,15,oracle_ramp,2200.0,0.3027244508266449,1.8473496437072754
0.003,15,oracle_ramp,2399.0,0.30879202485084534,1.8924881219863892
0.003,15,oracle_ramp,2400.0,0.5696790218353271,0.995936393737793
0.003,15,oracle_ramp,2600.0,0.333882600069046,1.8300414085388184
0.003,15,oracle_ramp,2799.0,0.34012123942375183,1.8896352052688599
0.003,15,oracle_ramp,2800.0,0.5701453685760498,0.9899759292602539
0.003,15,oracle_ramp,3000.0,0.26474350690841675,1.8187536001205444
0.003,15,oracle_ramp,3199.0,0.2703985273838043,1.890830636024475
0.003,15,oracle_ramp,3200.0,0.5688276290893555,0.9948363304138184
0.003,15,oracle_ramp,3400.0,0.3202681839466095,1.8616993427276611
0.003,15,oracle_ramp,3599.0,0.32471340894699097,1.8908122777938843
0.003,15,oracle_ramp,3600.0,0.5692214965820312,0.9925873279571533
0.003,15,oracle_ramp,3800.0,0.2680708169937134,1.8289153575897217
0.003,15,oracle_ramp,3999.0,0.273816853761673,1.8926990032196045
0.003,15,oracle_ramp,4000.0,0.5687482953071594,0.994254469871521
0.003,15,oracle_ramp,4200.0,0.30198976397514343,1.8201141357421875
0.003,15,oracle_ramp,4399.0,0.3094715178012848,1.8927406072616577
0.003,15,oracle_ramp,4400.0,0.568245530128479,0.9929227828979492
0.003,15,oracle_ramp,4600.0,0.2234477400779724,1.8685336112976074
0.003,15,oracle_ramp,4799.0,0.22078293561935425,1.8391345739364624
0.003,15,oracle_ramp,4800.0,0.5682894587516785,0.9952978491783142
0.003,15,oracle_ramp,5000.0,0.2659819424152374,1.8364036083221436
0.003,15,oracle_ramp,5199.0,0.2689571678638458,1.8791718482971191
0.003,15,oracle_ramp,5200.0,0.5674595832824707,0.9931477308273315
0.003,15,oracle_ramp,5400.0,0.23285479843616486,1.8493945598602295
0.003,15,oracle_ramp,5599.0,0.2316194325685501,1.848958969116211
0.003,15,oracle_ramp,5600.0,0.5673023462295532,0.9953814148902893
0.003,15,oracle_ramp,5800.0,0.2679450511932373,1.8028587102890015
0.003,15,oracle_ramp,6000.0,0.27181974053382874,1.871142864227295
0.003,15,oracle_ramp,6200.0,0.2730087339878082,1.8908333778381348
0.003,15,oracle_ramp,6400.0,0.2698788642883301,1.8596882820129395
0.003,15,oracle_ramp,6600.0,0.27261221408843994,1.8931409120559692
0.003,15,oracle_ramp,6800.0,0.2725433111190796,1.892911434173584
0.003,15,oracle_ramp,7000.0,0.26899880170822144,1.8556938171386719
0.003,15,oracle_ramp,7200.0,0.2706122100353241,1.882822036743164
0.003,15,oracle_ramp,7400.0,0.2717471420764923,1.8931211233139038
0.003,15,oracle_ramp,7600.0,0.27141526341438293,1.8966165781021118
0.003,15,oracle_ramp,7800.0,0.27077510952949524,1.8941924571990967
0.003,15,oracle_ramp,7999.0,0.2690548002719879,1.8780215978622437
0.003,15,gate_du,0.0,0.5719848275184631,0.9971742033958435
0.003,15,gate_du,200.0,0.13620266318321228,1.7966225147247314
0.003,15,gate_du,399.0,0.13559792935848236,1.7845185995101929
0.003,15,gate_du,400.0,0.5718867778778076,0.9909366965293884
0.003,15,gate_du,600.0,0.31258097290992737,1.7694041728973389
0.003,15,gate_du,799.0,0.31927356123924255,1.878557562828064
0.003,15,gate_du,800.0,0.5720040798187256,1.0009114742279053
0.003,15,gate_du,1000.0,0.341865599155426,1.8358768224716187
0.003,15,gate_du,1199.0,0.3498952090740204,1.8903231620788574
0.003,15,gate_du,1200.0,0.5715922117233276,0.9855269193649292
0.003,15,gate_du,1400.0,0.272509902715683,1.8497518301010132
0.003,15,gate_du,1599.0,0.2757524251937866,1.8920440673828125
0.003,15,gate_du,1600.0,0.5705994963645935,0.9957612156867981
0.003,15,gate_du,1800.0,0.3556184768676758,1.848533034324646
0.003,15,gate_du,1999.0,0.3605637550354004,1.888549566268921
0.003,15,gate_du,2000.0,0.5710189938545227,0.9888858795166016
0.003,15,gate_du,2200.0,0.3027244508266449,1.8473496437072754
0.003,15,gate_du,2399.0,0.30879202485084534,1.8924881219863892
0.003,15,gate_du,2400.0,0.5696790218353271,0.995936393737793
0.003,15,gate_du,2600.0,0.333882600069046,1.8300414085388184
0.003,15,gate_du,2799.0,0.34012123942375183,1.8896352052688599
0.003,15,gate_du,2800.0,0.5701453685760498,0.9899759292602539
0.003,15,gate_du,3000.0,0.26474350690841675,1.8187536001205444
0.003,15,gate_du,3199.0,0.2703985273838043,1.890830636024475
0.003,15,gate_du,3200.0,0.5688276290893555,0.9948363304138184
0.003,15,gate_du,3400.0,0.3202681839466095,1.8616993427276611
0.003,15,gate_du,3599.0,0.32471340894699097,1.8908122777938843
0.003,15,gate_du,3600.0,0.5692214965820312,0.9925873279571533
0.003,15,gate_du,3800.0,0.2680708169937134,1.8289153575897217
0.003,15,gate_du,3999.0,0.273816853761673,1.8926990032196045
0.003,15,gate_du,4000.0,0.5687482953071594,0.994254469871521
0.003,15,gate_du,4200.0,0.30198976397514343,1.8201141357421875
0.003,15,gate_du,4399.0,0.3094715178012848,1.8927406072616577
0.003,15,gate_du,4400.0,0.568245530128479,0.9929227828979492
0.003,15,gate_du,4600.0,0.2234477400779724,1.8685336112976074
0.003,15,gate_du,4799.0,0.22078293561935425,1.8391345739364624
0.003,15,gate_du,4800.0,0.5682894587516785,0.9952978491783142
0.003,15,gate_du,5000.0,0.2659819424152374,1.8364036083221436
0.003,15,gate_du,5199.0,0.2689571678638458,1.8791718482971191
0.003,15,gate_du,5200.0,0.5674595832824707,0.9931477308273315
0.003,15,gate_du,5400.0,0.23285479843616486,1.8493945598602295
0.003,15,gate_du,5599.0,0.2316194325685501,1.848958969116211
0.003,15,gate_du,5600.0,0.5673023462295532,0.9953814148902893
0.003,15,gate_du,5800.0,0.2679450511932373,1.8028587102890015
0.003,15,gate_du,6000.0,0.27181974053382874,1.871142864227295
0.003,15,gate_du,6200.0,0.2730087339878082,1.8908333778381348
0.003,15,gate_du,6400.0,0.2698788642883301,1.8596882820129395
0.003,15,gate_du,6600.0,0.27261221408843994,1.8931409120559692
0.003,15,gate_du,6800.0,0.2725433111190796,1.892911434173584
0.003,15,gate_du,7000.0,0.26899880170822144,1.8556938171386719
0.003,15,gate_du,7200.0,0.2706122100353241,1.882822036743164
0.003,15,gate_du,7400.0,0.2717471420764923,1.8931211233139038
0.003,15,gate_du,7600.0,0.27141526341438293,1.8966165781021118
0.003,15,gate_du,7800.0,0.27077510952949524,1.8941924571990967
0.003,15,gate_du,7999.0,0.2690548002719879,1.8780215978622437
0.003,20,up_full,0.0,0.5739780068397522,0.9658077955245972
0.003,20,up_full,200.0,0.27950844168663025,1.8615447282791138
0.003,20,up_full,400.0,0.28241032361984253,1.8820103406906128
0.003,20,up_full,600.0,0.2813594937324524,1.8703924417495728
0.003,20,up_full,800.0,0.28283390402793884,1.883400559425354
0.003,20,up_full,1000.0,0.283261775970459,1.883027195930481
0.003,20,up_full,1200.0,0.2822436988353729,1.8704862594604492
0.003,20,up_full,1400.0,0.2830977141857147,1.879299521446228
0.003,20,up_full,1600.0,0.2840931713581085,1.887194037437439
0.003,20,up_full,1800.0,0.28285595774650574,1.874561071395874
0.003,20,up_full,2000.0,0.2838881015777588,1.8828356266021729
0.003,20,up_full,2200.0,0.28448039293289185,1.8831942081451416
0.003,20,up_full,2400.0,0.2849867343902588,1.8888505697250366
0.003,20,up_full,2600.0,0.28465914726257324,1.8823548555374146
0.003,20,up_full,2800.0,0.2853177487850189,1.8821426630020142
0.003,20,up_full,3000.0,0.2847692370414734,1.8792039155960083
0.003,20,up_full,3200.0,0.2859390079975128,1.886957049369812
0.003,20,up_full,3400.0,0.2863844633102417,1.8877619504928589
0.003,20,up_full,3600.0,0.2857380211353302,1.8816848993301392
0.003,20,up_full,3800.0,0.2859233319759369,1.882886528968811
0.003,20,up_full,4000.0,0.2863161861896515,1.8824135065078735
0.003,20,up_full,4200.0,0.2876708507537842,1.8935942649841309
0.003,20,up_full,4400.0,0.2867441475391388,1.8859522342681885
0.003,20,up_full,4600.0,0.28692376613616943,1.8842822313308716
0.003,20,up_full,4800.0,0.28827130794525146,1.8902510404586792
0.003,20,up_full,5000.0,0.2869596481323242,1.8801270723342896
0.003,20,up_full,5200.0,0.2877940833568573,1.8830758333206177
0.003,20,up_full,5400.0,0.2890738546848297,1.89364492893219
0.003,20,up_full,5600.0,0.28882497549057007,1.8912782669067383
0.003,20,up_full,5800.0,0.28858301043510437,1.8830068111419678
0.003,20,up_full,6000.0,0.2890508770942688,1.8862046003341675
0.003,20,up_full,6200.0,0.2893121540546417,1.8925361633300781
0.003,20,up_full,6400.0,0.2900767922401428,1.892441987991333
0.003,20,up_full,6600.0,0.28949663043022156,1.8902807235717773
0.003,20,up_full,6800.0,0.28921568393707275,1.8899885416030884
0.003,20,up_full,7000.0,0.28970614075660706,1.8829747438430786
0.003,20,up_full,7200.0,0.28949788212776184,1.8852972984313965
0.003,20,up_full,7400.0,0.289806604385376,1.8837642669677734
0.003,20,up_full,7600.0,0.2914448380470276,1.8929067850112915
0.003,20,up_full,7800.0,0.2905241549015045,1.884644865989685
0.003,20,up_full,7999.0,0.2913075089454651,1.8885419368743896
0.003,20,down_full,0.0,0.5739425420761108,0.9640620350837708
0.003,20,down_full,200.0,0.23024258017539978,1.8566490411758423
0.003,20,down_full,400.0,0.23414964973926544,1.893911600112915
0.003,20,down_full,600.0,0.2336505502462387,1.8944884538650513
0.003,20,down_full,800.0,0.2311675250530243,1.8694307804107666
0.003,20,down_full,1000.0,0.23354843258857727,1.8936834335327148
0.003,20,down_full,1200.0,0.23387371003627777,1.8951457738876343
0.003,20,down_full,1400.0,0.2338578999042511,1.8931021690368652
0.003,20,down_full,1600.0,0.23383715748786926,1.893164873123169
0.003,20,down_full,1800.0,0.23366832733154297,1.8939714431762695
0.003,20,down_full,2000.0,0.2333005964756012,1.8930549621582031
0.003,20,down_full,2200.0,0.23336422443389893,1.8910739421844482
0.003,20,down_full,2400.0,0.23377996683120728,1.8945777416229248
0.003,20,down_full,2600.0,0.23327745497226715,1.8940906524658203
0.003,20,down_full,2800.0,0.23244832456111908,1.8844677209854126
0.003,20,down_full,3000.0,0.23333042860031128,1.8938732147216797
0.003,20,down_full,3200.0,0.23352955281734467,1.8929040431976318
0.003,20,down_full,3400.0,0.23289039731025696,1.8931783437728882
0.003,20,down_full,3600.0,0.23295439779758453,1.8937280178070068
0.003,20,down_full,3800.0,0.231366366147995,1.876633644104004
0.003,20,down_full,4000.0,0.23335494101047516,1.8938136100769043
0.003,20,down_full,4200.0,0.2306782752275467,1.8607028722763062
0.003,20,down_full,4400.0,0.23291048407554626,1.8933409452438354
0.003,20,down_full,4600.0,0.23327447474002838,1.8931255340576172
0.003,20,down_full,4800.0,0.23331493139266968,1.8937937021255493
0.003,20,down_full,5000.0,0.2332950383424759,1.8942476511001587
0.003,20,down_full,5200.0,0.23336008191108704,1.8935858011245728
0.003,20,down_full,5400.0,0.23337170481681824,1.8937937021255493
0.003,20,down_full,5600.0,0.23337115347385406,1.893713355064392
0.003,20,down_full,5800.0,0.2331467717885971,1.8884105682373047
0.003,20,down_full,6000.0,0.23195458948612213,1.8804326057434082
0.003,20,down_full,6200.0,0.2330990880727768,1.8937418460845947
0.003,20,down_full,6400.0,0.23267851769924164,1.8928966522216797
0.003,20,down_full,6600.0,0.23242059350013733,1.8876310586929321
0.003,20,down_full,6800.0,0.23329897224903107,1.895391821861267
0.003,20,down_full,7000.0,0.23275402188301086,1.8940155506134033
0.003,20,down_full,7200.0,0.2327623963356018,1.8944517374038696
0.003,20,down_full,7400.0,0.23241086304187775,1.8940629959106445
0.003,20,down_full,7600.0,0.2323959916830063,1.894019603729248
0.003,20,down_full,7800.0,0.23228563368320465,1.893118977546692
0.003,20,down_full,7999.0,0.23242069780826569,1.8958381414413452
0.003,20,fixed_du,0.0,0.5739425420761108,0.9640620350837708
0.003,20,fixed_du,200.0,0.23024258017539978,1.8566490411758423
0.003,20,fixed_du,400.0,0.23414964973926544,1.893911600112915
0.003,20,fixed_du,600.0,0.2336505502462387,1.8944884538650513
0.003,20,fixed_du,800.0,0.2311675250530243,1.8694307804107666
0.003,20,fixed_du,1000.0,0.23354843258857727,1.8936834335327148
0.003,20,fixed_du,1200.0,0.23387371003627777,1.8951457738876343
0.003,20,fixed_du,1400.0,0.2338578999042511,1.8931021690368652
0.003,20,fixed_du,1600.0,0.23383715748786926,1.893164873123169
0.003,20,fixed_du,1800.0,0.23366832733154297,1.8939714431762695
0.003,20,fixed_du,2000.0,0.2333005964756012,1.8930549621582031
0.003,20,fixed_du,2200.0,0.23336422443389893,1.8910739421844482
0.003,20,fixed_du,2400.0,0.23377996683120728,1.8945777416229248
0.003,20,fixed_du,2600.0,0.23327745497226715,1.8940906524658203
0.003,20,fixed_du,2800.0,0.23244832456111908,1.8844677209854126
0.003,20,fixed_du,3000.0,0.23333042860031128,1.8938732147216797
0.003,20,fixed_du,3199.0,0.23381450772285461,1.895849347114563
0.003,20,fixed_du,3200.0,0.5742437243461609,0.9776090979576111
0.003,20,fixed_du,3400.0,0.1883031725883484,1.8669312000274658
0.003,20,fixed_du,3600.0,0.18956759572029114,1.8771998882293701
0.003,20,fixed_du,3800.0,0.18958276510238647,1.8740473985671997
0.003,20,fixed_du,4000.0,0.18960250914096832,1.8714138269424438
0.003,20,fixed_du,4200.0,0.19242674112319946,1.882080078125
0.003,20,fixed_du,4400.0,0.19279110431671143,1.8799734115600586
0.003,20,fixed_du,4600.0,0.19300802052021027,1.8666884899139404
0.003,20,fixed_du,4800.0,0.1958785504102707,1.8811399936676025
0.003,20,fixed_du,5000.0,0.19497878849506378,1.872732400894165
0.003,20,fixed_du,5200.0,0.19581416249275208,1.8716256618499756
0.003,20,fixed_du,5400.0,0.19736213982105255,1.8856844902038574
0.003,20,fixed_du,5600.0,0.1962977796792984,1.884393334388733
0.003,20,fixed_du,5800.0,0.19733279943466187,1.8822647333145142
0.003,20,fixed_du,6000.0,0.1971910148859024,1.8797430992126465
0.003,20,fixed_du,6200.0,0.19947408139705658,1.8895796537399292
0.003,20,fixed_du,6400.0,0.19878065586090088,1.8864237070083618
0.003,20,fixed_du,6600.0,0.1990298181772232,1.8787994384765625
0.003,20,fixed_du,6800.0,0.19958657026290894,1.887909173965454
0.003,20,fixed_du,7000.0,0.19971829652786255,1.889227271080017
0.003,20,fixed_du,7200.0,0.19980719685554504,1.8818633556365967
0.003,20,fixed_du,7400.0,0.2010369598865509,1.8914633989334106
0.003,20,fixed_du,7600.0,0.20140047371387482,1.8905012607574463
0.003,20,fixed_du,7800.0,0.2004849761724472,1.8847923278808594
0.003,20,fixed_du,7999.0,0.20227645337581635,1.8882715702056885
0.003,20,oracle_du,0.0,0.5739425420761108,0.9640620350837708
0.003,20,oracle_du,200.0,0.23024258017539978,1.8566490411758423
0.003,20,oracle_du,399.0,0.23381415009498596,1.8908798694610596
0.003,20,oracle_du,400.0,0.5741266012191772,0.9765400290489197
0.003,20,oracle_du,600.0,0.1549469232559204,1.8137012720108032
0.003,20,oracle_du,799.0,0.1536267250776291,1.852237343788147
0.003,20,oracle_du,800.0,0.5737098455429077,0.9845215678215027
0.003,20,oracle_du,1000.0,0.11663655191659927,1.6225268840789795
0.003,20,oracle_du,1199.0,0.1148003339767456,1.6783381700515747
0.003,20,oracle_du,1200.0,0.5730087757110596,0.9908922910690308
0.003,20,oracle_du,1400.0,0.1968824416399002,1.7926852703094482
0.003,20,oracle_du,1599.0,0.1993563026189804,1.855887532234192
0.003,20,oracle_du,1600.0,0.5731233954429626,0.9847842454910278
0.003,20,oracle_du,1800.0,0.09153032302856445,1.3540749549865723
0.003,20,oracle_du,1999.0,0.09044220298528671,1.4324491024017334
0.003,20,oracle_du,2000.0,0.5721970200538635,0.9893051385879517
0.003,20,oracle_du,2200.0,0.10672687739133835,1.5536267757415771
0.003,20,oracle_du,2399.0,0.11083616316318512,1.6438179016113281
0.003,20,oracle_du,2400.0,0.5726796388626099,0.9889736771583557
0.003,20,oracle_du,2600.0,0.06559506058692932,0.9735175967216492
0.003,20,oracle_du,2799.0,0.051947567611932755,0.8695048689842224
0.003,20,oracle_du,2800.0,0.06224135309457779,0.8968432545661926
0.003,20,oracle_du,3000.0,0.04834136366844177,0.811249315738678
0.003,20,oracle_du,3199.0,0.049035634845495224,0.82267165184021
0.003,20,oracle_du,3200.0,0.04949545860290527,0.8103615641593933
0.003,20,oracle_du,3400.0,0.05143017694354057,0.8615370988845825
0.003,20,oracle_du,3599.0,0.05244545638561249,0.8776516914367676
0.003,20,oracle_du,3600.0,0.05013108253479004,0.802819550037384
0.003,20,oracle_du,3800.0,0.05088936537504196,0.8521744012832642
0.003,20,oracle_du,3999.0,0.05401737615466118,0.9032328128814697
0.003,20,oracle_du,4000.0,0.04949214681982994,0.7855948805809021
0.003,20,oracle_du,4200.0,0.04670436307787895,0.7846250534057617
0.003,20,oracle_du,4399.0,0.04758152365684509,0.7990410327911377
0.003,20,oracle_du,4400.0,0.050389114767313004,0.7787103652954102
0.003,20,oracle_du,4600.0,0.04896164685487747,0.8212801814079285
0.003,20,oracle_du,4799.0,0.051433708518743515,0.8615479469299316
0.003,20,oracle_du,4800.0,0.04490281641483307,0.7352737784385681
0.003,20,oracle_du,5000.0,0.04533776640892029,0.7620668411254883
0.003,20,oracle_du,5199.0,0.0465618334710598,0.7781458497047424
0.003,20,oracle_du,5200.0,0.06199551373720169,0.7899301052093506
0.003,20,oracle_du,5400.0,0.03933598846197128,0.6629470586776733
0.003,20,oracle_du,5599.0,0.04196956381201744,0.7067722678184509
0.003,20,oracle_du,5600.0,0.040101803839206696,0.6613787412643433
0.003,20,oracle_du,5800.0,0.04099017754197121,0.6905350685119629
0.003,20,oracle_du,6000.0,0.0413142666220665,0.6948207020759583
0.003,20,oracle_du,6200.0,0.04106222838163376,0.6918613910675049
0.003,20,oracle_du,6400.0,0.04152202233672142,0.6993502974510193
0.003,20,oracle_du,6600.0,0.041707009077072144,0.7025370001792908
0.003,20,oracle_du,6800.0,0.04191821068525314,0.7056528329849243
0.003,20,oracle_du,7000.0,0.04179829731583595,0.7035289406776428
0.003,20,oracle_du,7200.0,0.041956961154937744,0.7066842317581177
0.003,20,oracle_du,7400.0,0.04197552800178528,0.7066852450370789
0.003,20,oracle_du,7600.0,0.04202539101243019,0.7066711187362671
0.003,20,oracle_du,7800.0,0.042151354253292084,0.7098881602287292
0.003,20,oracle_du,7999.0,0.040362924337387085,0.6799760460853577
0.003,20,oracle_ramp,0.0,0.5739425420761108,0.9640620350837708
0.003,20,oracle_ramp,200.0,0.23024258017539978,1.8566490411758423
0.003,20,oracle_ramp,399.0,0.23381415009498596,1.8908798694610596
0.003,20,oracle_ramp,400.0,0.5741266012191772,0.9765400290489197
0.003,20,oracle_ramp,600.0,0.1549469232559204,1.8137012720108032
0.003,20,oracle_ramp,799.0,0.1536267250776291,1.852237343788147
0.003,20,oracle_ramp,800.0,0.5737098455429077,0.9845215678215027
0.003,20,oracle_ramp,1000.0,0.11663655191659927,1.6225268840789795
0.003,20,oracle_ramp,1199.0,0.1148003339767456,1.6783381700515747
0.003,20,oracle_ramp,1200.0,0.5730087757110596,0.9908922910690308
0.003,20,oracle_ramp,1400.0,0.1968824416399002,1.7926852703094482
0.003,20,oracle_ramp,1599.0,0.1993563026189804,1.855887532234192
0.003,20,oracle_ramp,1600.0,0.5731233954429626,0.9847842454910278
0.003,20,oracle_ramp,1800.0,0.09153032302856445,1.3540749549865723
0.003,20,oracle_ramp,1999.0,0.09044220298528671,1.4324491024017334
0.003,20,oracle_ramp,2000.0,0.5721970200538635,0.9893051385879517
0.003,20,oracle_ramp,2200.0,0.10672687739133835,1.5536267757415771
0.003,20,oracle_ramp,2399.0,0.11083616316318512,1.6438179016113281
0.003,20,oracle_ramp,2400.0,0.5726796388626099,0.9889736771583557
0.003,20,oracle_ramp,2600.0,0.06559506058692932,0.9735175967216492
0.003,20,oracle_ramp,2799.0,0.051947567611932755,0.8695048689842224
0.003,20,oracle_ramp,2800.0,0.06224135309457779,0.8968432545661926
0.003,20,oracle_ramp,3000.0,0.04834136366844177,0.811249315738678
0.003,20,oracle_ramp,3199.0,0.049035634845495224,0.82267165184021
0.003,20,oracle_ramp,3200.0,0.04949545860290527,0.8103615641593933
0.003,20,oracle_ramp,3400.0,0.05143017694354057,0.8615370988845825
0.003,20,oracle_ramp,3599.0,0.05244545638561249,0.8776516914367676
0.003,20,oracle_ramp,3600.0,0.05013108253479004,0.802819550037384
0.003,20,oracle_ramp,3800.0,0.05088936537504196,0.8521744012832642
0.003,20,oracle_ramp,3999.0,0.05401737615466118,0.9032328128814697
0.003,20,oracle_ramp,4000.0,0.04949214681982994,0.7855948805809021
0.003,20,oracle_ramp,4200.0,0.04670436307787895,0.7846250534057617
0.003,20,oracle_ramp,4399.0,0.04758152365684509,0.7990410327911377
0.003,20,oracle_ramp,4400.0,0.050389114767313004,0.7787103652954102
0.003,20,oracle_ramp,4600.0,0.04896164685487747,0.8212801814079285
0.003,20,oracle_ramp,4799.0,0.051433708518743515,0.8615479469299316
0.003,20,oracle_ramp,4800.0,0.04490281641483307,0.7352737784385681
0.003,20,oracle_ramp,5000.0,0.04533776640892029,0.7620668411254883
0.003,20,oracle_ramp,5199.0,0.0465618334710598,0.7781458497047424
0.003,20,oracle_ramp,5200.0,0.06199551373720169,0.7899301052093506
0.003,20,oracle_ramp,5400.0,0.03933598846197128,0.6629470586776733
0.003,20,oracle_ramp,5599.0,0.04196956381201744,0.7067722678184509
0.003,20,oracle_ramp,5600.0,0.040101803839206696,0.6613787412643433
0.003,20,oracle_ramp,5800.0,0.04099017754197121,0.6905350685119629
0.003,20,oracle_ramp,6000.0,0.0413142666220665,0.6948207020759583
0.003,20,oracle_ramp,6200.0,0.04106222838163376,0.6918613910675049
0.003,20,oracle_ramp,6400.0,0.04152202233672142,0.6993502974510193
0.003,20,oracle_ramp,6600.0,0.041707009077072144,0.7025370001792908
0.003,20,oracle_ramp,6800.0,0.04191821068525314,0.7056528329849243
0.003,20,oracle_ramp,7000.0,0.04179829731583595,0.7035289406776428
0.003,20,oracle_ramp,7200.0,0.041956961154937744,0.7066842317581177
0.003,20,oracle_ramp,7400.0,0.04197552800178528,0.7066852450370789
0.003,20,oracle_ramp,7600.0,0.04202539101243019,0.7066711187362671
0.003,20,oracle_ramp,7800.0,0.042151354253292084,0.7098881602287292
0.003,20,oracle_ramp,7999.0,0.040362924337387085,0.6799760460853577
0.003,20,gate_du,0.0,0.5739425420761108,0.9640620350837708
0.003,20,gate_du,200.0,0.23024258017539978,1.8566490411758423
0.003,20,gate_du,399.0,0.23381415009498596,1.8908798694610596
0.003,20,gate_du,400.0,0.5741266012191772,0.9765400290489197
0.003,20,gate_du,600.0,0.1549469232559204,1.8137012720108032
0.003,20,gate_du,799.0,0.1536267250776291,1.852237343788147
0.003,20,gate_du,800.0,0.5737098455429077,0.9845215678215027
0.003,20,gate_du,1000.0,0.11663655191659927,1.6225268840789795
0.003,20,gate_du,1199.0,0.1148003339767456,1.6783381700515747
0.003,20,gate_du,1200.0,0.5730087757110596,0.9908922910690308
0.003,20,gate_du,1400.0,0.1968824416399002,1.7926852703094482
0.003,20,gate_du,1599.0,0.1993563026189804,1.855887532234192
0.003,20,gate_du,1600.0,0.5731233954429626,0.9847842454910278
0.003,20,gate_du,1800.0,0.09153032302856445,1.3540749549865723
0.003,20,gate_du,1999.0,0.09044220298528671,1.4324491024017334
0.003,20,gate_du,2000.0,0.5721970200538635,0.9893051385879517
0.003,20,gate_du,2200.0,0.10672687739133835,1.5536267757415771
0.003,20,gate_du,2399.0,0.11083616316318512,1.6438179016113281
0.003,20,gate_du,2400.0,0.5726796388626099,0.9889736771583557
0.003,20,gate_du,2600.0,0.06559506058692932,0.9735175967216492
0.003,20,gate_du,2799.0,0.051947567611932755,0.8695048689842224
0.003,20,gate_du,2800.0,0.06224135309457779,0.8968432545661926
0.003,20,gate_du,3000.0,0.04834136366844177,0.811249315738678
0.003,20,gate_du,3199.0,0.049035634845495224,0.82267165184021
0.003,20,gate_du,3200.0,0.04949545860290527,0.8103615641593933
0.003,20,gate_du,3400.0,0.05143017694354057,0.8615370988845825
0.003,20,gate_du,3599.0,0.05244545638561249,0.8776516914367676
0.003,20,gate_du,3600.0,0.05013108253479004,0.802819550037384
0.003,20,gate_du,3800.0,0.05088936537504196,0.8521744012832642
0.003,20,gate_du,3999.0,0.05401737615466118,0.9032328128814697
0.003,20,gate_du,4000.0,0.04949214681982994,0.7855948805809021
0.003,20,gate_du,4200.0,0.04670436307787895,0.7846250534057617
0.003,20,gate_du,4399.0,0.04758152365684509,0.7990410327911377
0.003,20,gate_du,4400.0,0.050389114767313004,0.7787103652954102
0.003,20,gate_du,4600.0,0.04896164685487747,0.8212801814079285
0.003,20,gate_du,4799.0,0.051433708518743515,0.8615479469299316
0.003,20,gate_du,4800.0,0.04490281641483307,0.7352737784385681
0.003,20,gate_du,5000.0,0.04533776640892029,0.7620668411254883
0.003,20,gate_du,5199.0,0.0465618334710598,0.7781458497047424
0.003,20,gate_du,5200.0,0.06199551373720169,0.7899301052093506
0.003,20,gate_du,5400.0,0.03933598846197128,0.6629470586776733
0.003,20,gate_du,5599.0,0.04196956381201744,0.7067722678184509
0.003,20,gate_du,5600.0,0.040101803839206696,0.6613787412643433
0.003,20,gate_du,5800.0,0.04099017754197121,0.6905350685119629
0.003,20,gate_du,6000.0,0.0413142666220665,0.6948207020759583
0.003,20,gate_du,6200.0,0.04106222838163376,0.6918613910675049
0.003,20,gate_du,6400.0,0.04152202233672142,0.6993502974510193
0.003,20,gate_du,6600.0,0.041707009077072144,0.7025370001792908
0.003,20,gate_du,6800.0,0.04191821068525314,0.7056528329849243
0.003,20,gate_du,7000.0,0.04179829731583595,0.7035289406776428
0.003,20,gate_du,7200.0,0.041956961154937744,0.7066842317581177
0.003,20,gate_du,7400.0,0.04197552800178528,0.7066852450370789
0.003,20,gate_du,7600.0,0.04202539101243019,0.7066711187362671
0.003,20,gate_du,7800.0,0.042151354253292084,0.7098881602287292
0.003,20,gate_du,7999.0,0.040362924337387085,0.6799760460853577
