nu,sigma,base_seed,K,epochs,feature,best_seed,best_L2,success,l2_starts
0.001,0.15,0,4,2000,fourier,3,0.07633076608181,0,0:1.654634e-01;1:4.353600e-01;2:1.704182e-01;3:7.633077e-02
0.001,0.15,5,4,2000,fourier,5,0.10912258923053741,0,5:1.091226e-01;6:1.425885e-01;7:1.960041e-01;8:3.882874e-01
0.001,0.15,10,4,2000,fourier,12,0.13739453256130219,0,10:4.027661e-01;11:2.244647e-01;12:1.373945e-01;13:2.958139e-01
0.001,0.15,15,4,2000,fourier,16,0.031121283769607544,1,15:2.197243e-01;16:3.112128e-02;17:8.403141e-02;18:2.435539e-01
0.001,0.15,20,4,2000,fourier,23,0.03711702302098274,1,20:4.671210e-02;21:2.885438e-01;22:2.413334e-01;23:3.711702e-02
0.001,0.15,25,4,2000,fourier,25,0.10710353404283524,0,25:1.071035e-01;26:1.369251e-01;27:2.628144e-01;28:3.975161e-01
0.001,0.15,30,4,2000,fourier,30,0.02350606769323349,1,30:2.350607e-02;31:4.404036e-01;32:1.411685e-01;33:1.005349e-01
0.001,0.15,35,4,2000,fourier,37,0.03753240779042244,1,35:7.823303e-02;36:6.086204e-02;37:3.753241e-02;38:3.412786e-01
0.001,0.15,40,4,2000,fourier,40,0.041430115699768066,1,40:4.143012e-02;41:9.292864e-02;42:2.950406e-01;43:9.508969e-02
0.001,0.15,45,4,2000,fourier,46,0.07343893498182297,0,45:4.678138e-01;46:7.343893e-02;47:1.231096e-01;48:1.819909e-01
0.001,0.15,50,4,2000,fourier,53,0.06828884035348892,0,50:3.062842e-01;51:1.280887e-01;52:1.443237e-01;53:6.828884e-02
0.001,0.3,0,4,2000,fourier,3,0.07669990509748459,0,0:1.930980e-01;1:1.466158e-01;2:1.115348e-01;3:7.669991e-02
0.001,0.3,5,4,2000,fourier,7,0.07199639827013016,0,5:1.810821e-01;6:1.730023e-01;7:7.199640e-02;8:2.729152e-01
0.001,0.3,10,4,2000,fourier,11,0.047453392297029495,1,10:3.511017e-01;11:4.745339e-02;12:2.608888e-01;13:9.613078e-02
0.001,0.3,15,4,2000,fourier,17,0.08056247234344482,0,15:2.427498e-01;16:1.562334e-01;17:8.056247e-02;18:2.816381e-01
0.001,0.3,20,4,2000,fourier,22,0.02459479495882988,1,20:1.371741e-01;21:2.527557e-01;22:2.459479e-02;23:5.353897e-02
0.001,0.3,25,4,2000,fourier,28,0.1321815848350525,0,25:2.055558e-01;26:3.170763e-01;27:2.836569e-01;28:1.321816e-01
0.001,0.3,30,4,2000,fourier,30,0.008945765905082226,1,30:8.945766e-03;31:1.976351e-01;32:1.391494e-01;33:2.980014e-02
0.001,0.3,35,4,2000,fourier,35,0.016547949984669685,1,35:1.654795e-02;36:1.906614e-01;37:1.957315e-01;38:2.450651e-01
0.001,0.3,40,4,2000,fourier,43,0.06806329637765884,0,40:2.854085e-01;41:7.604303e-02;42:1.361836e-01;43:6.806330e-02
0.001,0.3,45,4,2000,fourier,46,0.046732597053050995,1,45:1.454847e-01;46:4.673260e-02;47:2.159611e-01;48:6.519249e-02
0.001,0.3,50,4,2000,fourier,52,0.01150032039731741,1,50:2.831915e-01;51:5.381045e-02;52:1.150032e-02;53:5.931410e-02
0.001,0.6,0,4,2000,fourier,0,0.05394625663757324,1,0:5.394626e-02;1:1.459712e-01;2:1.727776e-01;3:8.614164e-02
0.001,0.6,5,4,2000,fourier,6,0.01867195963859558,1,5:2.074096e-01;6:1.867196e-02;7:7.902446e-02;8:2.390570e-01
0.001,0.6,10,4,2000,fourier,12,0.08149152994155884,0,10:2.771001e-01;11:1.746569e-01;12:8.149153e-02;13:2.980230e-01
0.001,0.6,15,4,2000,fourier,15,0.0211649090051651,1,15:2.116491e-02;16:1.333352e-01;17:8.482066e-02;18:3.360228e-02
0.001,0.6,20,4,2000,fourier,23,0.018635613843798637,1,20:1.986490e-01;21:5.714635e-02;22:8.086774e-02;23:1.863561e-02
0.001,0.6,25,4,2000,fourier,26,0.023796116933226585,1,25:1.390522e-01;26:2.379612e-02;27:2.356111e-01;28:2.270966e-01
0.001,0.6,30,4,2000,fourier,30,0.011335459537804127,1,30:1.133546e-02;31:1.086450e-01;32:1.763139e-01;33:2.475012e-01
0.001,0.6,35,4,2000,fourier,37,0.03545974940061569,1,35:1.284369e-01;36:7.762988e-02;37:3.545975e-02;38:3.567541e-02
0.001,0.6,40,4,2000,fourier,40,0.0832175463438034,0,40:8.321755e-02;41:1.925010e-01;42:2.847138e-01;43:9.815909e-02
0.001,0.6,45,4,2000,fourier,47,0.017602059990167618,1,45:2.674705e-01;46:6.230058e-02;47:1.760206e-02;48:8.616302e-02
0.001,0.6,50,4,2000,fourier,52,0.025341929867863655,1,50:1.824094e-01;51:1.058845e-01;52:2.534193e-02;53:8.345420e-02
0.001,1.5,0,4,2000,fourier,2,0.1187610849738121,0,0:2.947477e-01;1:2.053972e-01;2:1.187611e-01;3:2.800530e-01
0.001,1.5,5,4,2000,fourier,5,0.043195296078920364,1,5:4.319530e-02;6:1.942104e-01;7:2.418823e-01;8:6.145936e-02
0.001,1.5,10,4,2000,fourier,12,0.01438804529607296,1,10:1.542296e-02;11:3.631402e-01;12:1.438805e-02;13:2.896291e-01
0.001,1.5,15,4,2000,fourier,15,0.11200625449419022,0,15:1.120063e-01;16:3.611141e-01;17:1.620739e-01;18:3.287621e-01
0.001,1.5,20,4,2000,fourier,23,0.014405492693185806,1,20:2.683539e-02;21:2.456780e-01;22:3.705310e-01;23:1.440549e-02
0.001,1.5,25,4,2000,fourier,25,0.040318429470062256,1,25:4.031843e-02;26:1.122764e-01;27:4.446391e-02;28:1.383201e-01
0.001,1.5,30,4,2000,fourier,33,0.03966314718127251,1,30:3.581701e-01;31:3.215553e-01;32:1.033290e-01;33:3.966315e-02
0.001,1.5,35,4,2000,fourier,36,0.04902017116546631,1,35:3.274260e-01;36:4.902017e-02;37:8.595191e-02;38:2.278633e-01
0.001,1.5,40,4,2000,fourier,40,0.022234948351979256,1,40:2.223495e-02;41:2.164163e-01;42:3.298466e-02;43:1.897009e-01
0.001,1.5,45,4,2000,fourier,48,0.013755948282778263,1,45:1.480142e-01;46:3.066859e-01;47:2.710132e-02;48:1.375595e-02
0.001,1.5,50,4,2000,fourier,52,0.06001059710979462,0,50:2.950527e-01;51:7.484218e-02;52:6.001060e-02;53:1.863461e-01
0.001,3.0,0,4,2000,fourier,2,0.012220698408782482,1,0:4.105345e-01;1:3.613703e-01;2:1.222070e-02;3:4.026546e-01
0.001,3.0,5,4,2000,fourier,6,0.05514129251241684,1,5:1.377060e-01;6:5.514129e-02;7:4.200695e-01;8:2.630305e-01
0.001,3.0,10,4,2000,fourier,12,0.04833516106009483,1,10:3.505755e-01;11:3.695546e-01;12:4.833516e-02;13:3.672783e-01
0.001,3.0,15,4,2000,fourier,17,0.3447795808315277,0,15:3.587726e-01;16:3.891429e-01;17:3.447796e-01;18:4.104621e-01
0.001,3.0,20,4,2000,fourier,20,0.007858713157474995,1,20:7.858713e-03;21:1.916845e-01;22:4.020788e-01;23:3.512525e-01
0.001,3.0,25,4,2000,fourier,25,0.0755373165011406,0,25:7.553732e-02;26:2.639021e-01;27:3.826008e-01;28:4.047428e-01
0.001,3.0,30,4,2000,fourier,33,0.3224935829639435,0,30:3.706474e-01;31:5.136406e-01;32:3.783704e-01;33:3.224936e-01
0.001,3.0,35,4,2000,fourier,37,0.011504530906677246,1,35:3.650497e-01;36:3.996837e-01;37:1.150453e-02;38:1.617007e-01
0.001,3.0,40,4,2000,fourier,40,0.06714346259832382,0,40:6.714346e-02;41:2.426592e-01;42:9.606101e-02;43:4.159205e-01
0.001,3.0,45,4,2000,fourier,47,0.031125880777835846,1,45:2.653022e-01;46:3.365940e-01;47:3.112588e-02;48:2.914266e-01
0.001,3.0,50,4,2000,fourier,52,0.10277688503265381,0,50:3.166865e-01;51:2.377420e-01;52:1.027769e-01;53:2.213495e-01
0.001,7.5,0,4,2000,fourier,1,0.06860313564538956,0,0:4.091913e-01;1:6.860314e-02;2:1.004449e-01;3:3.007059e-01
0.001,7.5,5,4,2000,fourier,6,0.07857105880975723,0,5:1.426122e-01;6:7.857106e-02;7:4.014345e-01;8:3.030630e-01
0.001,7.5,10,4,2000,fourier,12,0.10818850249052048,0,10:2.709155e-01;11:4.461132e-01;12:1.081885e-01;13:2.803082e-01
0.001,7.5,15,4,2000,fourier,17,0.1462247669696808,0,15:3.021977e-01;16:3.126253e-01;17:1.462248e-01;18:4.329537e-01
0.001,7.5,20,4,2000,fourier,20,0.0965895727276802,0,20:9.658957e-02;21:3.176921e-01;22:3.544713e-01;23:1.834050e-01
0.001,7.5,25,4,2000,fourier,26,0.1888061910867691,0,25:3.140106e-01;26:1.888062e-01;27:2.787764e-01;28:2.968244e-01
0.001,7.5,30,4,2000,fourier,33,0.05002523958683014,1,30:5.968940e-02;31:3.883784e-01;32:1.753267e-01;33:5.002524e-02
0.001,7.5,35,4,2000,fourier,38,0.02560906484723091,1,35:3.271478e-01;36:2.558129e-01;37:1.535215e-01;38:2.560906e-02
0.001,7.5,40,4,2000,fourier,42,0.016145428642630577,1,40:2.598816e-01;41:1.791827e-01;42:1.614543e-02;43:4.009886e-01
0.001,7.5,45,4,2000,fourier,46,0.05930991470813751,1,45:1.114459e-01;46:5.930991e-02;47:1.782212e-01;48:4.609115e-01
0.001,7.5,50,4,2000,fourier,53,0.05432535707950592,1,50:2.362873e-01;51:2.069075e-01;52:2.628634e-01;53:5.432536e-02
0.001,15.0,0,4,2000,fourier,1,0.09004656970500946,0,0:1.074228e-01;1:9.004657e-02;2:1.081783e-01;3:2.287377e-01
0.001,15.0,5,4,2000,fourier,7,0.18773981928825378,0,5:2.962081e-01;6:2.438639e-01;7:1.877398e-01;8:3.203989e-01
0.001,15.0,10,4,2000,fourier,11,0.01692272536456585,1,10:1.282037e-01;11:1.692273e-02;12:1.125146e-01;13:1.647185e-01
0.001,15.0,15,4,2000,fourier,17,0.05457916110754013,1,15:2.296236e-01;16:2.709275e-01;17:5.457916e-02;18:1.368173e-01
0.001,15.0,20,4,2000,fourier,22,0.05823565274477005,1,20:8.581281e-02;21:2.687404e-01;22:5.823565e-02;23:1.020121e-01
0.001,15.0,25,4,2000,fourier,27,0.12070231884717941,0,25:1.614538e-01;26:2.361600e-01;27:1.207023e-01;28:3.019554e-01
0.001,15.0,30,4,2000,fourier,33,0.12665057182312012,0,30:1.316321e-01;31:2.380442e-01;32:2.200596e-01;33:1.266506e-01
0.001,15.0,35,4,2000,fourier,38,0.06562173366546631,0,35:2.016355e-01;36:1.353528e-01;37:8.276740e-02;38:6.562173e-02
0.001,15.0,40,4,2000,fourier,40,0.16148902475833893,0,40:1.614890e-01;41:2.223394e-01;42:1.957542e-01;43:2.841645e-01
0.001,15.0,45,4,2000,fourier,48,0.010657190345227718,1,45:8.703479e-02;46:1.214247e-01;47:2.129148e-01;48:1.065719e-02
0.001,15.0,50,4,2000,fourier,51,0.01848607510328293,1,50:1.702672e-01;51:1.848608e-02;52:1.219459e-01;53:2.250887e-01
0.001,30.0,0,4,2000,fourier,1,0.018944459035992622,1,0:7.589886e-02;1:1.894446e-02;2:7.283644e-02;3:1.509562e-01
0.001,30.0,5,4,2000,fourier,7,0.09193594753742218,0,5:3.117431e-01;6:1.505408e-01;7:9.193595e-02;8:1.823734e-01
0.001,30.0,10,4,2000,fourier,12,0.12289589643478394,0,10:1.573301e-01;11:2.208024e-01;12:1.228959e-01;13:2.238080e-01
0.001,30.0,15,4,2000,fourier,15,0.06794152408838272,0,15:6.794152e-02;16:9.778057e-02;17:1.319702e-01;18:1.992950e-01
0.001,30.0,20,4,2000,fourier,20,0.01859893463551998,1,20:1.859893e-02;21:1.626975e-01;22:1.720677e-01;23:1.926728e-01
0.001,30.0,25,4,2000,fourier,25,0.03944775089621544,1,25:3.944775e-02;26:2.921936e-01;27:4.761134e-02;28:2.109517e-01
0.001,30.0,30,4,2000,fourier,33,0.022012833505868912,1,30:8.820540e-02;31:2.779422e-01;32:1.019702e-01;33:2.201283e-02
0.001,30.0,35,4,2000,fourier,37,0.09089899063110352,0,35:2.255327e-01;36:1.117851e-01;37:9.089899e-02;38:1.891298e-01
0.001,30.0,40,4,2000,fourier,41,0.048128642141819,1,40:1.160712e-01;41:4.812864e-02;42:2.247983e-01;43:1.518482e-01
0.001,30.0,45,4,2000,fourier,48,0.11669176816940308,0,45:1.453641e-01;46:1.850587e-01;47:1.952580e-01;48:1.166918e-01
0.001,30.0,50,4,2000,fourier,50,0.12997989356517792,0,50:1.299799e-01;51:2.578506e-01;52:2.238779e-01;53:2.140265e-01
0.003,0.15,0,4,2000,fourier,0,0.013919825665652752,1,0:1.391983e-02;1:9.475420e-02;2:6.484470e-02;3:9.255100e-02
0.003,0.15,5,4,2000,fourier,7,0.006423097103834152,1,5:3.976554e-01;6:3.836230e-01;7:6.423097e-03;8:1.259790e-01
0.003,0.15,10,4,2000,fourier,12,0.025158977136015892,1,10:3.301157e-01;11:7.538900e-02;12:2.515898e-02;13:9.205292e-02
0.003,0.15,15,4,2000,fourier,18,0.0246829055249691,1,15:1.831597e-01;16:2.875323e-02;17:2.752774e-01;18:2.468291e-02
0.003,0.15,20,4,2000,fourier,21,0.011157939210534096,1,20:4.902554e-02;21:1.115794e-02;22:2.570293e-01;23:1.394143e-02
0.003,0.15,25,4,2000,fourier,28,0.007915430702269077,1,25:1.025023e-01;26:1.617672e-01;27:9.076943e-03;28:7.915431e-03
0.003,0.15,30,4,2000,fourier,33,0.0033150948584079742,1,30:1.881690e-01;31:7.009470e-02;32:9.836733e-02;33:3.315095e-03
0.003,0.15,35,4,2000,fourier,35,0.03629368543624878,1,35:3.629369e-02;36:3.148336e-01;37:2.690457e-01;38:1.190005e-01
0.003,0.15,40,4,2000,fourier,41,0.019694935530424118,1,40:1.711344e-01;41:1.969494e-02;42:3.534714e-01;43:2.748793e-01
0.003,0.15,45,4,2000,fourier,45,0.01065127644687891,1,45:1.065128e-02;46:1.214169e-01;47:1.582077e-01;48:3.937712e-02
0.003,0.15,50,4,2000,fourier,51,0.021288301795721054,1,50:3.310831e-01;51:2.128830e-02;52:2.419807e-01;53:2.467559e-01
0.003,0.3,0,4,2000,fourier,0,0.08325566351413727,0,0:8.325566e-02;1:2.074425e-01;2:1.787504e-01;3:3.871133e-01
0.003,0.3,5,4,2000,fourier,7,0.010007709264755249,1,5:9.414579e-02;6:1.589550e-02;7:1.000771e-02;8:4.001109e-01
0.003,0.3,10,4,2000,fourier,11,0.02036990597844124,1,10:6.262587e-02;11:2.036991e-02;12:2.901279e-02;13:2.027170e-01
0.003,0.3,15,4,2000,fourier,17,0.011669651605188847,1,15:3.030123e-01;16:2.670508e-02;17:1.166965e-02;18:1.050964e-01
0.003,0.3,20,4,2000,fourier,22,0.010063552297651768,1,20:1.057277e-01;21:2.498242e-01;22:1.006355e-02;23:3.037451e-01
0.003,0.3,25,4,2000,fourier,26,0.006181743927299976,1,25:1.222586e-01;26:6.181744e-03;27:6.879130e-02;28:6.819827e-02
0.003,0.3,30,4,2000,fourier,33,0.015797581523656845,1,30:2.436610e-01;31:5.550966e-02;32:1.932740e-02;33:1.579758e-02
0.003,0.3,35,4,2000,fourier,38,0.0009534135460853577,1,35:2.667002e-01;36:3.721379e-02;37:6.505712e-03;38:9.534135e-04
0.003,0.3,40,4,2000,fourier,41,0.00798379722982645,1,40:7.641790e-02;41:7.983797e-03;42:3.118030e-02;43:3.380177e-02
0.003,0.3,45,4,2000,fourier,48,0.021143073216080666,1,45:9.192185e-02;46:1.781850e-01;47:9.122586e-02;48:2.114307e-02
0.003,0.3,50,4,2000,fourier,51,0.0136890122666955,1,50:2.141424e-02;51:1.368901e-02;52:1.349117e-01;53:2.282995e-01
0.003,0.6,0,4,2000,fourier,0,0.15259088575839996,0,0:1.525909e-01;1:1.738190e-01;2:3.392121e-01;3:2.681923e-01
0.003,0.6,5,4,2000,fourier,6,0.006115224678069353,1,5:1.283851e-01;6:6.115225e-03;7:2.465631e-01;8:2.655085e-01
0.003,0.6,10,4,2000,fourier,12,0.023723699152469635,1,10:2.879997e-01;11:2.900656e-01;12:2.372370e-02;13:2.607115e-01
0.003,0.6,15,4,2000,fourier,18,0.12928587198257446,0,15:1.846231e-01;16:2.850089e-01;17:1.957232e-01;18:1.292859e-01
0.003,0.6,20,4,2000,fourier,20,0.19485947489738464,0,20:1.948595e-01;21:2.054958e-01;22:3.756727e-01;23:2.215540e-01
0.003,0.6,25,4,2000,fourier,26,0.011373212561011314,1,25:2.363192e-01;26:1.137321e-02;27:2.068138e-01;28:9.956935e-02
0.003,0.6,30,4,2000,fourier,32,0.009438636712729931,1,30:2.578266e-01;31:1.576395e-01;32:9.438637e-03;33:1.264554e-01
0.003,0.6,35,4,2000,fourier,37,0.022648880258202553,1,35:2.580617e-01;36:3.318400e-01;37:2.264888e-02;38:1.068006e-01
0.003,0.6,40,4,2000,fourier,40,0.0049143144860863686,1,40:4.914314e-03;41:2.334093e-01;42:1.747061e-02;43:2.175475e-01
0.003,0.6,45,4,2000,fourier,45,0.017402827739715576,1,45:1.740283e-02;46:6.952041e-02;47:3.712311e-02;48:5.381378e-02
0.003,0.6,50,4,2000,fourier,51,0.05171084776520729,1,50:1.670819e-01;51:5.171085e-02;52:1.727232e-01;53:1.020977e-01
0.003,1.5,0,4,2000,fourier,2,0.32445091009140015,0,0:3.459697e-01;1:3.254303e-01;2:3.244509e-01;3:4.040706e-01
0.003,1.5,5,4,2000,fourier,5,0.041027460247278214,1,5:4.102746e-02;6:1.803880e-01;7:4.521874e-01;8:3.623488e-01
0.003,1.5,10,4,2000,fourier,10,0.0627768263220787,0,10:6.277683e-02;11:4.829899e-01;12:1.209389e-01;13:3.949624e-01
0.003,1.5,15,4,2000,fourier,15,0.20767632126808167,0,15:2.076763e-01;16:4.870276e-01;17:3.461795e-01;18:4.572984e-01
0.003,1.5,20,4,2000,fourier,20,0.03272625431418419,1,20:3.272625e-02;21:3.181992e-01;22:4.699943e-01;23:2.354685e-01
0.003,1.5,25,4,2000,fourier,25,0.08079052716493607,0,25:8.079053e-02;26:1.142537e-01;27:3.193169e-01;28:1.075396e-01
0.003,1.5,30,4,2000,fourier,33,0.22414381802082062,0,30:4.767232e-01;31:4.649255e-01;32:2.449176e-01;33:2.241438e-01
0.003,1.5,35,4,2000,fourier,37,0.02403937838971615,1,35:3.673957e-01;36:3.047294e-01;37:2.403938e-02;38:2.276249e-01
0.003,1.5,40,4,2000,fourier,40,0.033950578421354294,1,40:3.395058e-02;41:2.257631e-01;42:2.161932e-01;43:4.596620e-01
0.003,1.5,45,4,2000,fourier,45,0.035265129059553146,1,45:3.526513e-02;46:3.841789e-01;47:7.213015e-02;48:2.073128e-01
0.003,1.5,50,4,2000,fourier,51,0.09605701267719269,0,50:4.144542e-01;51:9.605701e-02;52:1.227608e-01;53:3.399109e-01
0.003,3.0,0,4,2000,fourier,2,0.12515971064567566,0,0:5.034295e-01;1:4.572172e-01;2:1.251597e-01;3:4.382709e-01
0.003,3.0,5,4,2000,fourier,6,0.08710192143917084,0,5:1.883621e-01;6:8.710192e-02;7:4.697936e-01;8:3.078854e-01
0.003,3.0,10,4,2000,fourier,12,0.04881793260574341,1,10:4.116199e-01;11:4.504172e-01;12:4.881793e-02;13:4.008001e-01
0.003,3.0,15,4,2000,fourier,17,0.3554074466228485,0,15:4.037693e-01;16:4.715715e-01;17:3.554074e-01;18:4.435020e-01
0.003,3.0,20,4,2000,fourier,20,0.06492305546998978,0,20:6.492306e-02;21:2.992258e-01;22:4.489769e-01;23:4.348966e-01
0.003,3.0,25,4,2000,fourier,25,0.004051275085657835,1,25:4.051275e-03;26:2.385702e-01;27:4.180973e-01;28:4.645624e-01
0.003,3.0,30,4,2000,fourier,33,0.3088090121746063,0,30:4.227531e-01;31:5.615943e-01;32:4.512541e-01;33:3.088090e-01
0.003,3.0,35,4,2000,fourier,37,0.07869262248277664,0,35:4.478110e-01;36:4.753174e-01;37:7.869262e-02;38:1.522984e-01
0.003,3.0,40,4,2000,fourier,40,0.09412426501512527,0,40:9.412427e-02;41:2.160432e-01;42:2.016300e-01;43:4.946001e-01
0.003,3.0,45,4,2000,fourier,47,0.08711367845535278,0,45:3.320796e-01;46:3.443414e-01;47:8.711368e-02;48:3.706616e-01
0.003,3.0,50,4,2000,fourier,52,0.06530264019966125,0,50:3.623378e-01;51:2.052608e-01;52:6.530264e-02;53:2.938282e-01
0.003,7.5,0,4,2000,fourier,2,0.10101894289255142,0,0:4.667164e-01;1:2.855075e-01;2:1.010189e-01;3:3.213343e-01
0.003,7.5,5,4,2000,fourier,6,0.03591470047831535,1,5:1.062833e-01;6:3.591470e-02;7:4.157952e-01;8:3.543739e-01
0.003,7.5,10,4,2000,fourier,12,0.03352625295519829,1,10:3.238160e-01;11:4.583934e-01;12:3.352625e-02;13:3.272540e-01
0.003,7.5,15,4,2000,fourier,17,0.19980554282665253,0,15:2.764540e-01;16:3.338227e-01;17:1.998055e-01;18:4.312859e-01
0.003,7.5,20,4,2000,fourier,21,0.1705973595380783,0,20:2.813353e-01;21:1.705974e-01;22:3.488545e-01;23:1.994145e-01
0.003,7.5,25,4,2000,fourier,26,0.184965118765831,0,25:3.210202e-01;26:1.849651e-01;27:2.755776e-01;28:2.396777e-01
0.003,7.5,30,4,2000,fourier,32,0.09737389534711838,0,30:2.625122e-01;31:3.779526e-01;32:9.737390e-02;33:1.171415e-01
0.003,7.5,35,4,2000,fourier,38,0.022725606337189674,1,35:3.771542e-01;36:1.842626e-01;37:3.415101e-01;38:2.272561e-02
0.003,7.5,40,4,2000,fourier,42,0.05640031397342682,1,40:2.396061e-01;41:2.438414e-01;42:5.640031e-02;43:4.023662e-01
0.003,7.5,45,4,2000,fourier,46,0.19157612323760986,0,45:3.176733e-01;46:1.915761e-01;47:3.068138e-01;48:5.228978e-01
0.003,7.5,50,4,2000,fourier,50,0.1818191260099411,0,50:1.818191e-01;51:2.306232e-01;52:2.927635e-01;53:1.867108e-01
0.003,15.0,0,4,2000,fourier,2,0.016534101217985153,1,0:1.389985e-01;1:1.951921e-01;2:1.653410e-02;3:2.675798e-01
0.003,15.0,5,4,2000,fourier,5,0.03120672143995762,1,5:3.120672e-02;6:3.008067e-01;7:2.278944e-01;8:2.473476e-01
0.003,15.0,10,4,2000,fourier,13,0.0355360172688961,1,10:1.635804e-01;11:6.523995e-02;12:2.110798e-01;13:3.553602e-02
0.003,15.0,15,4,2000,fourier,18,0.01108485832810402,1,15:1.565400e-01;16:2.601894e-01;17:8.825219e-02;18:1.108486e-02
0.003,15.0,20,4,2000,fourier,22,0.001249775872565806,1,20:1.997729e-02;21:5.572538e-02;22:1.249776e-03;23:1.053420e-01
0.003,15.0,25,4,2000,fourier,25,0.03484339267015457,1,25:3.484339e-02;26:1.532669e-01;27:1.802833e-01;28:1.825650e-01
0.003,15.0,30,4,2000,fourier,30,0.08627880364656448,0,30:8.627880e-02;31:2.036634e-01;32:1.368832e-01;33:1.147182e-01
0.003,15.0,35,4,2000,fourier,38,0.044243328273296356,1,35:1.747584e-01;36:9.268890e-02;37:1.634353e-01;38:4.424333e-02
0.003,15.0,40,4,2000,fourier,40,0.057821404188871384,1,40:5.782140e-02;41:7.989622e-02;42:1.979621e-01;43:3.150559e-01
0.003,15.0,45,4,2000,fourier,45,0.02306455932557583,1,45:2.306456e-02;46:4.770128e-02;47:1.434331e-01;48:1.473607e-01
0.003,15.0,50,4,2000,fourier,51,0.012233593501150608,1,50:7.739531e-02;51:1.223359e-02;52:1.119554e-01;53:2.067436e-01
0.003,30.0,0,4,2000,fourier,1,0.031265053898096085,1,0:4.776825e-02;1:3.126505e-02;2:1.062060e-01;3:1.597772e-01
0.003,30.0,5,4,2000,fourier,6,0.1234789565205574,0,5:3.571270e-01;6:1.234790e-01;7:1.565825e-01;8:2.824944e-01
0.003,30.0,10,4,2000,fourier,10,0.1173221617937088,0,10:1.173222e-01;11:3.692933e-01;12:2.838263e-01;13:1.742235e-01
0.003,30.0,15,4,2000,fourier,15,0.050616707652807236,1,15:5.061671e-02;16:4.019618e-01;17:1.498332e-01;18:1.265068e-01
0.003,30.0,20,4,2000,fourier,20,0.034926049411296844,1,20:3.492605e-02;21:3.887320e-02;22:2.455070e-01;23:5.477607e-02
0.003,30.0,25,4,2000,fourier,25,0.019995367154479027,1,25:1.999537e-02;26:2.686156e-01;27:2.279714e-01;28:2.238277e-01
0.003,30.0,30,4,2000,fourier,30,0.054827649146318436,1,30:5.482765e-02;31:1.734279e-01;32:1.875638e-01;33:2.520928e-01
0.003,30.0,35,4,2000,fourier,37,0.13510233163833618,0,35:3.493136e-01;36:2.365460e-01;37:1.351023e-01;38:2.215624e-01
0.003,30.0,40,4,2000,fourier,43,0.08937975764274597,0,40:1.070774e-01;41:9.016987e-02;42:3.312372e-01;43:8.937976e-02
0.003,30.0,45,4,2000,fourier,48,0.06948000937700272,0,45:1.424500e-01;46:2.932657e-01;47:2.321627e-01;48:6.948001e-02
0.003,30.0,50,4,2000,fourier,50,0.07334109395742416,0,50:7.334109e-02;51:1.954896e-01;52:1.085688e-01;53:1.672657e-01
0.005,0.15,0,4,2000,fourier,3,0.002385117346420884,1,0:6.965704e-03;1:1.525872e-02;2:1.964123e-02;3:2.385117e-03
0.005,0.15,5,4,2000,fourier,8,0.005450692027807236,1,5:8.254591e-02;6:3.305995e-02;7:2.624598e-01;8:5.450692e-03
0.005,0.15,10,4,2000,fourier,13,0.0159656573086977,1,10:3.480713e-02;11:6.047196e-02;12:4.979138e-02;13:1.596566e-02
0.005,0.15,15,4,2000,fourier,16,0.013414973393082619,1,15:2.400686e-01;16:1.341497e-02;17:1.120780e-01;18:4.481614e-01
0.005,0.15,20,4,2000,fourier,23,0.03159532696008682,1,20:3.870351e-02;21:8.812201e-02;22:2.007490e-01;23:3.159533e-02
0.005,0.15,25,4,2000,fourier,26,0.009242826141417027,1,25:2.700843e-02;26:9.242826e-03;27:1.270183e-01;28:1.542044e-01
0.005,0.15,30,4,2000,fourier,30,0.004048797767609358,1,30:4.048798e-03;31:4.987752e-02;32:1.333920e-01;33:3.057702e-01
0.005,0.15,35,4,2000,fourier,36,0.004121140111237764,1,35:3.071593e-02;36:4.121140e-03;37:1.004176e-01;38:1.390276e-01
0.005,0.15,40,4,2000,fourier,43,0.014440098777413368,1,40:4.769668e-02;41:4.593901e-01;42:4.123956e-02;43:1.444010e-02
0.005,0.15,45,4,2000,fourier,47,0.06824000179767609,0,45:2.903920e-01;46:7.774722e-02;47:6.824000e-02;48:3.350463e-01
0.005,0.15,50,4,2000,fourier,52,0.006380071863532066,1,50:1.751405e-01;51:3.984848e-02;52:6.380072e-03;53:8.488201e-02
0.005,0.3,0,4,2000,fourier,2,0.012632722035050392,1,0:2.290640e-02;1:7.091839e-02;2:1.263272e-02;3:1.351269e-01
0.005,0.3,5,4,2000,fourier,5,0.02787322737276554,1,5:2.787323e-02;6:5.802998e-02;7:2.260556e-01;8:1.699450e-01
0.005,0.3,10,4,2000,fourier,12,0.007986541837453842,1,10:2.325705e-01;11:3.177764e-01;12:7.986542e-03;13:1.421126e-01
0.005,0.3,15,4,2000,fourier,16,0.09897316992282867,0,15:3.129594e-01;16:9.897317e-02;17:1.724464e-01;18:2.121070e-01
0.005,0.3,20,4,2000,fourier,23,0.13632917404174805,0,20:2.292704e-01;21:2.970264e-01;22:1.532939e-01;23:1.363292e-01
0.005,0.3,25,4,2000,fourier,25,0.003981698304414749,1,25:3.981698e-03;26:9.383436e-02;27:1.887228e-01;28:2.382245e-02
0.005,0.3,30,4,2000,fourier,30,0.007099179085344076,1,30:7.099179e-03;31:1.812182e-01;32:1.406820e-01;33:8.349510e-03
0.005,0.3,35,4,2000,fourier,37,0.0027939460705965757,1,35:4.403019e-02;36:1.656750e-01;37:2.793946e-03;38:5.709849e-02
0.005,0.3,40,4,2000,fourier,42,0.026623336598277092,1,40:4.665091e-02;41:9.561119e-02;42:2.662334e-02;43:3.510210e-02
0.005,0.3,45,4,2000,fourier,47,0.0005763194640167058,1,45:1.035782e-03;46:1.836763e-01;47:5.763195e-04;48:5.729924e-02
0.005,0.3,50,4,2000,fourier,52,0.003741444321349263,1,50:2.922486e-01;51:2.722085e-02;52:3.741444e-03;53:3.719903e-01
0.005,0.6,0,4,2000,fourier,2,0.16526778042316437,0,0:3.025827e-01;1:1.778192e-01;2:1.652678e-01;3:3.531346e-01
0.005,0.6,5,4,2000,fourier,6,0.0018363387789577246,1,5:2.154874e-02;6:1.836339e-03;7:3.063695e-01;8:3.289337e-01
0.005,0.6,10,4,2000,fourier,12,0.0226817075163126,1,10:2.669422e-01;11:4.169607e-01;12:2.268171e-02;13:3.437253e-01
0.005,0.6,15,4,2000,fourier,18,0.21924978494644165,0,15:3.091571e-01;16:2.645616e-01;17:2.624423e-01;18:2.192498e-01
0.005,0.6,20,4,2000,fourier,20,0.06669067591428757,0,20:6.669068e-02;21:3.213406e-01;22:3.797143e-01;23:2.370846e-01
0.005,0.6,25,4,2000,fourier,25,0.0253855399787426,1,25:2.538554e-02;26:1.015425e-01;27:2.419946e-01;28:1.789660e-01
0.005,0.6,30,4,2000,fourier,33,0.12118883430957794,0,30:3.239217e-01;31:2.636273e-01;32:2.772041e-01;33:1.211888e-01
0.005,0.6,35,4,2000,fourier,37,0.0392957404255867,1,35:2.260140e-01;36:2.529119e-01;37:3.929574e-02;38:1.466281e-01
0.005,0.6,40,4,2000,fourier,40,0.026075752452015877,1,40:2.607575e-02;41:2.633972e-01;42:4.761438e-02;43:2.619742e-01
0.005,0.6,45,4,2000,fourier,45,0.0485396683216095,1,45:4.853967e-02;46:1.639541e-01;47:1.331502e-01;48:1.656197e-01
0.005,0.6,50,4,2000,fourier,51,0.18885798752307892,0,50:3.424398e-01;51:1.888580e-01;52:2.934106e-01;53:2.131928e-01
0.005,1.5,0,4,2000,fourier,2,0.36174264550209045,0,0:4.120676e-01;1:3.734173e-01;2:3.617426e-01;3:4.085911e-01
0.005,1.5,5,4,2000,fourier,5,0.1410643756389618,0,5:1.410644e-01;6:2.281795e-01;7:4.727200e-01;8:4.218950e-01
0.005,1.5,10,4,2000,fourier,10,0.13257335126399994,0,10:1.325734e-01;11:5.180556e-01;12:1.895349e-01;13:4.165604e-01
0.005,1.5,15,4,2000,fourier,15,0.1818748563528061,0,15:1.818749e-01;16:4.721725e-01;17:4.171308e-01;18:4.984581e-01
0.005,1.5,20,4,2000,fourier,20,0.06253611296415329,0,20:6.253611e-02;21:3.151104e-01;22:4.722766e-01;23:2.981780e-01
0.005,1.5,25,4,2000,fourier,28,0.09010027348995209,0,25:1.259730e-01;26:1.584018e-01;27:3.619733e-01;28:9.010027e-02
0.005,1.5,30,4,2000,fourier,33,0.2766557037830353,0,30:4.485134e-01;31:4.944080e-01;32:3.031296e-01;33:2.766557e-01
0.005,1.5,35,4,2000,fourier,37,0.05627851188182831,1,35:4.271631e-01;36:3.066414e-01;37:5.627851e-02;38:2.464603e-01
0.005,1.5,40,4,2000,fourier,40,0.10264752805233002,0,40:1.026475e-01;41:3.313320e-01;42:1.806130e-01;43:5.117764e-01
0.005,1.5,45,4,2000,fourier,47,0.0490080900490284,1,45:1.857382e-01;46:4.081819e-01;47:4.900809e-02;48:2.195391e-01
0.005,1.5,50,4,2000,fourier,52,0.13645663857460022,0,50:4.693660e-01;51:2.109375e-01;52:1.364566e-01;53:3.886511e-01
0.005,3.0,0,4,2000,fourier,2,0.07243708521127701,0,0:5.194448e-01;1:4.882910e-01;2:7.243709e-02;3:4.088270e-01
0.005,3.0,5,4,2000,fourier,6,0.09419674426317215,0,5:2.014069e-01;6:9.419674e-02;7:5.039195e-01;8:3.130886e-01
0.005,3.0,10,4,2000,fourier,12,0.016052991151809692,1,10:4.185156e-01;11:4.590176e-01;12:1.605299e-02;13:4.540179e-01
0.005,3.0,15,4,2000,fourier,17,0.3451105058193207,0,15:4.047235e-01;16:4.886423e-01;17:3.451105e-01;18:4.641345e-01
0.005,3.0,20,4,2000,fourier,20,0.03575023636221886,1,20:3.575024e-02;21:3.252784e-01;22:4.841611e-01;23:4.262800e-01
0.005,3.0,25,4,2000,fourier,26,0.041963573545217514,1,25:4.886816e-02;26:4.196357e-02;27:4.194352e-01;28:4.391107e-01
0.005,3.0,30,4,2000,fourier,33,0.31404605507850647,0,30:4.509045e-01;31:5.799179e-01;32:4.967431e-01;33:3.140461e-01
0.005,3.0,35,4,2000,fourier,37,0.08655518293380737,0,35:4.678537e-01;36:4.904946e-01;37:8.655518e-02;38:1.343705e-01
0.005,3.0,40,4,2000,fourier,42,0.1919242888689041,0,40:2.132650e-01;41:1.949605e-01;42:1.919243e-01;43:5.428634e-01
0.005,3.0,45,4,2000,fourier,47,0.036103345453739166,1,45:3.416529e-01;46:3.109680e-01;47:3.610335e-02;48:3.949586e-01
0.005,3.0,50,4,2000,fourier,52,0.0680893212556839,0,50:3.430803e-01;51:1.738333e-01;52:6.808932e-02;53:2.958320e-01
0.005,7.5,0,4,2000,fourier,2,0.0480978824198246,1,0:4.593946e-01;1:2.647695e-01;2:4.809788e-02;3:2.674206e-01
0.005,7.5,5,4,2000,fourier,6,0.0890863686800003,0,5:1.025691e-01;6:8.908637e-02;7:3.230940e-01;8:2.683643e-01
0.005,7.5,10,4,2000,fourier,12,0.001028089551255107,1,10:3.175289e-01;11:4.080278e-01;12:1.028090e-03;13:3.068474e-01
0.005,7.5,15,4,2000,fourier,15,0.20547659695148468,0,15:2.054766e-01;16:3.067858e-01;17:2.460002e-01;18:3.513823e-01
0.005,7.5,20,4,2000,fourier,21,0.013279889710247517,1,20:2.646444e-01;21:1.327989e-02;22:3.210258e-01;23:1.833322e-01
0.005,7.5,25,4,2000,fourier,26,0.009204929694533348,1,25:2.121490e-01;26:9.204930e-03;27:2.879500e-01;28:2.578386e-01
0.005,7.5,30,4,2000,fourier,32,0.10967421531677246,0,30:2.970498e-01;31:3.512535e-01;32:1.096742e-01;33:1.467917e-01
0.005,7.5,35,4,2000,fourier,38,0.01461728010326624,1,35:3.606086e-01;36:3.479263e-02;37:3.414583e-01;38:1.461728e-02
0.005,7.5,40,4,2000,fourier,42,0.039323486387729645,1,40:2.190013e-01;41:1.105161e-01;42:3.932349e-02;43:3.541362e-01
0.005,7.5,45,4,2000,fourier,46,0.11252367496490479,0,45:3.477364e-01;46:1.125237e-01;47:3.092157e-01;48:5.212796e-01
0.005,7.5,50,4,2000,fourier,50,0.05837409943342209,1,50:5.837410e-02;51:1.613277e-01;52:2.514922e-01;53:1.119867e-01
0.005,15.0,0,4,2000,fourier,2,0.02966378815472126,1,0:1.396674e-01;1:9.744677e-02;2:2.966379e-02;3:2.298952e-01
0.005,15.0,5,4,2000,fourier,5,0.04066624864935875,1,5:4.066625e-02;6:2.544847e-01;7:1.588457e-01;8:1.834824e-01
0.005,15.0,10,4,2000,fourier,13,0.019201165065169334,1,10:2.062584e-01;11:4.548449e-02;12:1.174363e-01;13:1.920117e-02
0.005,15.0,15,4,2000,fourier,18,0.048588067293167114,1,15:1.281055e-01;16:1.558111e-01;17:1.091673e-01;18:4.858807e-02
0.005,15.0,20,4,2000,fourier,22,0.0040086363442242146,1,20:2.293658e-02;21:9.012817e-02;22:4.008636e-03;23:1.255689e-01
0.005,15.0,25,4,2000,fourier,28,0.03139227256178856,1,25:7.323018e-02;26:2.323802e-01;27:1.335948e-01;28:3.139227e-02
0.005,15.0,30,4,2000,fourier,32,0.043064504861831665,1,30:4.850612e-02;31:7.111595e-02;32:4.306450e-02;33:1.069610e-01
0.005,15.0,35,4,2000,fourier,38,0.012413447722792625,1,35:1.087809e-01;36:9.155487e-02;37:1.316048e-01;38:1.241345e-02
0.005,15.0,40,4,2000,fourier,42,0.05699383467435837,1,40:8.533849e-02;41:7.793771e-02;42:5.699383e-02;43:1.471614e-01
0.005,15.0,45,4,2000,fourier,46,0.01706012710928917,1,45:2.711595e-02;46:1.706013e-02;47:8.895044e-02;48:1.131244e-01
0.005,15.0,50,4,2000,fourier,50,0.003768966533243656,1,50:3.768967e-03;51:1.107072e-01;52:9.825636e-02;53:7.520501e-02
0.005,30.0,0,4,2000,fourier,0,0.07028083503246307,0,0:7.028084e-02;1:3.139237e-01;2:9.774091e-02;3:2.166044e-01
0.005,30.0,5,4,2000,fourier,6,0.10423120856285095,0,5:3.207700e-01;6:1.042312e-01;7:1.364531e-01;8:3.766897e-01
0.005,30.0,10,4,2000,fourier,13,0.11799636483192444,0,10:1.231278e-01;11:3.773743e-01;12:2.098722e-01;13:1.179964e-01
0.005,30.0,15,4,2000,fourier,17,0.06871774792671204,0,15:9.951592e-02;16:3.790045e-01;17:6.871775e-02;18:7.740934e-02
0.005,30.0,20,4,2000,fourier,20,0.19260312616825104,0,20:1.926031e-01;21:2.042591e-01;22:2.976803e-01;23:2.504271e-01
0.005,30.0,25,4,2000,fourier,28,0.12813572585582733,0,25:1.913292e-01;26:3.004033e-01;27:2.624118e-01;28:1.281357e-01
0.005,30.0,30,4,2000,fourier,32,0.04015835002064705,1,30:1.072353e-01;31:3.489619e-01;32:4.015835e-02;33:1.506456e-01
0.005,30.0,35,4,2000,fourier,36,0.19590350985527039,0,35:3.746572e-01;36:1.959035e-01;37:2.962351e-01;38:3.369384e-01
0.005,30.0,40,4,2000,fourier,41,0.16941745579242706,0,40:1.727081e-01;41:1.694175e-01;42:3.292610e-01;43:3.069254e-01
0.005,30.0,45,4,2000,fourier,48,0.06354741752147675,0,45:1.446541e-01;46:3.187752e-01;47:2.421032e-01;48:6.354742e-02
0.005,30.0,50,4,2000,fourier,50,0.0564412921667099,1,50:5.644129e-02;51:2.176616e-01;52:2.607855e-01;53:1.885991e-01
0.01,0.15,0,4,2000,fourier,1,0.000687076651956886,1,0:7.383621e-02;1:6.870767e-04;2:1.502881e-01;3:7.890432e-02
0.01,0.15,5,4,2000,fourier,6,0.01109760906547308,1,5:7.410757e-02;6:1.109761e-02;7:3.153419e-01;8:3.842976e-02
0.01,0.15,10,4,2000,fourier,10,0.0016623497940599918,1,10:1.662350e-03;11:2.989402e-01;12:1.070712e-02;13:2.326073e-01
0.01,0.15,15,4,2000,fourier,17,0.007505346555262804,1,15:2.066229e-01;16:1.644907e-01;17:7.505347e-03;18:1.066836e-01
0.01,0.15,20,4,2000,fourier,21,0.0029739055316895247,1,20:8.480229e-03;21:2.973906e-03;22:3.091911e-01;23:9.037509e-02
0.01,0.15,25,4,2000,fourier,25,0.0072325291112065315,1,25:7.232529e-03;26:7.439881e-02;27:9.724055e-02;28:1.659945e-01
0.01,0.15,30,4,2000,fourier,33,0.004595785867422819,1,30:2.238870e-01;31:1.678222e-01;32:2.967617e-01;33:4.595786e-03
0.01,0.15,35,4,2000,fourier,38,0.010967438109219074,1,35:1.117348e-01;36:2.430796e-02;37:4.439136e-02;38:1.096744e-02
0.01,0.15,40,4,2000,fourier,40,0.0052191694267094135,1,40:5.219169e-03;41:1.639028e-01;42:1.290552e-01;43:1.672650e-01
0.01,0.15,45,4,2000,fourier,45,0.008692355826497078,1,45:8.692356e-03;46:1.728413e-02;47:9.781948e-02;48:1.224076e-01
0.01,0.15,50,4,2000,fourier,50,0.0028199153020977974,1,50:2.819915e-03;51:2.474696e-01;52:1.805655e-02;53:3.510614e-01
0.01,0.3,0,4,2000,fourier,0,0.08985915035009384,0,0:8.985915e-02;1:3.347112e-01;2:1.499842e-01;3:3.731292e-01
0.01,0.3,5,4,2000,fourier,6,0.10333206504583359,0,5:1.270509e-01;6:1.033321e-01;7:2.854759e-01;8:2.778245e-01
0.01,0.3,10,4,2000,fourier,10,0.22278158366680145,0,10:2.227816e-01;11:3.823627e-01;12:3.106418e-01;13:3.006559e-01
0.01,0.3,15,4,2000,fourier,16,0.13866837322711945,0,15:3.618018e-01;16:1.386684e-01;17:2.758138e-01;18:3.340571e-01
0.01,0.3,20,4,2000,fourier,20,0.08587730675935745,0,20:8.587731e-02;21:2.689135e-01;22:3.352800e-01;23:3.337377e-01
0.01,0.3,25,4,2000,fourier,26,0.03297701105475426,1,25:1.356467e-01;26:3.297701e-02;27:3.004555e-01;28:1.498693e-01
0.01,0.3,30,4,2000,fourier,33,0.2007945328950882,0,30:3.179838e-01;31:2.629809e-01;32:2.431479e-01;33:2.007945e-01
0.01,0.3,35,4,2000,fourier,37,0.015481078997254372,1,35:3.387357e-01;36:7.822128e-02;37:1.548108e-02;38:9.615774e-02
0.01,0.3,40,4,2000,fourier,42,0.0027938855346292257,1,40:3.661720e-02;41:2.379057e-01;42:2.793886e-03;43:2.436358e-01
0.01,0.3,45,4,2000,fourier,47,0.0007642233395017684,1,45:1.711238e-02;46:6.803066e-02;47:7.642233e-04;48:1.095691e-01
0.01,0.3,50,4,2000,fourier,52,0.07325570285320282,0,50:2.892854e-01;51:1.654544e-01;52:7.325570e-02;53:3.752857e-01
0.01,0.6,0,4,2000,fourier,2,0.19740110635757446,0,0:3.419634e-01;1:2.169764e-01;2:1.974011e-01;3:3.346575e-01
0.01,0.6,5,4,2000,fourier,5,0.0009544315398670733,1,5:9.544315e-04;6:1.119460e-01;7:3.773508e-01;8:3.959731e-01
0.01,0.6,10,4,2000,fourier,12,0.30610617995262146,0,10:3.418781e-01;11:4.526228e-01;12:3.061062e-01;13:4.053763e-01
0.01,0.6,15,4,2000,fourier,15,0.18175674974918365,0,15:1.817567e-01;16:3.444035e-01;17:2.862099e-01;18:3.532614e-01
0.01,0.6,20,4,2000,fourier,20,0.05044325813651085,1,20:5.044326e-02;21:2.989802e-01;22:3.647327e-01;23:2.787413e-01
0.01,0.6,25,4,2000,fourier,25,0.018372541293501854,1,25:1.837254e-02;26:7.188297e-02;27:3.362191e-01;28:1.426717e-01
0.01,0.6,30,4,2000,fourier,33,0.16929668188095093,0,30:4.336382e-01;31:3.408846e-01;32:2.439847e-01;33:1.692967e-01
0.01,0.6,35,4,2000,fourier,37,0.004187537357211113,1,35:1.949406e-01;36:2.654126e-01;37:4.187537e-03;38:1.836420e-01
0.01,0.6,40,4,2000,fourier,42,0.08491980284452438,0,40:2.068672e-01;41:3.091469e-01;42:8.491980e-02;43:3.229902e-01
0.01,0.6,45,4,2000,fourier,45,0.13721436262130737,0,45:1.372144e-01;46:3.530799e-01;47:2.400342e-01;48:2.882714e-01
0.01,0.6,50,4,2000,fourier,52,0.2159227430820465,0,50:3.712323e-01;51:2.237472e-01;52:2.159227e-01;53:2.530376e-01
0.01,1.5,0,4,2000,fourier,2,0.3513543903827667,0,0:4.170709e-01;1:3.597975e-01;2:3.513544e-01;3:3.940082e-01
0.01,1.5,5,4,2000,fourier,5,0.19487693905830383,0,5:1.948769e-01;6:2.241194e-01;7:5.065818e-01;8:4.290407e-01
0.01,1.5,10,4,2000,fourier,12,0.10920096188783646,0,10:1.684380e-01;11:5.493819e-01;12:1.092010e-01;13:4.212730e-01
0.01,1.5,15,4,2000,fourier,15,0.1637430638074875,0,15:1.637431e-01;16:5.420448e-01;17:4.593144e-01;18:5.245591e-01
0.01,1.5,20,4,2000,fourier,20,0.09816748648881912,0,20:9.816749e-02;21:3.576712e-01;22:5.048879e-01;23:3.531018e-01
0.01,1.5,25,4,2000,fourier,28,0.07670246809720993,0,25:1.567573e-01;26:1.547605e-01;27:3.818228e-01;28:7.670247e-02
0.01,1.5,30,4,2000,fourier,33,0.2546365261077881,0,30:4.822810e-01;31:5.054069e-01;32:4.081448e-01;33:2.546365e-01
0.01,1.5,35,4,2000,fourier,37,0.152437224984169,0,35:4.619339e-01;36:3.644782e-01;37:1.524372e-01;38:2.332858e-01
0.01,1.5,40,4,2000,fourier,40,0.11615161597728729,0,40:1.161516e-01;41:3.193853e-01;42:1.916144e-01;43:5.494960e-01
0.01,1.5,45,4,2000,fourier,47,0.0851043239235878,0,45:2.481654e-01;46:4.281115e-01;47:8.510432e-02;48:2.619743e-01
0.01,1.5,50,4,2000,fourier,52,0.13480347394943237,0,50:5.107272e-01;51:1.636015e-01;52:1.348035e-01;53:4.214202e-01
0.01,3.0,0,4,2000,fourier,2,0.22275182604789734,0,0:5.217330e-01;1:4.621401e-01;2:2.227518e-01;3:3.909052e-01
0.01,3.0,5,4,2000,fourier,6,0.09354972094297409,0,5:1.514496e-01;6:9.354972e-02;7:4.995655e-01;8:2.912841e-01
0.01,3.0,10,4,2000,fourier,12,0.19713102281093597,0,10:4.718771e-01;11:4.939776e-01;12:1.971310e-01;13:5.030841e-01
0.01,3.0,15,4,2000,fourier,15,0.3498011529445648,0,15:3.498012e-01;16:4.445033e-01;17:3.961212e-01;18:4.784548e-01
0.01,3.0,20,4,2000,fourier,20,0.10146045684814453,0,20:1.014605e-01;21:3.755271e-01;22:5.052633e-01;23:2.925302e-01
0.01,3.0,25,4,2000,fourier,25,0.022829726338386536,1,25:2.282973e-02;26:1.862648e-01;27:4.077794e-01;28:3.285953e-01
0.01,3.0,30,4,2000,fourier,33,0.2346850484609604,0,30:4.758095e-01;31:5.796628e-01;32:4.850185e-01;33:2.346850e-01
0.01,3.0,35,4,2000,fourier,38,0.09380120038986206,0,35:4.667199e-01;36:3.804700e-01;37:1.272934e-01;38:9.380120e-02
0.01,3.0,40,4,2000,fourier,42,0.05448956787586212,1,40:1.949440e-01;41:1.942270e-01;42:5.448957e-02;43:5.458738e-01
0.01,3.0,45,4,2000,fourier,46,0.091302290558815,0,45:1.018324e-01;46:9.130229e-02;47:1.978027e-01;48:4.292463e-01
0.01,3.0,50,4,2000,fourier,52,0.05242675915360451,1,50:2.870440e-01;51:2.423524e-01;52:5.242676e-02;53:2.752765e-01
0.01,7.5,0,4,2000,fourier,2,0.0010016165906563401,1,0:3.380333e-01;1:1.383006e-01;2:1.001617e-03;3:1.532375e-01
0.01,7.5,5,4,2000,fourier,5,0.02507292479276657,1,5:2.507292e-02;6:6.917359e-02;7:2.383663e-01;8:2.160612e-01
0.01,7.5,10,4,2000,fourier,12,0.002382709411904216,1,10:2.066385e-01;11:3.105631e-01;12:2.382709e-03;13:2.126605e-01
0.01,7.5,15,4,2000,fourier,15,0.10902737826108932,0,15:1.090274e-01;16:2.142455e-01;17:2.441969e-01;18:2.703086e-01
0.01,7.5,20,4,2000,fourier,23,0.036223478615283966,1,20:2.010963e-01;21:1.274304e-01;22:1.952963e-01;23:3.622348e-02
0.01,7.5,25,4,2000,fourier,26,0.013087787665426731,1,25:2.396696e-01;26:1.308779e-02;27:1.873047e-01;28:1.317140e-01
0.01,7.5,30,4,2000,fourier,32,0.026188401505351067,1,30:1.394476e-01;31:2.146088e-01;32:2.618840e-02;33:6.816477e-02
0.01,7.5,35,4,2000,fourier,38,0.0016739043639972806,1,35:2.664326e-01;36:2.503449e-02;37:2.088159e-01;38:1.673904e-03
0.01,7.5,40,4,2000,fourier,41,0.020910091698169708,1,40:1.075464e-01;41:2.091009e-02;42:9.078167e-02;43:2.926037e-01
0.01,7.5,45,4,2000,fourier,46,0.09386907517910004,0,45:2.168291e-01;46:9.386908e-02;47:1.341792e-01;48:4.140761e-01
0.01,7.5,50,4,2000,fourier,50,0.004318430088460445,1,50:4.318430e-03;51:1.144705e-01;52:8.667954e-02;53:6.382595e-02
0.01,15.0,0,4,2000,fourier,2,0.020276382565498352,1,0:1.249933e-01;1:1.418523e-01;2:2.027638e-02;3:2.851286e-01
0.01,15.0,5,4,2000,fourier,7,0.10785287618637085,0,5:1.595508e-01;6:1.725114e-01;7:1.078529e-01;8:2.003235e-01
0.01,15.0,10,4,2000,fourier,13,0.041360680013895035,1,10:2.661179e-01;11:9.625237e-02;12:1.348473e-01;13:4.136068e-02
0.01,15.0,15,4,2000,fourier,18,0.030115779489278793,1,15:1.379832e-01;16:6.503223e-02;17:9.276727e-02;18:3.011578e-02
0.01,15.0,20,4,2000,fourier,22,0.03548023849725723,1,20:6.203184e-02;21:1.074449e-01;22:3.548024e-02;23:1.486815e-01
0.01,15.0,25,4,2000,fourier,28,0.01880585215985775,1,25:6.008089e-02;26:4.209987e-02;27:3.619211e-02;28:1.880585e-02
0.01,15.0,30,4,2000,fourier,32,0.019059468060731888,1,30:5.608192e-02;31:1.143813e-01;32:1.905947e-02;33:4.648770e-02
0.01,15.0,35,4,2000,fourier,35,0.026961036026477814,1,35:2.696104e-02;36:4.275484e-02;37:4.972652e-02;38:3.149031e-02
0.01,15.0,40,4,2000,fourier,41,0.02185986191034317,1,40:5.095793e-02;41:2.185986e-02;42:2.811295e-02;43:4.574091e-01
0.01,15.0,45,4,2000,fourier,48,0.04617023840546608,1,45:5.094291e-02;46:1.437248e-01;47:6.860998e-02;48:4.617024e-02
0.01,15.0,50,4,2000,fourier,50,0.007710541132837534,1,50:7.710541e-03;51:2.780595e-01;52:2.093904e-01;53:2.411055e-01
0.01,30.0,0,4,2000,fourier,3,0.13382816314697266,0,0:3.480310e-01;1:2.081541e-01;2:1.779540e-01;3:1.338282e-01
0.01,30.0,5,4,2000,fourier,7,0.14991234242916107,0,5:4.205344e-01;6:3.656300e-01;7:1.499123e-01;8:3.764564e-01
0.01,30.0,10,4,2000,fourier,10,0.0980241671204567,0,10:9.802417e-02;11:2.089521e-01;12:3.416502e-01;13:2.647512e-01
0.01,30.0,15,4,2000,fourier,17,0.07888393849134445,0,15:2.298189e-01;16:4.569045e-01;17:7.888394e-02;18:1.726621e-01
0.01,30.0,20,4,2000,fourier,21,0.15071801841259003,0,20:3.137238e-01;21:1.507180e-01;22:3.313195e-01;23:5.651331e-01
0.01,30.0,25,4,2000,fourier,27,0.18889190256595612,0,25:2.052046e-01;26:3.738451e-01;27:1.888919e-01;28:2.044375e-01
0.01,30.0,30,4,2000,fourier,30,0.17634621262550354,0,30:1.763462e-01;31:2.755905e-01;32:2.580673e-01;33:2.267683e-01
0.01,30.0,35,4,2000,fourier,36,0.1419307142496109,0,35:3.250937e-01;36:1.419307e-01;37:2.899497e-01;38:5.634046e-01
0.01,30.0,40,4,2000,fourier,42,0.33305466175079346,0,40:3.856473e-01;41:5.352762e-01;42:3.330547e-01;43:5.207734e-01
0.01,30.0,45,4,2000,fourier,45,0.1797259896993637,0,45:1.797260e-01;46:2.504781e-01;47:1.913242e-01;48:2.763488e-01
0.01,30.0,50,4,2000,fourier,53,0.19732150435447693,0,50:2.019263e-01;51:2.219653e-01;52:3.121426e-01;53:1.973215e-01
0.03,0.15,0,4,2000,fourier,0,0.11361746490001678,0,0:1.136175e-01;1:2.730231e-01;2:1.224587e-01;3:2.041116e-01
0.03,0.15,5,4,2000,fourier,6,0.001941060065291822,1,5:6.900477e-02;6:1.941060e-03;7:2.511037e-01;8:2.000115e-01
0.03,0.15,10,4,2000,fourier,13,0.00021785468561574817,1,10:2.195186e-01;11:3.265176e-01;12:1.929341e-01;13:2.178547e-04
0.03,0.15,15,4,2000,fourier,16,0.15415914356708527,0,15:1.596866e-01;16:1.541591e-01;17:2.284169e-01;18:2.231173e-01
0.03,0.15,20,4,2000,fourier,20,0.13848283886909485,0,20:1.384828e-01;21:2.651101e-01;22:2.492224e-01;23:1.891744e-01
0.03,0.15,25,4,2000,fourier,26,0.006639246363192797,1,25:9.269359e-02;26:6.639246e-03;27:1.314427e-01;28:9.985024e-03
0.03,0.15,30,4,2000,fourier,32,0.015366772189736366,1,30:1.021917e-01;31:3.958898e-01;32:1.536677e-02;33:1.433949e-01
0.03,0.15,35,4,2000,fourier,37,0.00283823418430984,1,35:2.372074e-01;36:1.335722e-01;37:2.838234e-03;38:4.477847e-02
0.03,0.15,40,4,2000,fourier,40,0.013584006577730179,1,40:1.358401e-02;41:6.131651e-02;42:1.896402e-02;43:2.199210e-01
0.03,0.15,45,4,2000,fourier,46,0.001599266193807125,1,45:5.042004e-03;46:1.599266e-03;47:5.386252e-02;48:6.836497e-02
0.03,0.15,50,4,2000,fourier,52,0.045343413949012756,1,50:1.738171e-01;51:1.256677e-01;52:4.534341e-02;53:1.604688e-01
0.03,0.3,0,4,2000,fourier,2,0.25852203369140625,0,0:3.190981e-01;1:3.724793e-01;2:2.585220e-01;3:3.079218e-01
0.03,0.3,5,4,2000,fourier,5,0.02857908234000206,1,5:2.857908e-02;6:8.246640e-02;7:3.448648e-01;8:3.301153e-01
0.03,0.3,10,4,2000,fourier,12,0.22693391144275665,0,10:2.604600e-01;11:3.056876e-01;12:2.269339e-01;13:2.583573e-01
0.03,0.3,15,4,2000,fourier,16,0.18618284165859222,0,15:2.169106e-01;16:1.861828e-01;17:2.177366e-01;18:2.500961e-01
0.03,0.3,20,4,2000,fourier,20,0.0046419790014624596,1,20:4.641979e-03;21:2.057093e-01;22:3.354644e-01;23:2.845474e-01
0.03,0.3,25,4,2000,fourier,25,0.04285711795091629,1,25:4.285712e-02;26:1.410906e-01;27:3.061412e-01;28:2.239624e-01
0.03,0.3,30,4,2000,fourier,33,0.22126571834087372,0,30:3.321181e-01;31:2.919865e-01;32:2.546470e-01;33:2.212657e-01
0.03,0.3,35,4,2000,fourier,38,0.0036602525506168604,1,35:2.513478e-01;36:1.991851e-01;37:6.070242e-02;38:3.660253e-03
0.03,0.3,40,4,2000,fourier,40,0.028283938765525818,1,40:2.828394e-02;41:1.722025e-01;42:1.081458e-01;43:2.789231e-01
0.03,0.3,45,4,2000,fourier,45,0.041961442679166794,1,45:4.196144e-02;46:2.744866e-01;47:1.249878e-01;48:1.485733e-01
0.03,0.3,50,4,2000,fourier,52,0.12691867351531982,0,50:2.553749e-01;51:2.003067e-01;52:1.269187e-01;53:1.271782e-01
0.03,0.6,0,4,2000,fourier,2,0.17870371043682098,0,0:3.310549e-01;1:1.972805e-01;2:1.787037e-01;3:3.081211e-01
0.03,0.6,5,4,2000,fourier,5,0.17073050141334534,0,5:1.707305e-01;6:1.874015e-01;7:3.710503e-01;8:4.008788e-01
0.03,0.6,10,4,2000,fourier,12,0.20627720654010773,0,10:2.407034e-01;11:3.917286e-01;12:2.062772e-01;13:4.103854e-01
0.03,0.6,15,4,2000,fourier,17,0.2341647446155548,0,15:2.678744e-01;16:2.858751e-01;17:2.341647e-01;18:4.530396e-01
0.03,0.6,20,4,2000,fourier,20,0.05067351087927818,1,20:5.067351e-02;21:2.038791e-01;22:4.757516e-01;23:2.861968e-01
0.03,0.6,25,4,2000,fourier,28,0.11246426403522491,0,25:1.251661e-01;26:1.739836e-01;27:2.294689e-01;28:1.124643e-01
0.03,0.6,30,4,2000,fourier,32,0.18343693017959595,0,30:4.593465e-01;31:3.538432e-01;32:1.834369e-01;33:2.711523e-01
0.03,0.6,35,4,2000,fourier,37,0.08119390159845352,0,35:2.208469e-01;36:1.998618e-01;37:8.119390e-02;38:1.247429e-01
0.03,0.6,40,4,2000,fourier,40,0.07600531727075577,0,40:7.600532e-02;41:3.466649e-01;42:1.652065e-01;43:3.388284e-01
0.03,0.6,45,4,2000,fourier,45,0.032103829085826874,1,45:3.210383e-02;46:2.987242e-01;47:2.805584e-01;48:1.926341e-01
0.03,0.6,50,4,2000,fourier,52,0.02683914080262184,1,50:3.823659e-01;51:1.770818e-01;52:2.683914e-02;53:3.451164e-01
0.03,1.5,0,4,2000,fourier,1,0.2981823980808258,0,0:4.300711e-01;1:2.981824e-01;2:3.157446e-01;3:4.314434e-01
0.03,1.5,5,4,2000,fourier,6,0.005374656990170479,1,5:3.743784e-02;6:5.374657e-03;7:4.799356e-01;8:3.988772e-01
0.03,1.5,10,4,2000,fourier,12,0.060990720987319946,0,10:3.754631e-01;11:5.213838e-01;12:6.099072e-02;13:3.406044e-01
0.03,1.5,15,4,2000,fourier,15,0.2896524965763092,0,15:2.896525e-01;16:4.967281e-01;17:3.655053e-01;18:5.195305e-01
0.03,1.5,20,4,2000,fourier,20,0.03088453598320484,1,20:3.088454e-02;21:1.570770e-01;22:5.280620e-01;23:2.962174e-01
0.03,1.5,25,4,2000,fourier,25,0.021185483783483505,1,25:2.118548e-02;26:1.353432e-01;27:3.855708e-01;28:3.468638e-01
0.03,1.5,30,4,2000,fourier,33,0.1864030808210373,0,30:4.916525e-01;31:5.301448e-01;32:4.290417e-01;33:1.864031e-01
0.03,1.5,35,4,2000,fourier,38,0.07362504303455353,0,35:5.317702e-01;36:3.382560e-01;37:1.752979e-01;38:7.362504e-02
0.03,1.5,40,4,2000,fourier,42,0.010715417563915253,1,40:4.981714e-02;41:2.866811e-01;42:1.071542e-02;43:5.259265e-01
0.03,1.5,45,4,2000,fourier,47,0.1397465169429779,0,45:1.549022e-01;46:3.576075e-01;47:1.397465e-01;48:2.497692e-01
0.03,1.5,50,4,2000,fourier,52,0.0012721022358164191,1,50:4.531206e-01;51:6.414892e-02;52:1.272102e-03;53:3.701056e-01
0.03,3.0,0,4,2000,fourier,2,0.26822569966316223,0,0:3.681813e-01;1:2.963839e-01;2:2.682257e-01;3:3.098496e-01
0.03,3.0,5,4,2000,fourier,5,0.034543223679065704,1,5:3.454322e-02;6:1.354461e-01;7:3.473260e-01;8:2.559552e-01
0.03,3.0,10,4,2000,fourier,12,0.15545400977134705,0,10:3.866892e-01;11:4.008109e-01;12:1.554540e-01;13:2.469583e-01
0.03,3.0,15,4,2000,fourier,15,0.11696696281433105,0,15:1.169670e-01;16:3.089413e-01;17:3.015356e-01;18:3.423488e-01
0.03,3.0,20,4,2000,fourier,20,0.02539423108100891,1,20:2.539423e-02;21:1.881858e-01;22:4.684507e-01;23:1.195864e-01
0.03,3.0,25,4,2000,fourier,26,0.04373835399746895,1,25:1.316493e-01;26:4.373835e-02;27:3.888436e-01;28:3.031813e-01
0.03,3.0,30,4,2000,fourier,33,0.1801927089691162,0,30:3.675976e-01;31:4.704701e-01;32:3.753802e-01;33:1.801927e-01
0.03,3.0,35,4,2000,fourier,36,0.07134661078453064,0,35:4.334055e-01;36:7.134661e-02;37:2.277407e-01;38:9.213912e-02
0.03,3.0,40,4,2000,fourier,40,0.00331420567817986,1,40:3.314206e-03;41:1.841023e-01;42:1.148466e-01;43:3.771440e-01
0.03,3.0,45,4,2000,fourier,46,0.0010277869878336787,1,45:5.385685e-02;46:1.027787e-03;47:2.521231e-01;48:2.242246e-01
0.03,3.0,50,4,2000,fourier,50,0.020567724481225014,1,50:2.056772e-02;51:6.618947e-02;52:1.128681e-01;53:1.423232e-01
0.03,7.5,0,4,2000,fourier,1,0.014476951211690903,1,0:3.175069e-02;1:1.447695e-02;2:4.574117e-02;3:1.005912e-01
0.03,7.5,5,4,2000,fourier,5,0.01170303113758564,1,5:1.170303e-02;6:1.181744e-01;7:3.884702e-02;8:1.026870e-01
0.03,7.5,10,4,2000,fourier,13,0.01904946193099022,1,10:4.781519e-02;11:5.263369e-02;12:4.597399e-02;13:1.904946e-02
0.03,7.5,15,4,2000,fourier,16,0.05971429869532585,1,15:7.901671e-02;16:5.971430e-02;17:1.373292e-01;18:6.511217e-02
0.03,7.5,20,4,2000,fourier,21,0.039482176303863525,1,20:8.392961e-02;21:3.948218e-02;22:5.542951e-02;23:5.383950e-02
0.03,7.5,25,4,2000,fourier,27,0.01684550568461418,1,25:7.453936e-02;26:4.390646e-02;27:1.684551e-02;28:1.314057e-01
0.03,7.5,30,4,2000,fourier,32,0.015583425760269165,1,30:6.314651e-02;31:1.022168e-01;32:1.558343e-02;33:3.312338e-02
0.03,7.5,35,4,2000,fourier,37,0.00814123172312975,1,35:9.944807e-03;36:1.721084e-02;37:8.141232e-03;38:2.134650e-02
0.03,7.5,40,4,2000,fourier,40,0.036538269370794296,1,40:3.653827e-02;41:4.688136e-02;42:7.440637e-02;43:1.813951e-01
0.03,7.5,45,4,2000,fourier,46,0.03626427426934242,1,45:2.099342e-01;46:3.626427e-02;47:7.237972e-02;48:1.542702e-01
0.03,7.5,50,4,2000,fourier,52,0.013929398730397224,1,50:5.988505e-02;51:2.044531e-02;52:1.392940e-02;53:9.940398e-02
0.03,15.0,0,4,2000,fourier,2,0.06994461268186569,0,0:1.180210e-01;1:9.621949e-02;2:6.994461e-02;3:1.999473e-01
0.03,15.0,5,4,2000,fourier,6,0.20964819192886353,0,5:2.394253e-01;6:2.096482e-01;7:4.520667e-01;8:3.233005e-01
0.03,15.0,10,4,2000,fourier,13,0.08291202038526535,0,10:1.632345e-01;11:1.828124e-01;12:1.386410e-01;13:8.291202e-02
0.03,15.0,15,4,2000,fourier,15,0.07683233916759491,0,15:7.683234e-02;16:8.531085e-02;17:2.213815e-01;18:2.293747e-01
0.03,15.0,20,4,2000,fourier,22,0.07154367119073868,0,20:2.486212e-01;21:1.698825e-01;22:7.154367e-02;23:1.522335e-01
0.03,15.0,25,4,2000,fourier,27,0.12164638191461563,0,25:1.430928e-01;26:4.844899e-01;27:1.216464e-01;28:1.497594e-01
0.03,15.0,30,4,2000,fourier,30,0.10782117396593094,0,30:1.078212e-01;31:2.911431e-01;32:1.487542e-01;33:1.825395e-01
0.03,15.0,35,4,2000,fourier,35,0.0866791233420372,0,35:8.667912e-02;36:2.872493e-01;37:9.223764e-02;38:1.048523e-01
0.03,15.0,40,4,2000,fourier,42,0.05749708041548729,1,40:1.244386e-01;41:1.009813e-01;42:5.749708e-02;43:5.074142e-01
0.03,15.0,45,4,2000,fourier,45,0.06479427963495255,0,45:6.479428e-02;46:9.679077e-02;47:6.989045e-02;48:1.325935e-01
0.03,15.0,50,4,2000,fourier,50,0.06581097096204758,0,50:6.581097e-02;51:1.696863e-01;52:3.206088e-01;53:1.579304e-01
0.03,30.0,0,4,2000,fourier,3,0.42201322317123413,0,0:5.418585e-01;1:5.419608e-01;2:5.405152e-01;3:4.220132e-01
0.03,30.0,5,4,2000,fourier,8,0.45514485239982605,0,5:5.413646e-01;6:5.419478e-01;7:5.414783e-01;8:4.551449e-01
0.03,30.0,10,4,2000,fourier,10,0.37278035283088684,0,10:3.727804e-01;11:5.418335e-01;12:5.419016e-01;13:5.419558e-01
0.03,30.0,15,4,2000,fourier,18,0.31544119119644165,0,15:5.415593e-01;16:5.414743e-01;17:4.359127e-01;18:3.154412e-01
0.03,30.0,20,4,2000,fourier,22,0.5415729284286499,0,20:5.416775e-01;21:5.418351e-01;22:5.415729e-01;23:5.419753e-01
0.03,30.0,25,4,2000,fourier,27,0.37427064776420593,0,25:5.418628e-01;26:5.419151e-01;27:3.742706e-01;28:5.417608e-01
0.03,30.0,30,4,2000,fourier,30,0.5414609313011169,0,30:5.414609e-01;31:5.417942e-01;32:5.418686e-01;33:5.417538e-01
0.03,30.0,35,4,2000,fourier,36,0.4908600151538849,0,35:5.417996e-01;36:4.908600e-01;37:5.417895e-01;38:5.413445e-01
0.03,30.0,40,4,2000,fourier,42,0.31187355518341064,0,40:5.419286e-01;41:5.407804e-01;42:3.118736e-01;43:5.419319e-01
0.03,30.0,45,4,2000,fourier,46,0.5394893884658813,0,45:5.414953e-01;46:5.394894e-01;47:5.403847e-01;48:5.419485e-01
0.03,30.0,50,4,2000,fourier,50,0.31828752160072327,0,50:3.182875e-01;51:5.413188e-01;52:5.218047e-01;53:5.416104e-01
0.05,0.15,0,4,2000,fourier,3,0.0003285722923465073,1,0:1.682594e-01;1:3.356904e-01;2:9.121939e-02;3:3.285723e-04
0.05,0.15,5,4,2000,fourier,6,0.0008525227312929928,1,5:1.168242e-01;6:8.525227e-04;7:1.294697e-01;8:7.786083e-02
0.05,0.15,10,4,2000,fourier,10,0.1368037909269333,0,10:1.368038e-01;11:2.453578e-01;12:2.059645e-01;13:1.858930e-01
0.05,0.15,15,4,2000,fourier,16,0.0019073361763730645,1,15:3.316486e-02;16:1.907336e-03;17:9.419283e-02;18:1.655097e-01
0.05,0.15,20,4,2000,fourier,20,0.007438116706907749,1,20:7.438117e-03;21:3.481722e-01;22:1.354792e-01;23:1.040688e-01
0.05,0.15,25,4,2000,fourier,28,0.05318699777126312,1,25:8.845146e-02;26:6.469344e-02;27:1.662338e-01;28:5.318700e-02
0.05,0.15,30,4,2000,fourier,33,0.09021201729774475,0,30:1.275576e-01;31:3.409817e-01;32:1.473026e-01;33:9.021202e-02
0.05,0.15,35,4,2000,fourier,37,0.0029883263632655144,1,35:1.448408e-01;36:7.798471e-03;37:2.988326e-03;38:1.188118e-01
0.05,0.15,40,4,2000,fourier,40,0.0013752349186688662,1,40:1.375235e-03;41:6.468280e-03;42:3.257429e-02;43:9.561214e-02
0.05,0.15,45,4,2000,fourier,47,0.029677284881472588,1,45:3.484184e-02;46:1.747670e-01;47:2.967728e-02;48:9.208931e-02
0.05,0.15,50,4,2000,fourier,52,0.003634645603597164,1,50:7.284347e-02;51:1.151034e-01;52:3.634646e-03;53:4.707329e-02
0.05,0.3,0,4,2000,fourier,2,0.007017106283456087,1,0:1.930555e-01;1:2.376163e-01;2:7.017106e-03;3:2.564578e-01
0.05,0.3,5,4,2000,fourier,6,0.1143517792224884,0,5:1.410895e-01;6:1.143518e-01;7:2.610528e-01;8:2.775693e-01
0.05,0.3,10,4,2000,fourier,10,0.05589749291539192,1,10:5.589749e-02;11:1.112987e-01;12:1.461138e-01;13:2.173849e-01
0.05,0.3,15,4,2000,fourier,17,0.0964331179857254,0,15:1.317062e-01;16:1.579156e-01;17:9.643312e-02;18:1.299738e-01
0.05,0.3,20,4,2000,fourier,20,0.09015573561191559,0,20:9.015574e-02;21:1.613500e-01;22:2.469552e-01;23:2.341164e-01
0.05,0.3,25,4,2000,fourier,25,0.0396178662776947,1,25:3.961787e-02;26:9.010365e-02;27:2.620724e-01;28:1.454056e-01
0.05,0.3,30,4,2000,fourier,31,0.09354760497808456,0,30:2.142018e-01;31:9.354760e-02;32:1.374997e-01;33:1.885533e-01
0.05,0.3,35,4,2000,fourier,38,0.02237657457590103,1,35:1.679925e-01;36:3.345357e-02;37:9.767403e-02;38:2.237657e-02
0.05,0.3,40,4,2000,fourier,41,0.060915909707546234,0,40:1.213189e-01;41:6.091591e-02;42:1.487686e-01;43:1.976023e-01
0.05,0.3,45,4,2000,fourier,45,0.014226669445633888,1,45:1.422667e-02;46:1.601783e-01;47:1.594987e-01;48:2.526785e-02
0.05,0.3,50,4,2000,fourier,52,0.027857216075062752,1,50:2.280119e-01;51:1.703586e-01;52:2.785722e-02;53:1.381196e-01
0.05,0.6,0,4,2000,fourier,1,0.15951752662658691,0,0:3.202211e-01;1:1.595175e-01;2:2.028918e-01;3:2.779597e-01
0.05,0.6,5,4,2000,fourier,5,0.12239692360162735,0,5:1.223969e-01;6:1.252072e-01;7:3.624569e-01;8:3.706557e-01
0.05,0.6,10,4,2000,fourier,12,0.11018917709589005,0,10:2.291046e-01;11:3.973383e-01;12:1.101892e-01;13:4.119882e-01
0.05,0.6,15,4,2000,fourier,17,0.2398543506860733,0,15:2.940238e-01;16:3.342036e-01;17:2.398544e-01;18:3.761156e-01
0.05,0.6,20,4,2000,fourier,20,0.1090407595038414,0,20:1.090408e-01;21:2.060275e-01;22:4.204940e-01;23:2.815020e-01
0.05,0.6,25,4,2000,fourier,25,0.08359342068433762,0,25:8.359342e-02;26:1.492026e-01;27:2.530182e-01;28:8.608807e-02
0.05,0.6,30,4,2000,fourier,32,0.23806661367416382,0,30:4.271527e-01;31:4.034041e-01;32:2.380666e-01;33:2.557716e-01
0.05,0.6,35,4,2000,fourier,37,0.06391378492116928,0,35:2.708551e-01;36:1.766874e-01;37:6.391378e-02;38:1.321241e-01
0.05,0.6,40,4,2000,fourier,40,0.10916128754615784,0,40:1.091613e-01;41:3.023737e-01;42:1.300102e-01;43:3.239769e-01
0.05,0.6,45,4,2000,fourier,45,0.12411918491125107,0,45:1.241192e-01;46:3.768390e-01;47:2.212683e-01;48:2.000870e-01
0.05,0.6,50,4,2000,fourier,52,0.05041750520467758,1,50:4.010367e-01;51:8.999494e-02;52:5.041751e-02;53:2.846673e-01
0.05,1.5,0,4,2000,fourier,2,0.31949442625045776,0,0:4.067785e-01;1:3.437542e-01;2:3.194944e-01;3:3.826941e-01
0.05,1.5,5,4,2000,fourier,6,0.04901279881596565,1,5:9.835111e-02;6:4.901280e-02;7:4.595294e-01;8:3.511784e-01
0.05,1.5,10,4,2000,fourier,12,0.05324776843190193,1,10:4.033929e-01;11:4.974490e-01;12:5.324777e-02;13:3.447059e-01
0.05,1.5,15,4,2000,fourier,17,0.2933255732059479,0,15:3.208620e-01;16:4.322933e-01;17:2.933256e-01;18:4.905805e-01
0.05,1.5,20,4,2000,fourier,20,0.06651989370584488,0,20:6.651989e-02;21:1.277451e-01;22:5.116346e-01;23:2.376106e-01
0.05,1.5,25,4,2000,fourier,26,0.031710658222436905,1,25:1.420161e-01;26:3.171066e-02;27:4.033940e-01;28:2.856710e-01
0.05,1.5,30,4,2000,fourier,33,0.14853720366954803,0,30:4.701422e-01;31:4.867103e-01;32:4.111137e-01;33:1.485372e-01
0.05,1.5,35,4,2000,fourier,38,0.039858680218458176,1,35:5.195187e-01;36:3.431793e-01;37:2.581999e-01;38:3.985868e-02
0.05,1.5,40,4,2000,fourier,40,0.0006505794590339065,1,40:6.505795e-04;41:2.328139e-01;42:1.861569e-01;43:5.116486e-01
0.05,1.5,45,4,2000,fourier,47,0.0773053765296936,0,45:9.703633e-02;46:2.851820e-01;47:7.730538e-02;48:2.161399e-01
0.05,1.5,50,4,2000,fourier,52,0.009619779884815216,1,50:4.209355e-01;51:4.428247e-02;52:9.619780e-03;53:2.949440e-01
0.05,3.0,0,4,2000,fourier,1,0.18442629277706146,0,0:2.472560e-01;1:1.844263e-01;2:2.254116e-01;3:1.872679e-01
0.05,3.0,5,4,2000,fourier,5,0.03606312349438667,1,5:3.606312e-02;6:1.293116e-01;7:2.313219e-01;8:2.395462e-01
0.05,3.0,10,4,2000,fourier,13,0.14434829354286194,0,10:3.191384e-01;11:2.838943e-01;12:1.581030e-01;13:1.443483e-01
0.05,3.0,15,4,2000,fourier,15,0.05567316338419914,1,15:5.567316e-02;16:1.945943e-01;17:3.049596e-01;18:2.442716e-01
0.05,3.0,20,4,2000,fourier,20,0.03751206025481224,1,20:3.751206e-02;21:1.417378e-01;22:3.828864e-01;23:1.320353e-01
0.05,3.0,25,4,2000,fourier,26,0.032108958810567856,1,25:1.033800e-01;26:3.210896e-02;27:3.238143e-01;28:2.587788e-01
0.05,3.0,30,4,2000,fourier,33,0.15510490536689758,0,30:2.540945e-01;31:3.696133e-01;32:2.936323e-01;33:1.551049e-01
0.05,3.0,35,4,2000,fourier,36,0.020942019298672676,1,35:3.860886e-01;36:2.094202e-02;37:1.919739e-01;38:5.010993e-02
0.05,3.0,40,4,2000,fourier,40,0.0022526865359395742,1,40:2.252687e-03;41:1.294162e-01;42:1.075839e-01;43:2.933409e-01
0.05,3.0,45,4,2000,fourier,46,0.007627693470567465,1,45:3.653267e-02;46:7.627693e-03;47:2.930425e-01;48:1.444772e-01
0.05,3.0,50,4,2000,fourier,50,0.03443853184580803,1,50:3.443853e-02;51:3.446735e-02;52:8.375233e-02;53:3.839691e-02
0.05,7.5,0,4,2000,fourier,1,0.03235938772559166,1,0:4.342017e-02;1:3.235939e-02;2:6.251492e-02;3:7.949367e-02
0.05,7.5,5,4,2000,fourier,5,0.03529934585094452,1,5:3.529935e-02;6:1.685898e-01;7:3.815219e-02;8:9.027626e-02
0.05,7.5,10,4,2000,fourier,11,0.020499804988503456,1,10:4.204848e-02;11:2.049980e-02;12:7.138557e-02;13:4.857831e-02
0.05,7.5,15,4,2000,fourier,15,0.04530183970928192,1,15:4.530184e-02;16:6.204714e-02;17:1.033057e-01;18:7.008632e-02
0.05,7.5,20,4,2000,fourier,21,0.0221957266330719,1,20:6.352746e-02;21:2.219573e-02;22:2.903848e-02;23:2.313504e-02
0.05,7.5,25,4,2000,fourier,27,0.018383240327239037,1,25:1.903643e-02;26:2.423620e-02;27:1.838324e-02;28:6.864123e-02
0.05,7.5,30,4,2000,fourier,33,0.03184628486633301,1,30:5.618853e-02;31:8.036555e-02;32:4.076281e-02;33:3.184628e-02
0.05,7.5,35,4,2000,fourier,35,0.025379687547683716,1,35:2.537969e-02;36:3.112615e-02;37:3.332322e-02;38:6.056072e-02
0.05,7.5,40,4,2000,fourier,40,0.021057359874248505,1,40:2.105736e-02;41:5.822008e-02;42:4.970380e-02;43:1.482517e-01
0.05,7.5,45,4,2000,fourier,46,0.023334063589572906,1,45:1.898622e-01;46:2.333406e-02;47:9.182284e-02;48:1.430073e-01
0.05,7.5,50,4,2000,fourier,51,0.017449982464313507,1,50:2.015519e-02;51:1.744998e-02;52:5.667977e-02;53:1.826438e-01
0.05,15.0,0,4,2000,fourier,1,0.13618479669094086,0,0:4.587668e-01;1:1.361848e-01;2:1.368260e-01;3:2.730779e-01
0.05,15.0,5,4,2000,fourier,6,0.14402920007705688,0,5:3.073975e-01;6:1.440292e-01;7:1.966600e-01;8:2.598853e-01
0.05,15.0,10,4,2000,fourier,11,0.0816323533654213,0,10:2.455944e-01;11:8.163235e-02;12:9.543796e-02;13:1.344612e-01
0.05,15.0,15,4,2000,fourier,18,0.06891949474811554,0,15:2.670542e-01;16:7.986967e-02;17:1.522618e-01;18:6.891949e-02
0.05,15.0,20,4,2000,fourier,22,0.10202770680189133,0,20:1.467901e-01;21:1.098092e-01;22:1.020277e-01;23:4.279006e-01
0.05,15.0,25,4,2000,fourier,28,0.08903338760137558,0,25:9.724424e-02;26:4.354023e-01;27:1.020690e-01;28:8.903339e-02
0.05,15.0,30,4,2000,fourier,30,0.10858387500047684,0,30:1.085839e-01;31:3.484812e-01;32:1.344070e-01;33:2.538829e-01
0.05,15.0,35,4,2000,fourier,35,0.1507202535867691,0,35:1.507203e-01;36:2.483892e-01;37:2.022416e-01;38:2.836556e-01
0.05,15.0,40,4,2000,fourier,42,0.09566086530685425,0,40:9.622165e-02;41:1.426371e-01;42:9.566087e-02;43:4.387468e-01
0.05,15.0,45,4,2000,fourier,46,0.09313791245222092,0,45:2.924568e-01;46:9.313791e-02;47:1.242539e-01;48:2.273393e-01
0.05,15.0,50,4,2000,fourier,53,0.10891882330179214,0,50:1.236931e-01;51:1.470231e-01;52:2.607544e-01;53:1.089188e-01
0.05,30.0,0,4,2000,fourier,3,0.5167518854141235,0,0:5.178837e-01;1:5.178860e-01;2:5.173540e-01;3:5.167519e-01
0.05,30.0,5,4,2000,fourier,8,0.5173017978668213,0,5:5.173948e-01;6:5.178572e-01;7:5.178465e-01;8:5.173018e-01
0.05,30.0,10,4,2000,fourier,10,0.5023980736732483,0,10:5.023981e-01;11:5.177743e-01;12:5.179051e-01;13:5.178630e-01
0.05,30.0,15,4,2000,fourier,18,0.4563716948032379,0,15:5.178677e-01;16:5.177502e-01;17:5.161176e-01;18:4.563717e-01
0.05,30.0,20,4,2000,fourier,22,0.5178552865982056,0,20:5.178708e-01;21:5.178711e-01;22:5.178553e-01;23:5.178653e-01
0.05,30.0,25,4,2000,fourier,27,0.5125135779380798,0,25:5.178920e-01;26:5.178863e-01;27:5.125136e-01;28:5.176722e-01
0.05,30.0,30,4,2000,fourier,33,0.5177516937255859,0,30:5.178200e-01;31:5.178956e-01;32:5.178838e-01;33:5.177517e-01
0.05,30.0,35,4,2000,fourier,38,0.5176380276679993,0,35:5.178019e-01;36:5.177546e-01;37:5.176708e-01;38:5.176380e-01
0.05,30.0,40,4,2000,fourier,42,0.37512269616127014,0,40:5.179026e-01;41:5.167809e-01;42:3.751227e-01;43:5.178945e-01
0.05,30.0,45,4,2000,fourier,46,0.5149043202400208,0,45:5.178198e-01;46:5.149043e-01;47:5.176783e-01;48:5.174129e-01
0.05,30.0,50,4,2000,fourier,50,0.4808477461338043,0,50:4.808477e-01;51:5.169780e-01;52:5.176093e-01;53:5.178233e-01
0.1,0.15,0,4,2000,fourier,2,0.04818600416183472,1,0:5.629644e-02;1:3.475671e-01;2:4.818600e-02;3:1.544516e-01
0.1,0.15,5,4,2000,fourier,7,0.001350523205474019,1,5:2.898842e-01;6:5.062155e-02;7:1.350523e-03;8:6.935968e-02
0.1,0.15,10,4,2000,fourier,12,0.04542110115289688,1,10:7.224418e-02;11:9.780838e-02;12:4.542110e-02;13:1.231419e-01
0.1,0.15,15,4,2000,fourier,17,0.022650690749287605,1,15:2.381213e-01;16:9.355856e-02;17:2.265069e-02;18:1.523636e-01
0.1,0.15,20,4,2000,fourier,20,0.05578674003481865,1,20:5.578674e-02;21:2.620537e-01;22:7.868865e-02;23:2.239636e-01
0.1,0.15,25,4,2000,fourier,26,0.001874075154773891,1,25:4.043332e-02;26:1.874075e-03;27:3.033893e-02;28:1.620597e-01
0.1,0.15,30,4,2000,fourier,30,0.008429826237261295,1,30:8.429826e-03;31:7.125718e-02;32:1.378885e-01;33:3.270369e-02
0.1,0.15,35,4,2000,fourier,36,0.0028710379265248775,1,35:9.211513e-02;36:2.871038e-03;37:2.132576e-01;38:1.444423e-01
0.1,0.15,40,4,2000,fourier,41,0.008901115506887436,1,40:4.131413e-02;41:8.901116e-03;42:7.005823e-02;43:2.121025e-01
0.1,0.15,45,4,2000,fourier,46,0.0008153558592312038,1,45:4.991387e-02;46:8.153559e-04;47:8.728229e-02;48:8.867936e-02
0.1,0.15,50,4,2000,fourier,50,0.04107875004410744,1,50:4.107875e-02;51:1.063395e-01;52:2.896952e-01;53:2.190172e-01
0.1,0.3,0,4,2000,fourier,2,0.03189120441675186,1,0:8.419791e-02;1:3.640573e-02;2:3.189120e-02;3:1.009505e-01
0.1,0.3,5,4,2000,fourier,5,0.080812007188797,0,5:8.081201e-02;6:8.140462e-02;7:2.334165e-01;8:1.141127e-01
0.1,0.3,10,4,2000,fourier,10,0.01779024861752987,1,10:1.779025e-02;11:2.391980e-01;12:1.210138e-01;13:2.205149e-01
0.1,0.3,15,4,2000,fourier,17,0.008335028775036335,1,15:1.193258e-01;16:1.704888e-01;17:8.335029e-03;18:9.393378e-02
0.1,0.3,20,4,2000,fourier,20,0.11108119040727615,0,20:1.110812e-01;21:1.303250e-01;22:1.397847e-01;23:1.947130e-01
0.1,0.3,25,4,2000,fourier,25,0.00012419893755577505,1,25:1.241989e-04;26:4.761578e-03;27:5.695428e-02;28:1.636813e-02
0.1,0.3,30,4,2000,fourier,32,0.02419101446866989,1,30:2.273864e-01;31:1.615584e-01;32:2.419101e-02;33:1.022244e-01
0.1,0.3,35,4,2000,fourier,37,0.07190005481243134,0,35:1.809663e-01;36:9.868042e-02;37:7.190005e-02;38:9.591863e-02
0.1,0.3,40,4,2000,fourier,41,0.000387048494303599,1,40:8.892906e-02;41:3.870485e-04;42:8.787660e-02;43:1.843029e-01
0.1,0.3,45,4,2000,fourier,48,0.002111343899741769,1,45:7.466265e-02;46:1.978731e-01;47:3.007423e-02;48:2.111344e-03
0.1,0.3,50,4,2000,fourier,51,0.025330180302262306,1,50:1.020883e-01;51:2.533018e-02;52:6.342551e-02;53:1.640674e-01
0.1,0.6,0,4,2000,fourier,2,0.21511514484882355,0,0:3.202233e-01;1:2.179735e-01;2:2.151151e-01;3:3.227485e-01
0.1,0.6,5,4,2000,fourier,6,0.020501956343650818,1,5:4.015715e-02;6:2.050196e-02;7:4.039288e-01;8:3.368472e-01
0.1,0.6,10,4,2000,fourier,12,0.03296123072504997,1,10:3.500262e-01;11:4.355029e-01;12:3.296123e-02;13:3.909591e-01
0.1,0.6,15,4,2000,fourier,15,0.2872369587421417,0,15:2.872370e-01;16:3.931465e-01;17:3.321483e-01;18:3.780752e-01
0.1,0.6,20,4,2000,fourier,20,0.1734871119260788,0,20:1.734871e-01;21:2.886332e-01;22:4.357064e-01;23:3.186543e-01
0.1,0.6,25,4,2000,fourier,25,0.008159776218235493,1,25:8.159776e-03;26:2.345370e-01;27:3.284087e-01;28:2.601718e-01
0.1,0.6,30,4,2000,fourier,33,0.29430243372917175,0,30:3.724079e-01;31:4.124675e-01;32:3.584642e-01;33:2.943024e-01
0.1,0.6,35,4,2000,fourier,37,0.11041102558374405,0,35:3.846948e-01;36:2.647590e-01;37:1.104110e-01;38:1.441087e-01
0.1,0.6,40,4,2000,fourier,42,0.05206495523452759,1,40:1.440535e-01;41:2.756644e-01;42:5.206496e-02;43:3.980832e-01
0.1,0.6,45,4,2000,fourier,45,0.03370736911892891,1,45:3.370737e-02;46:3.627852e-01;47:2.344582e-01;48:2.513424e-01
0.1,0.6,50,4,2000,fourier,51,0.03578503429889679,1,50:3.837712e-01;51:3.578503e-02;52:1.367951e-01;53:3.104140e-01
0.1,1.5,0,4,2000,fourier,0,0.2915691137313843,0,0:2.915691e-01;1:3.341086e-01;2:3.513631e-01;3:3.616521e-01
0.1,1.5,5,4,2000,fourier,6,0.08986427634954453,0,5:9.128568e-02;6:8.986428e-02;7:3.760374e-01;8:3.276888e-01
0.1,1.5,10,4,2000,fourier,12,0.14031091332435608,0,10:3.485333e-01;11:4.037451e-01;12:1.403109e-01;13:3.216389e-01
0.1,1.5,15,4,2000,fourier,17,0.20410630106925964,0,15:2.253878e-01;16:3.935527e-01;17:2.041063e-01;18:4.581953e-01
0.1,1.5,20,4,2000,fourier,20,0.047449082136154175,1,20:4.744908e-02;21:9.356731e-02;22:4.619751e-01;23:1.115029e-01
0.1,1.5,25,4,2000,fourier,26,0.1615571826696396,0,25:2.360001e-01;26:1.615572e-01;27:3.989330e-01;28:2.818607e-01
0.1,1.5,30,4,2000,fourier,33,0.14524774253368378,0,30:4.172565e-01;31:4.748001e-01;32:3.659108e-01;33:1.452477e-01
0.1,1.5,35,4,2000,fourier,38,0.07652580738067627,0,35:4.659311e-01;36:2.690353e-01;37:3.006069e-01;38:7.652581e-02
0.1,1.5,40,4,2000,fourier,40,0.03728261590003967,1,40:3.728262e-02;41:2.140251e-01;42:1.806307e-01;43:4.672434e-01
0.1,1.5,45,4,2000,fourier,45,0.12109487503767014,0,45:1.210949e-01;46:2.689244e-01;47:1.306713e-01;48:1.551296e-01
0.1,1.5,50,4,2000,fourier,52,0.028146199882030487,1,50:3.251180e-01;51:3.146797e-02;52:2.814620e-02;53:2.251774e-01
0.1,3.0,0,4,2000,fourier,3,0.08169641345739365,0,0:1.608596e-01;1:1.082949e-01;2:1.076259e-01;3:8.169641e-02
0.1,3.0,5,4,2000,fourier,5,0.01383557915687561,1,5:1.383558e-02;6:7.325225e-02;7:9.070490e-02;8:1.515702e-01
0.1,3.0,10,4,2000,fourier,13,0.061830997467041016,0,10:1.986868e-01;11:7.923747e-02;12:1.077099e-01;13:6.183100e-02
0.1,3.0,15,4,2000,fourier,15,0.002737422240898013,1,15:2.737422e-03;16:1.166928e-01;17:2.590967e-01;18:9.288117e-02
0.1,3.0,20,4,2000,fourier,23,0.056812725961208344,1,20:1.016339e-01;21:7.582779e-02;22:2.653601e-01;23:5.681273e-02
0.1,3.0,25,4,2000,fourier,25,0.024091418832540512,1,25:2.409142e-02;26:5.502144e-02;27:1.563675e-01;28:1.942538e-01
0.1,3.0,30,4,2000,fourier,33,0.08552948385477066,0,30:1.945108e-01;31:2.965701e-01;32:1.662561e-01;33:8.552948e-02
0.1,3.0,35,4,2000,fourier,38,0.04909156262874603,1,35:2.747369e-01;36:5.464779e-02;37:1.836345e-01;38:4.909156e-02
0.1,3.0,40,4,2000,fourier,40,0.043264925479888916,1,40:4.326493e-02;41:5.389074e-02;42:9.104718e-02;43:2.414223e-01
0.1,3.0,45,4,2000,fourier,45,0.019913163036108017,1,45:1.991316e-02;46:3.389128e-02;47:2.002443e-01;48:9.848986e-02
0.1,3.0,50,4,2000,fourier,51,0.010898292064666748,1,50:6.461402e-02;51:1.089829e-02;52:3.621374e-02;53:3.169884e-02
0.1,7.5,0,4,2000,fourier,3,0.10612747818231583,0,0:2.247584e-01;1:1.610120e-01;2:1.236875e-01;3:1.061275e-01
0.1,7.5,5,4,2000,fourier,6,0.049366991966962814,1,5:5.234998e-02;6:4.936699e-02;7:1.652542e-01;8:1.576247e-01
0.1,7.5,10,4,2000,fourier,10,0.02964942343533039,1,10:2.964942e-02;11:5.582609e-02;12:7.068876e-02;13:4.193042e-02
0.1,7.5,15,4,2000,fourier,15,0.08017678558826447,0,15:8.017679e-02;16:1.237004e-01;17:1.293005e-01;18:2.997664e-01
0.1,7.5,20,4,2000,fourier,20,0.07832926511764526,0,20:7.832927e-02;21:1.860802e-01;22:1.884732e-01;23:2.331703e-01
0.1,7.5,25,4,2000,fourier,27,0.044696442782878876,1,25:1.053499e-01;26:1.439886e-01;27:4.469644e-02;28:1.103131e-01
0.1,7.5,30,4,2000,fourier,30,0.024722499772906303,1,30:2.472250e-02;31:1.846229e-01;32:2.629190e-02;33:3.207517e-01
0.1,7.5,35,4,2000,fourier,35,0.03178524598479271,1,35:3.178525e-02;36:6.656861e-02;37:1.616334e-01;38:8.301990e-02
0.1,7.5,40,4,2000,fourier,40,0.0799848660826683,0,40:7.998487e-02;41:8.519776e-02;42:9.796388e-02;43:9.663052e-02
0.1,7.5,45,4,2000,fourier,46,0.059177618473768234,1,45:1.582819e-01;46:5.917762e-02;47:9.285539e-02;48:1.354099e-01
0.1,7.5,50,4,2000,fourier,50,0.04019057750701904,1,50:4.019058e-02;51:8.671673e-02;52:8.152398e-02;53:2.515764e-01
0.1,15.0,0,4,2000,fourier,2,0.13493885099887848,0,0:4.529024e-01;1:4.534144e-01;2:1.349389e-01;3:2.301597e-01
0.1,15.0,5,4,2000,fourier,8,0.2197888046503067,0,5:3.846006e-01;6:4.516679e-01;7:4.526104e-01;8:2.197888e-01
0.1,15.0,10,4,2000,fourier,11,0.20273752510547638,0,10:4.548176e-01;11:2.027375e-01;12:4.554711e-01;13:4.557676e-01
0.1,15.0,15,4,2000,fourier,17,0.09880966693162918,0,15:4.555308e-01;16:1.131490e-01;17:9.880967e-02;18:1.375228e-01
0.1,15.0,20,4,2000,fourier,22,0.17675834894180298,0,20:1.834296e-01;21:3.055584e-01;22:1.767583e-01;23:4.556742e-01
0.1,15.0,25,4,2000,fourier,28,0.1280384361743927,0,25:4.556341e-01;26:2.860421e-01;27:2.690149e-01;28:1.280384e-01
0.1,15.0,30,4,2000,fourier,30,0.1927279233932495,0,30:1.927279e-01;31:4.402108e-01;32:4.273153e-01;33:4.557045e-01
0.1,15.0,35,4,2000,fourier,37,0.14693638682365417,0,35:2.172689e-01;36:4.403442e-01;37:1.469364e-01;38:4.444670e-01
0.1,15.0,40,4,2000,fourier,42,0.14383698999881744,0,40:4.478697e-01;41:1.942690e-01;42:1.438370e-01;43:4.421166e-01
0.1,15.0,45,4,2000,fourier,47,0.12392115592956543,0,45:4.558117e-01;46:2.618650e-01;47:1.239212e-01;48:4.397837e-01
0.1,15.0,50,4,2000,fourier,51,0.1785215139389038,0,50:2.092396e-01;51:1.785215e-01;52:1.891641e-01;53:2.068367e-01
0.1,30.0,0,4,2000,fourier,3,0.45555248856544495,0,0:4.556691e-01;1:4.556515e-01;2:4.556465e-01;3:4.555525e-01
0.1,30.0,5,4,2000,fourier,8,0.45554766058921814,0,5:4.556515e-01;6:4.555834e-01;7:4.556878e-01;8:4.555477e-01
0.1,30.0,10,4,2000,fourier,11,0.45562416315078735,0,10:4.556294e-01;11:4.556242e-01;12:4.556718e-01;13:4.556651e-01
0.1,30.0,15,4,2000,fourier,18,0.45418602228164673,0,15:4.556017e-01;16:4.554890e-01;17:4.554353e-01;18:4.541860e-01
0.1,30.0,20,4,2000,fourier,21,0.4556467533111572,0,20:4.557297e-01;21:4.556468e-01;22:4.556745e-01;23:4.556828e-01
0.1,30.0,25,4,2000,fourier,27,0.4553362727165222,0,25:4.555581e-01;26:4.556662e-01;27:4.553363e-01;28:4.555421e-01
0.1,30.0,30,4,2000,fourier,30,0.455592542886734,0,30:4.555925e-01;31:4.556340e-01;32:4.555985e-01;33:4.556013e-01
0.1,30.0,35,4,2000,fourier,36,0.45561620593070984,0,35:4.556736e-01;36:4.556162e-01;37:4.557014e-01;38:4.556910e-01
0.1,30.0,40,4,2000,fourier,41,0.45508095622062683,0,40:4.556616e-01;41:4.550810e-01;42:4.556228e-01;43:4.556647e-01
0.1,30.0,45,4,2000,fourier,46,0.4522137939929962,0,45:4.556735e-01;46:4.522138e-01;47:4.556520e-01;48:4.546872e-01
0.1,30.0,50,4,2000,fourier,50,0.45320725440979004,0,50:4.532073e-01;51:4.547771e-01;52:4.554938e-01;53:4.556652e-01
0.001,0.0,0,4,2000,mlp,1,0.0510067343711853,1,0:2.467822e-01;1:5.100673e-02;2:1.477692e-01;3:2.163833e-01
0.001,0.0,5,4,2000,mlp,8,0.07150581479072571,0,5:9.944939e-02;6:1.866070e-01;7:4.020240e-01;8:7.150581e-02
0.001,0.0,10,4,2000,mlp,10,0.08265825361013412,0,10:8.265825e-02;11:1.057923e-01;12:2.583571e-01;13:1.079580e-01
0.001,0.0,15,4,2000,mlp,17,0.024661339819431305,1,15:7.879213e-02;16:4.806839e-02;17:2.466134e-02;18:1.627272e-01
0.001,0.0,20,4,2000,mlp,20,0.037175338715314865,1,20:3.717534e-02;21:1.265965e-01;22:9.886724e-02;23:3.912409e-02
0.001,0.0,25,4,2000,mlp,25,0.009314317256212234,1,25:9.314317e-03;26:1.308250e-01;27:1.380555e-02;28:1.078048e-01
0.001,0.0,30,4,2000,mlp,32,0.025352410972118378,1,30:1.425253e-01;31:4.283400e-02;32:2.535241e-02;33:2.829939e-01
0.001,0.0,35,4,2000,mlp,38,0.02104462869465351,1,35:2.974721e-02;36:3.430885e-01;37:3.807453e-02;38:2.104463e-02
0.001,0.0,40,4,2000,mlp,43,0.017493335530161858,1,40:1.785946e-01;41:1.464300e-01;42:2.375352e-01;43:1.749334e-02
0.001,0.0,45,4,2000,mlp,47,0.0027490193024277687,1,45:9.607085e-02;46:2.337212e-01;47:2.749019e-03;48:2.831896e-01
0.001,0.0,50,4,2000,mlp,53,0.02923319861292839,1,50:1.121925e-01;51:3.974033e-02;52:2.086108e-01;53:2.923320e-02
0.003,0.0,0,4,2000,mlp,2,0.14712299406528473,0,0:1.966659e-01;1:1.978307e-01;2:1.471230e-01;3:2.193748e-01
0.003,0.0,5,4,2000,mlp,6,0.0047874776646494865,1,5:1.576757e-01;6:4.787478e-03;7:5.952466e-02;8:1.028771e-01
0.003,0.0,10,4,2000,mlp,11,0.016594301909208298,1,10:7.913397e-02;11:1.659430e-02;12:2.766602e-02;13:3.090693e-01
0.003,0.0,15,4,2000,mlp,18,0.03499919921159744,1,15:2.338401e-01;16:1.850915e-01;17:1.536588e-01;18:3.499920e-02
0.003,0.0,20,4,2000,mlp,22,0.008246815763413906,1,20:1.009011e-01;21:1.646370e-01;22:8.246816e-03;23:2.649800e-01
0.003,0.0,25,4,2000,mlp,28,0.0021637140307575464,1,25:2.345388e-01;26:4.415160e-02;27:2.295996e-01;28:2.163714e-03
0.003,0.0,30,4,2000,mlp,30,0.009829969145357609,1,30:9.829969e-03;31:5.228946e-02;32:1.490801e-01;33:2.813241e-02
0.003,0.0,35,4,2000,mlp,37,0.0929551050066948,0,35:2.560439e-01;36:2.373347e-01;37:9.295511e-02;38:2.573528e-01
0.003,0.0,40,4,2000,mlp,43,0.030178552493453026,1,40:1.663187e-01;41:2.693597e-01;42:1.904454e-01;43:3.017855e-02
0.003,0.0,45,4,2000,mlp,48,0.039422813802957535,1,45:2.066378e-01;46:1.092940e-01;47:4.350965e-02;48:3.942281e-02
0.003,0.0,50,4,2000,mlp,51,0.010282361879944801,1,50:5.160720e-02;51:1.028236e-02;52:1.467288e-01;53:1.132331e-02
0.005,0.0,0,4,2000,mlp,0,0.04032730683684349,1,0:4.032731e-02;1:1.216899e-01;2:1.610704e-01;3:1.332878e-01
0.005,0.0,5,4,2000,mlp,5,0.005604956299066544,1,5:5.604956e-03;6:8.982704e-03;7:3.029874e-02;8:3.289376e-01
0.005,0.0,10,4,2000,mlp,11,0.01237536035478115,1,10:1.055093e-01;11:1.237536e-02;12:5.729298e-02;13:8.410818e-02
0.005,0.0,15,4,2000,mlp,17,0.1173868477344513,0,15:2.977860e-01;16:2.203221e-01;17:1.173868e-01;18:1.648906e-01
0.005,0.0,20,4,2000,mlp,23,0.018666861578822136,1,20:2.991214e-02;21:1.490688e-01;22:2.468319e-02;23:1.866686e-02
0.005,0.0,25,4,2000,mlp,26,0.06393495202064514,0,25:2.269699e-01;26:6.393495e-02;27:7.083379e-02;28:1.520780e-01
0.005,0.0,30,4,2000,mlp,30,0.003895823610946536,1,30:3.895824e-03;31:1.117209e-02;32:2.068494e-01;33:3.384205e-02
0.005,0.0,35,4,2000,mlp,38,0.1186567172408104,0,35:2.524959e-01;36:1.235096e-01;37:2.899741e-01;38:1.186567e-01
0.005,0.0,40,4,2000,mlp,42,0.001022685901261866,1,40:2.884862e-01;41:1.442206e-01;42:1.022686e-03;43:8.925854e-02
0.005,0.0,45,4,2000,mlp,47,0.10382014513015747,0,45:2.006116e-01;46:1.267156e-01;47:1.038201e-01;48:1.290825e-01
0.005,0.0,50,4,2000,mlp,51,0.014762552455067635,1,50:8.769371e-02;51:1.476255e-02;52:1.964698e-01;53:5.438975e-02
0.01,0.0,0,4,2000,mlp,0,0.01971038244664669,1,0:1.971038e-02;1:2.297786e-01;2:9.162595e-02;3:2.243107e-01
0.01,0.0,5,4,2000,mlp,6,0.05733804032206535,1,5:1.191122e-01;6:5.733804e-02;7:2.277082e-01;8:1.661920e-01
0.01,0.0,10,4,2000,mlp,11,0.06200665608048439,0,10:1.723261e-01;11:6.200666e-02;12:1.378171e-01;13:2.121330e-01
0.01,0.0,15,4,2000,mlp,18,0.002759512048214674,1,15:1.825166e-01;16:5.551443e-02;17:2.440169e-02;18:2.759512e-03
0.01,0.0,20,4,2000,mlp,23,0.014192947186529636,1,20:2.214097e-02;21:4.798246e-02;22:2.023634e-01;23:1.419295e-02
0.01,0.0,25,4,2000,mlp,25,0.0005711675039492548,1,25:5.711675e-04;26:1.113241e-01;27:6.469126e-02;28:1.562785e-01
0.01,0.0,30,4,2000,mlp,31,0.0011561253340914845,1,30:1.461919e-01;31:1.156125e-03;32:1.203633e-01;33:2.144037e-02
0.01,0.0,35,4,2000,mlp,38,0.025830814614892006,1,35:1.627215e-01;36:9.947512e-02;37:4.610744e-02;38:2.583081e-02
0.01,0.0,40,4,2000,mlp,42,0.0031854351982474327,1,40:4.788550e-02;41:4.659214e-02;42:3.185435e-03;43:1.217476e-01
0.01,0.0,45,4,2000,mlp,45,0.00257352483458817,1,45:2.573525e-03;46:3.856676e-02;47:9.926462e-02;48:3.459442e-02
0.01,0.0,50,4,2000,mlp,51,0.015996314585208893,1,50:4.099435e-02;51:1.599631e-02;52:5.074877e-02;53:3.149743e-02
0.03,0.0,0,4,2000,mlp,3,0.001684088259935379,1,0:2.723960e-03;1:2.401497e-02;2:6.618510e-02;3:1.684088e-03
0.03,0.0,5,4,2000,mlp,6,0.0032634958624839783,1,5:8.079950e-02;6:3.263496e-03;7:4.183372e-02;8:2.812020e-02
0.03,0.0,10,4,2000,mlp,11,0.02682628110051155,1,10:8.830695e-02;11:2.682628e-02;12:1.746019e-01;13:9.613516e-02
0.03,0.0,15,4,2000,mlp,17,0.031625956296920776,1,15:9.760370e-02;16:1.681826e-01;17:3.162596e-02;18:5.516071e-02
0.03,0.0,20,4,2000,mlp,23,0.0005433012265712023,1,20:1.581856e-03;21:2.299511e-02;22:7.918389e-03;23:5.433012e-04
0.03,0.0,25,4,2000,mlp,27,0.013117402791976929,1,25:1.663707e-01;26:5.361832e-02;27:1.311740e-02;28:1.178041e-01
0.03,0.0,30,4,2000,mlp,33,0.0018000741256400943,1,30:8.633784e-02;31:4.006647e-02;32:4.917322e-02;33:1.800074e-03
0.03,0.0,35,4,2000,mlp,38,0.007704777643084526,1,35:1.221176e-01;36:9.471729e-02;37:4.121038e-02;38:7.704778e-03
0.03,0.0,40,4,2000,mlp,40,0.0018735331250354648,1,40:1.873533e-03;41:9.140568e-02;42:6.453091e-02;43:1.271671e-01
0.03,0.0,45,4,2000,mlp,46,0.0013232585042715073,1,45:1.017521e-01;46:1.323259e-03;47:5.673545e-02;48:1.722359e-02
0.03,0.0,50,4,2000,mlp,51,0.012236577458679676,1,50:1.248015e-01;51:1.223658e-02;52:4.210553e-02;53:3.311897e-02
0.05,0.0,0,4,2000,mlp,2,0.05565938353538513,1,0:6.943799e-02;1:1.196045e-01;2:5.565938e-02;3:6.253128e-02
0.05,0.0,5,4,2000,mlp,8,0.023469625040888786,1,5:8.510873e-02;6:3.551409e-02;7:9.185996e-02;8:2.346963e-02
0.05,0.0,10,4,2000,mlp,11,0.02683185413479805,1,10:1.037213e-01;11:2.683185e-02;12:1.974161e-01;13:1.338282e-01
0.05,0.0,15,4,2000,mlp,17,0.033880285918712616,1,15:1.947507e-01;16:9.908666e-02;17:3.388029e-02;18:9.832692e-02
0.05,0.0,20,4,2000,mlp,21,0.003506158944219351,1,20:9.537952e-03;21:3.506159e-03;22:6.294680e-02;23:6.405713e-02
0.05,0.0,25,4,2000,mlp,27,0.002764379605650902,1,25:1.279286e-01;26:5.490701e-02;27:2.764380e-03;28:1.376280e-01
0.05,0.0,30,4,2000,mlp,33,0.005344393663108349,1,30:1.239427e-01;31:6.120545e-03;32:7.023586e-02;33:5.344394e-03
0.05,0.0,35,4,2000,mlp,38,0.033111557364463806,1,35:1.324695e-01;36:8.123618e-02;37:5.560929e-02;38:3.311156e-02
0.05,0.0,40,4,2000,mlp,40,0.009129063226282597,1,40:9.129063e-03;41:7.828178e-02;42:3.965942e-02;43:1.084245e-02
0.05,0.0,45,4,2000,mlp,46,0.013089055195450783,1,45:7.985064e-02;46:1.308906e-02;47:4.349815e-02;48:2.071363e-02
0.05,0.0,50,4,2000,mlp,51,0.005209401715546846,1,50:7.535083e-02;51:5.209402e-03;52:1.355340e-01;53:2.007215e-02
0.1,0.0,0,4,2000,mlp,0,0.0005463858833536506,1,0:5.463859e-04;1:1.214240e-01;2:1.107116e-01;3:4.268606e-03
0.1,0.0,5,4,2000,mlp,8,0.016298681497573853,1,5:1.137192e-01;6:6.954162e-02;7:1.007261e-01;8:1.629868e-02
0.1,0.0,10,4,2000,mlp,12,0.030037887394428253,1,10:7.051403e-02;11:6.450229e-02;12:3.003789e-02;13:1.293595e-01
0.1,0.0,15,4,2000,mlp,18,0.007444294635206461,1,15:6.686062e-02;16:8.541477e-02;17:3.934493e-02;18:7.444295e-03
0.1,0.0,20,4,2000,mlp,20,0.005308006890118122,1,20:5.308007e-03;21:1.587644e-02;22:4.289151e-02;23:8.286291e-02
0.1,0.0,25,4,2000,mlp,27,0.0006916610873304307,1,25:4.086960e-02;26:3.365436e-02;27:6.916611e-04;28:1.533650e-01
0.1,0.0,30,4,2000,mlp,33,0.005962921306490898,1,30:1.834746e-01;31:4.572574e-02;32:3.901276e-02;33:5.962921e-03
0.1,0.0,35,4,2000,mlp,35,0.0022699376568198204,1,35:2.269938e-03;36:1.056755e-01;37:2.111570e-02;38:9.764807e-03
0.1,0.0,40,4,2000,mlp,40,0.003980385139584541,1,40:3.980385e-03;41:9.733045e-03;42:7.125031e-02;43:5.447768e-02
0.1,0.0,45,4,2000,mlp,48,0.0002492960775271058,1,45:1.153686e-01;46:6.558377e-02;47:9.696366e-02;48:2.492961e-04
0.1,0.0,50,4,2000,mlp,53,0.01346581894904375,1,50:8.700866e-02;51:2.012878e-02;52:4.988080e-02;53:1.346582e-02
0.3,0.15,0,4,2000,fourier,1,2.64626987700467e-06,1,0:2.984187e-06;1:2.646270e-06;2:5.650259e-06;3:6.861023e-06
0.3,0.15,5,4,2000,fourier,7,4.022829216410173e-06,1,5:6.762789e-06;6:9.740387e-06;7:4.022829e-06;8:5.005829e-06
0.3,0.15,10,4,2000,fourier,10,4.578682364808628e-06,1,10:4.578682e-06;11:6.189509e-06;12:7.722489e-06;13:2.728031e-05
0.3,0.15,15,4,2000,fourier,17,2.853534851965378e-06,1,15:6.202667e-06;16:8.930260e-06;17:2.853535e-06;18:7.971869e-06
0.3,0.15,20,4,2000,fourier,22,4.00944372813683e-06,1,20:1.055955e-05;21:8.736735e-06;22:4.009444e-06;23:5.549754e-06
0.3,0.15,25,4,2000,fourier,25,1.2132372830819804e-06,1,25:1.213237e-06;26:4.718907e-06;27:5.873944e-06;28:1.304314e-05
0.3,0.15,30,4,2000,fourier,30,1.837955664996116e-06,1,30:1.837956e-06;31:9.632203e-06;32:3.647820e-06;33:3.272738e-06
0.3,0.15,35,4,2000,fourier,35,1.4495248024104512e-06,1,35:1.449525e-06;36:3.808082e-06;37:4.665579e-06;38:4.259521e-06
0.3,0.15,40,4,2000,fourier,41,1.6894841792236548e-06,1,40:1.527804e-05;41:1.689484e-06;42:2.971387e-06;43:2.137758e-06
0.3,0.15,45,4,2000,fourier,47,3.0273768061306328e-06,1,45:9.791564e-06;46:3.851547e-06;47:3.027377e-06;48:1.227289e-05
0.3,0.15,50,4,2000,fourier,53,2.6400721253594384e-06,1,50:4.580643e-06;51:2.867407e-06;52:2.693006e-06;53:2.640072e-06
0.3,0.3,0,4,2000,fourier,3,1.7918792991622468e-06,1,0:7.456939e-06;1:1.245155e-05;2:6.516087e-06;3:1.791879e-06
0.3,0.3,5,4,2000,fourier,6,1.9270598841103492e-06,1,5:6.218205e-06;6:1.927060e-06;7:4.495917e-06;8:3.724195e-06
0.3,0.3,10,4,2000,fourier,12,2.1220325834292453e-06,1,10:4.067868e-06;11:3.678699e-06;12:2.122033e-06;13:5.449559e-06
0.3,0.3,15,4,2000,fourier,15,3.4351621707173763e-06,1,15:3.435162e-06;16:8.836854e-06;17:7.357502e-06;18:3.466569e-06
0.3,0.3,20,4,2000,fourier,22,3.938705049222335e-06,1,20:4.425834e-06;21:7.661744e-06;22:3.938705e-06;23:6.318824e-06
0.3,0.3,25,4,2000,fourier,28,2.8749827833962627e-06,1,25:7.569893e-06;26:2.661276e-05;27:1.874686e-05;28:2.874983e-06
0.3,0.3,30,4,2000,fourier,30,3.958687102567637e-06,1,30:3.958687e-06;31:1.307151e-05;32:2.176223e-05;33:5.946498e-06
0.3,0.3,35,4,2000,fourier,37,2.023180286414572e-06,1,35:6.045565e-06;36:4.379969e-06;37:2.023180e-06;38:3.008417e-06
0.3,0.3,40,4,2000,fourier,43,5.723391950596124e-06,1,40:9.538368e-06;41:1.138963e-05;42:6.686338e-06;43:5.723392e-06
0.3,0.3,45,4,2000,fourier,45,2.898597358580446e-06,1,45:2.898597e-06;46:7.097947e-06;47:6.726667e-06;48:6.013800e-06
0.3,0.3,50,4,2000,fourier,52,3.3351734600728378e-06,1,50:2.020355e-05;51:4.061153e-06;52:3.335173e-06;53:4.126171e-06
0.3,0.6,0,4,2000,fourier,2,4.419224296725588e-06,1,0:1.423205e-05;1:1.238689e-05;2:4.419224e-06;3:7.035773e-06
0.3,0.6,5,4,2000,fourier,7,1.4207740605343133e-05,1,5:1.730246e-05;6:1.693484e-05;7:1.420774e-05;8:1.636509e-05
0.3,0.6,10,4,2000,fourier,10,5.613490429823287e-06,1,10:5.613490e-06;11:2.466123e-05;12:7.980456e-06;13:1.895783e-05
0.3,0.6,15,4,2000,fourier,18,8.654167686472647e-06,1,15:4.124401e-05;16:1.688513e-05;17:9.530492e-06;18:8.654168e-06
0.3,0.6,20,4,2000,fourier,20,1.361190061288653e-05,1,20:1.361190e-05;21:2.568092e-05;22:1.723606e-05;23:1.937435e-05
0.3,0.6,25,4,2000,fourier,25,3.568540478227078e-06,1,25:3.568540e-06;26:8.520433e-06;27:7.581507e-06;28:7.308646e-06
0.3,0.6,30,4,2000,fourier,30,1.4682664186693728e-05,1,30:1.468266e-05;31:2.219412e-05;32:2.188645e-05;33:1.633686e-05
0.3,0.6,35,4,2000,fourier,38,9.71549434325425e-06,1,35:1.150323e-05;36:8.135229e-05;37:2.833276e-05;38:9.715494e-06
0.3,0.6,40,4,2000,fourier,43,1.0853135790966917e-05,1,40:1.176237e-05;41:2.548341e-05;42:1.273599e-05;43:1.085314e-05
0.3,0.6,45,4,2000,fourier,48,8.442881153314374e-06,1,45:9.321290e-06;46:1.334114e-05;47:1.477154e-05;48:8.442881e-06
0.3,0.6,50,4,2000,fourier,53,7.668698344787117e-06,1,50:1.576576e-05;51:1.020242e-05;52:2.570653e-05;53:7.668698e-06
0.3,1.5,0,4,2000,fourier,3,3.160601409035735e-05,1,0:1.027401e-04;1:5.297416e-05;2:1.044186e-04;3:3.160601e-05
0.3,1.5,5,4,2000,fourier,7,3.6128862120676786e-05,1,5:1.599997e-04;6:1.636868e-04;7:3.612886e-05;8:1.067165e-04
0.3,1.5,10,4,2000,fourier,12,4.1219314880436286e-05,1,10:1.505804e-04;11:6.265380e-05;12:4.121931e-05;13:7.737409e-05
0.3,1.5,15,4,2000,fourier,16,7.324999751290306e-05,1,15:1.295831e-04;16:7.325000e-05;17:9.181281e-05;18:4.195300e-04
0.3,1.5,20,4,2000,fourier,21,1.4499150893243495e-05,1,20:2.476499e-05;21:1.449915e-05;22:3.985985e-05;23:7.487720e-05
0.3,1.5,25,4,2000,fourier,28,8.981936844065785e-05,1,25:9.189377e-05;26:1.367319e-04;27:2.383099e-04;28:8.981937e-05
0.3,1.5,30,4,2000,fourier,33,6.27869667368941e-05,1,30:1.302098e-04;31:2.573381e-04;32:2.252101e-04;33:6.278697e-05
0.3,1.5,35,4,2000,fourier,37,1.4706574802403338e-05,1,35:1.938139e-05;36:3.543389e-05;37:1.470657e-05;38:8.603463e-05
0.3,1.5,40,4,2000,fourier,43,1.9336423065396957e-05,1,40:8.342595e-05;41:5.856058e-05;42:1.950831e-04;43:1.933642e-05
0.3,1.5,45,4,2000,fourier,45,7.679818736505695e-06,1,45:7.679819e-06;46:3.487046e-05;47:7.244190e-05;48:8.868983e-05
0.3,1.5,50,4,2000,fourier,50,6.531258259201422e-05,1,50:6.531258e-05;51:1.239791e-04;52:1.893682e-04;53:1.436932e-04
0.3,3.0,0,4,2000,fourier,3,0.001430643373169005,1,0:3.252743e-03;1:2.413470e-03;2:1.694989e-03;3:1.430643e-03
0.3,3.0,5,4,2000,fourier,7,0.0002603126922622323,1,5:1.058582e-03;6:4.682349e-04;7:2.603127e-04;8:1.849179e-03
0.3,3.0,10,4,2000,fourier,12,0.0005737321334891021,1,10:3.098924e-03;11:1.012578e-03;12:5.737321e-04;13:7.340161e-04
0.3,3.0,15,4,2000,fourier,15,0.0006659848731942475,1,15:6.659849e-04;16:1.202703e-03;17:2.643470e-03;18:7.502762e-04
0.3,3.0,20,4,2000,fourier,23,0.0007121188100427389,1,20:4.066070e-03;21:2.415239e-03;22:1.142101e-03;23:7.121188e-04
0.3,3.0,25,4,2000,fourier,25,0.0010395681019872427,1,25:1.039568e-03;26:4.198357e-03;27:2.020219e-03;28:3.903480e-03
0.3,3.0,30,4,2000,fourier,33,0.0020108523312956095,1,30:4.598874e-03;31:3.501170e-03;32:2.565649e-03;33:2.010852e-03
0.3,3.0,35,4,2000,fourier,36,0.0005134468083269894,1,35:5.301361e-03;36:5.134468e-04;37:5.344348e-04;38:7.146188e-03
0.3,3.0,40,4,2000,fourier,40,0.0007925739628262818,1,40:7.925740e-04;41:2.252890e-03;42:4.661342e-03;43:7.242495e-03
0.3,3.0,45,4,2000,fourier,45,4.85479504277464e-05,1,45:4.854795e-05;46:4.347696e-03;47:1.838615e-03;48:4.018228e-03
0.3,3.0,50,4,2000,fourier,50,0.00015619663463439792,1,50:1.561966e-04;51:3.291846e-03;52:7.946313e-04;53:1.970177e-03
0.3,7.5,0,4,2000,fourier,3,0.10386868566274643,0,0:2.245215e-01;1:1.802152e-01;2:2.284294e-01;3:1.038687e-01
0.3,7.5,5,4,2000,fourier,5,0.023178499191999435,1,5:2.317850e-02;6:2.329206e-01;7:2.329513e-01;8:2.319930e-01
0.3,7.5,10,4,2000,fourier,13,0.07608199119567871,0,10:1.897929e-01;11:2.324027e-01;12:1.165541e-01;13:7.608199e-02
0.3,7.5,15,4,2000,fourier,17,0.08029480278491974,0,15:2.320388e-01;16:2.036913e-01;17:8.029480e-02;18:2.323396e-01
0.3,7.5,20,4,2000,fourier,20,0.15678125619888306,0,20:1.567813e-01;21:1.975578e-01;22:2.332166e-01;23:2.257032e-01
0.3,7.5,25,4,2000,fourier,27,0.022204315289855003,1,25:9.508686e-02;26:2.327858e-01;27:2.220432e-02;28:1.327596e-01
0.3,7.5,30,4,2000,fourier,32,0.04158414527773857,1,30:2.328667e-01;31:2.331499e-01;32:4.158415e-02;33:2.323736e-01
0.3,7.5,35,4,2000,fourier,38,0.07714968174695969,0,35:2.309261e-01;36:2.179795e-01;37:2.307432e-01;38:7.714968e-02
0.3,7.5,40,4,2000,fourier,42,0.17876850068569183,0,40:2.105667e-01;41:2.299254e-01;42:1.787685e-01;43:2.326543e-01
0.3,7.5,45,4,2000,fourier,46,0.03479062765836716,1,45:1.742461e-01;46:3.479063e-02;47:1.488364e-01;48:2.323489e-01
0.3,7.5,50,4,2000,fourier,51,0.024034421890974045,1,50:2.315677e-01;51:2.403442e-02;52:2.003821e-01;53:2.243911e-01
0.3,15.0,0,4,2000,fourier,3,0.09721328318119049,0,0:2.325186e-01;1:2.311060e-01;2:1.592974e-01;3:9.721328e-02
0.3,15.0,5,4,2000,fourier,8,0.11601007729768753,0,5:2.114308e-01;6:2.302572e-01;7:2.323768e-01;8:1.160101e-01
0.3,15.0,10,4,2000,fourier,11,0.14356698095798492,0,10:2.320404e-01;11:1.435670e-01;12:2.307558e-01;13:2.325884e-01
0.3,15.0,15,4,2000,fourier,16,0.07935546338558197,0,15:2.325302e-01;16:7.935546e-02;17:1.884110e-01;18:2.052179e-01
0.3,15.0,20,4,2000,fourier,22,0.1464684158563614,0,20:1.634775e-01;21:2.083581e-01;22:1.464684e-01;23:2.314643e-01
0.3,15.0,25,4,2000,fourier,27,0.08430194854736328,0,25:2.324421e-01;26:2.159165e-01;27:8.430195e-02;28:1.222305e-01
0.3,15.0,30,4,2000,fourier,30,0.11411493271589279,0,30:1.141149e-01;31:2.323958e-01;32:1.815603e-01;33:2.324916e-01
0.3,15.0,35,4,2000,fourier,35,0.10655367374420166,0,35:1.065537e-01;36:2.247629e-01;37:1.870098e-01;38:2.309557e-01
0.3,15.0,40,4,2000,fourier,42,0.0926937609910965,0,40:2.324269e-01;41:2.191614e-01;42:9.269376e-02;43:2.312003e-01
0.3,15.0,45,4,2000,fourier,47,0.10726416110992432,0,45:2.059354e-01;46:2.089558e-01;47:1.072642e-01;48:2.323884e-01
0.3,15.0,50,4,2000,fourier,52,0.07378029823303223,0,50:2.326876e-01;51:1.250124e-01;52:7.378030e-02;53:2.218158e-01
0.3,30.0,0,4,2000,fourier,3,0.23247607052326202,0,0:2.325163e-01;1:2.324791e-01;2:2.324950e-01;3:2.324761e-01
0.3,30.0,5,4,2000,fourier,7,0.23237287998199463,0,5:2.324530e-01;6:2.324673e-01;7:2.323729e-01;8:2.324286e-01
0.3,30.0,10,4,2000,fourier,11,0.2324827015399933,0,10:2.324858e-01;11:2.324827e-01;12:2.325057e-01;13:2.325080e-01
0.3,30.0,15,4,2000,fourier,18,0.2323669046163559,0,15:2.324228e-01;16:2.324978e-01;17:2.323746e-01;18:2.323669e-01
0.3,30.0,20,4,2000,fourier,22,0.23239675164222717,0,20:2.324911e-01;21:2.324652e-01;22:2.323968e-01;23:2.325239e-01
0.3,30.0,25,4,2000,fourier,25,0.2319248914718628,0,25:2.319249e-01;26:2.324518e-01;27:2.320997e-01;28:2.324756e-01
0.3,30.0,30,4,2000,fourier,32,0.23233135044574738,0,30:2.324682e-01;31:2.324932e-01;32:2.323314e-01;33:2.324775e-01
0.3,30.0,35,4,2000,fourier,35,0.23241198062896729,0,35:2.324120e-01;36:2.324445e-01;37:2.325061e-01;38:2.325330e-01
0.3,30.0,40,4,2000,fourier,42,0.23233887553215027,0,40:2.325115e-01;41:2.324102e-01;42:2.323389e-01;43:2.324784e-01
0.3,30.0,45,4,2000,fourier,46,0.2308502048254013,0,45:2.325312e-01;46:2.308502e-01;47:2.324265e-01;48:2.325398e-01
0.3,30.0,50,4,2000,fourier,50,0.23136140406131744,0,50:2.313614e-01;51:2.324756e-01;52:2.324069e-01;53:2.324830e-01
0.3,0.0,0,4,2000,mlp,1,1.7251159079023637e-05,1,0:7.000648e-05;1:1.725116e-05;2:1.931547e-04;3:1.957029e-05
0.3,0.0,5,4,2000,mlp,5,9.757219231687486e-06,1,5:9.757219e-06;6:1.409223e-04;7:1.066954e-04;8:1.728249e-05
0.3,0.0,10,4,2000,mlp,13,5.150514425622532e-06,1,10:1.992518e-05;11:7.541964e-05;12:5.683379e-05;13:5.150514e-06
0.3,0.0,15,4,2000,mlp,17,5.665711432811804e-05,1,15:1.013696e-04;16:8.466392e-05;17:5.665711e-05;18:9.949028e-05
0.3,0.0,20,4,2000,mlp,21,1.594724199094344e-05,1,20:2.498283e-04;21:1.594724e-05;22:5.870944e-05;23:4.134360e-05
0.3,0.0,25,4,2000,mlp,25,2.1965977794025093e-05,1,25:2.196598e-05;26:7.821488e-05;27:3.189825e-05;28:1.527214e-04
0.3,0.0,30,4,2000,mlp,32,2.3196071197162382e-05,1,30:1.537149e-04;31:9.603023e-05;32:2.319607e-05;33:6.074709e-05
0.3,0.0,35,4,2000,mlp,35,1.6677970052114688e-05,1,35:1.667797e-05;36:1.059676e-04;37:3.514317e-05;38:3.530559e-05
0.3,0.0,40,4,2000,mlp,43,4.1375478758709505e-05,1,40:7.210335e-05;41:6.268435e-05;42:1.348113e-04;43:4.137548e-05
0.3,0.0,45,4,2000,mlp,46,1.004147907224251e-05,1,45:1.298724e-05;46:1.004148e-05;47:1.567057e-04;48:2.465495e-04
0.3,0.0,50,4,2000,mlp,52,1.4510660548694432e-05,1,50:1.924249e-05;51:1.470536e-05;52:1.451066e-05;53:3.187155e-05
0.5,0.15,0,4,2000,fourier,2,1.8884264818552765e-06,1,0:2.747247e-06;1:2.377199e-06;2:1.888426e-06;3:1.892842e-06
0.5,0.15,5,4,2000,fourier,6,2.035854777204804e-06,1,5:4.563743e-06;6:2.035855e-06;7:9.835276e-06;8:4.560417e-06
0.5,0.15,10,4,2000,fourier,13,5.797048174827069e-07,1,10:3.494915e-06;11:3.225027e-06;12:1.953035e-06;13:5.797048e-07
0.5,0.15,15,4,2000,fourier,16,2.686058451217832e-06,1,15:7.735205e-06;16:2.686058e-06;17:4.921458e-06;18:2.726995e-06
0.5,0.15,20,4,2000,fourier,20,3.038200929950108e-06,1,20:3.038201e-06;21:5.359612e-06;22:3.302375e-06;23:9.051034e-06
0.5,0.15,25,4,2000,fourier,25,9.272540069105162e-07,1,25:9.272540e-07;26:1.131845e-06;27:4.194726e-06;28:2.698351e-06
0.5,0.15,30,4,2000,fourier,32,1.5271024267349276e-06,1,30:4.662376e-06;31:3.722874e-06;32:1.527102e-06;33:5.598174e-06
0.5,0.15,35,4,2000,fourier,37,1.1990138091277913e-06,1,35:1.955618e-06;36:2.895671e-06;37:1.199014e-06;38:3.057238e-06
0.5,0.15,40,4,2000,fourier,40,2.1058494894532487e-06,1,40:2.105849e-06;41:6.131675e-06;42:2.173370e-06;43:2.932923e-06
0.5,0.15,45,4,2000,fourier,45,1.6936386373345158e-06,1,45:1.693639e-06;46:2.393101e-06;47:6.670634e-06;48:3.368768e-06
0.5,0.15,50,4,2000,fourier,50,9.091617698686605e-07,1,50:9.091618e-07;51:1.225099e-06;52:2.529920e-06;53:3.067641e-06
0.5,0.3,0,4,2000,fourier,1,2.639867716425215e-06,1,0:2.683511e-06;1:2.639868e-06;2:6.004221e-06;3:6.936321e-06
0.5,0.3,5,4,2000,fourier,7,1.5761423810545239e-06,1,5:1.779292e-06;6:2.181359e-06;7:1.576142e-06;8:5.314244e-06
0.5,0.3,10,4,2000,fourier,12,1.5247902638293453e-06,1,10:3.584647e-06;11:2.704430e-06;12:1.524790e-06;13:6.515299e-06
0.5,0.3,15,4,2000,fourier,16,2.167414550058311e-06,1,15:5.881412e-06;16:2.167415e-06;17:4.141135e-06;18:2.478442e-06
0.5,0.3,20,4,2000,fourier,21,2.3195004814624554e-06,1,20:4.189318e-06;21:2.319500e-06;22:4.342534e-06;23:5.543064e-06
0.5,0.3,25,4,2000,fourier,26,1.4730075008628774e-06,1,25:1.933849e-06;26:1.473008e-06;27:3.700830e-06;28:2.445153e-06
0.5,0.3,30,4,2000,fourier,30,2.7752400910685537e-06,1,30:2.775240e-06;31:1.282262e-05;32:2.939621e-06;33:7.070440e-06
0.5,0.3,35,4,2000,fourier,35,1.4298856285677175e-06,1,35:1.429886e-06;36:7.400616e-06;37:3.620872e-06;38:3.538969e-06
0.5,0.3,40,4,2000,fourier,40,2.1446176106110215e-06,1,40:2.144618e-06;41:4.335875e-06;42:4.436925e-06;43:4.520318e-06
0.5,0.3,45,4,2000,fourier,46,2.3548698209197028e-06,1,45:8.214648e-06;46:2.354870e-06;47:2.850338e-06;48:2.807205e-06
0.5,0.3,50,4,2000,fourier,53,2.2372503281076206e-06,1,50:3.286703e-06;51:3.803653e-06;52:5.063705e-06;53:2.237250e-06
0.5,0.6,0,4,2000,fourier,3,2.9782850106130354e-06,1,0:4.654250e-06;1:5.204734e-06;2:4.975775e-06;3:2.978285e-06
0.5,0.6,5,4,2000,fourier,6,3.4972254070453346e-06,1,5:5.599122e-06;6:3.497225e-06;7:1.632009e-05;8:6.364899e-06
0.5,0.6,10,4,2000,fourier,11,6.08944446867099e-06,1,10:7.975401e-06;11:6.089444e-06;12:6.103407e-06;13:1.535788e-05
0.5,0.6,15,4,2000,fourier,16,9.416871762368828e-06,1,15:1.748181e-05;16:9.416872e-06;17:1.110140e-05;18:1.295747e-05
0.5,0.6,20,4,2000,fourier,20,3.0342262107296847e-06,1,20:3.034226e-06;21:2.685871e-05;22:9.357107e-06;23:6.662333e-06
0.5,0.6,25,4,2000,fourier,28,2.7587248041527346e-06,1,25:6.998804e-06;26:4.170250e-06;27:7.567424e-06;28:2.758725e-06
0.5,0.6,30,4,2000,fourier,30,4.2044525798701216e-06,1,30:4.204453e-06;31:8.728733e-06;32:9.419384e-06;33:5.223712e-06
0.5,0.6,35,4,2000,fourier,37,1.821833961912489e-06,1,35:9.846062e-06;36:1.021692e-05;37:1.821834e-06;38:8.489000e-06
0.5,0.6,40,4,2000,fourier,43,3.599762521844241e-06,1,40:6.151671e-06;41:7.012035e-06;42:7.141878e-06;43:3.599763e-06
0.5,0.6,45,4,2000,fourier,47,3.3729088499967474e-06,1,45:8.575338e-06;46:9.896396e-06;47:3.372909e-06;48:9.335689e-06
0.5,0.6,50,4,2000,fourier,52,4.344475200923625e-06,1,50:4.987602e-06;51:1.577913e-05;52:4.344475e-06;53:1.192326e-05
0.5,1.5,0,4,2000,fourier,0,1.9456327208899893e-05,1,0:1.945633e-05;1:7.863498e-05;2:4.394651e-05;3:2.821463e-05
0.5,1.5,5,4,2000,fourier,6,8.112529940262903e-06,1,5:9.129587e-06;6:8.112530e-06;7:4.853436e-05;8:4.059058e-05
0.5,1.5,10,4,2000,fourier,13,1.6451112969662063e-05,1,10:9.587824e-05;11:5.918252e-05;12:2.260055e-05;13:1.645111e-05
0.5,1.5,15,4,2000,fourier,17,2.6007652195403352e-05,1,15:3.093848e-05;16:3.957385e-05;17:2.600765e-05;18:5.365483e-05
0.5,1.5,20,4,2000,fourier,21,8.238437658292241e-06,1,20:3.485990e-05;21:8.238438e-06;22:1.242990e-05;23:6.379937e-05
0.5,1.5,25,4,2000,fourier,27,1.951467311300803e-05,1,25:3.080613e-05;26:6.775791e-05;27:1.951467e-05;28:3.755793e-05
0.5,1.5,30,4,2000,fourier,33,1.8840002667275257e-05,1,30:6.513051e-05;31:1.020689e-04;32:6.329464e-05;33:1.884000e-05
0.5,1.5,35,4,2000,fourier,37,5.4582974371442106e-06,1,35:2.311585e-05;36:2.529190e-05;37:5.458297e-06;38:1.585646e-05
0.5,1.5,40,4,2000,fourier,42,1.3504934941011015e-05,1,40:3.415966e-05;41:3.526156e-05;42:1.350493e-05;43:2.144717e-05
0.5,1.5,45,4,2000,fourier,45,3.1060037599672796e-06,1,45:3.106004e-06;46:2.740401e-05;47:1.363261e-05;48:4.842397e-05
0.5,1.5,50,4,2000,fourier,51,1.108148990169866e-05,1,50:1.284783e-05;51:1.108149e-05;52:6.390615e-05;53:7.528795e-05
0.5,3.0,0,4,2000,fourier,2,2.1930105503997765e-05,1,0:4.916942e-05;1:7.481463e-05;2:2.193011e-05;3:3.356791e-05
0.5,3.0,5,4,2000,fourier,8,1.0675137673388235e-05,1,5:2.483248e-05;6:5.026339e-05;7:9.649844e-05;8:1.067514e-05
0.5,3.0,10,4,2000,fourier,10,1.5412766515510157e-05,1,10:1.541277e-05;11:1.147809e-04;12:8.213320e-05;13:2.667600e-04
0.5,3.0,15,4,2000,fourier,16,1.4783649930905085e-05,1,15:2.724211e-05;16:1.478365e-05;17:7.672984e-05;18:7.450322e-05
0.5,3.0,20,4,2000,fourier,22,6.075718829379184e-06,1,20:4.565773e-05;21:1.061448e-04;22:6.075719e-06;23:7.901568e-05
0.5,3.0,25,4,2000,fourier,27,2.9495533453882672e-05,1,25:1.233629e-04;26:3.225733e-05;27:2.949553e-05;28:5.230008e-05
0.5,3.0,30,4,2000,fourier,31,1.851356864790432e-05,1,30:1.554744e-04;31:1.851357e-05;32:2.292529e-05;33:1.515992e-04
0.5,3.0,35,4,2000,fourier,35,8.138372322719079e-06,1,35:8.138372e-06;36:8.026123e-05;37:2.975954e-05;38:2.129188e-05
0.5,3.0,40,4,2000,fourier,43,2.1849738914170302e-05,1,40:3.226642e-05;41:6.161583e-05;42:6.289515e-05;43:2.184974e-05
0.5,3.0,45,4,2000,fourier,47,1.2892074664705433e-05,1,45:3.477568e-05;46:4.829788e-05;47:1.289207e-05;48:5.043731e-05
0.5,3.0,50,4,2000,fourier,50,8.688432899361942e-06,1,50:8.688433e-06;51:5.348481e-05;52:1.178286e-04;53:2.148204e-05
0.5,7.5,0,4,2000,fourier,2,0.004503290634602308,1,0:9.249795e-03;1:1.272642e-02;2:4.503291e-03;3:5.254200e-03
0.5,7.5,5,4,2000,fourier,7,0.0021737900096923113,1,5:6.335354e-03;6:1.020111e-02;7:2.173790e-03;8:3.882663e-03
0.5,7.5,10,4,2000,fourier,10,0.005520956125110388,1,10:5.520956e-03;11:7.641330e-03;12:8.840363e-03;13:6.148902e-03
0.5,7.5,15,4,2000,fourier,17,0.0018582209013402462,1,15:8.429510e-03;16:9.030062e-03;17:1.858221e-03;18:7.380836e-03
0.5,7.5,20,4,2000,fourier,20,0.005887034814804792,1,20:5.887035e-03;21:1.001623e-02;22:8.508127e-03;23:1.384326e-02
0.5,7.5,25,4,2000,fourier,28,0.003754212986677885,1,25:8.287787e-03;26:1.038812e-02;27:6.375509e-03;28:3.754213e-03
0.5,7.5,30,4,2000,fourier,31,0.006232384592294693,1,30:9.232893e-03;31:6.232385e-03;32:6.465049e-03;33:9.818211e-03
0.5,7.5,35,4,2000,fourier,37,0.0036766878329217434,1,35:1.072548e-02;36:8.642890e-03;37:3.676688e-03;38:7.900052e-03
0.5,7.5,40,4,2000,fourier,40,0.005942198913544416,1,40:5.942199e-03;41:9.090505e-03;42:9.777085e-03;43:6.627739e-03
0.5,7.5,45,4,2000,fourier,47,0.004388031084090471,1,45:7.280685e-03;46:7.253780e-03;47:4.388031e-03;48:5.411149e-03
0.5,7.5,50,4,2000,fourier,50,0.0038856512401252985,1,50:3.885651e-03;51:8.254997e-03;52:6.484735e-03;53:7.456619e-03
0.5,15.0,0,4,2000,fourier,3,0.04793884977698326,1,0:1.170434e-01;1:1.187574e-01;2:9.235252e-02;3:4.793885e-02
0.5,15.0,5,4,2000,fourier,8,0.060422223061323166,0,5:1.171504e-01;6:1.191708e-01;7:1.155842e-01;8:6.042222e-02
0.5,15.0,10,4,2000,fourier,11,0.10899914056062698,0,10:1.173306e-01;11:1.089991e-01;12:1.182863e-01;13:1.172557e-01
0.5,15.0,15,4,2000,fourier,16,0.039884552359580994,1,15:1.194521e-01;16:3.988455e-02;17:6.632124e-02;18:6.014120e-02
0.5,15.0,20,4,2000,fourier,22,0.09640694409608841,0,20:9.727193e-02;21:1.143195e-01;22:9.640694e-02;23:1.192666e-01
0.5,15.0,25,4,2000,fourier,27,0.03641931712627411,1,25:1.183517e-01;26:1.163337e-01;27:3.641932e-02;28:8.344063e-02
0.5,15.0,30,4,2000,fourier,30,0.07508653402328491,0,30:7.508653e-02;31:1.190263e-01;32:1.145130e-01;33:1.195524e-01
0.5,15.0,35,4,2000,fourier,35,0.0816165879368782,0,35:8.161659e-02;36:1.097778e-01;37:1.088709e-01;38:1.191289e-01
0.5,15.0,40,4,2000,fourier,42,0.03937394544482231,1,40:1.161558e-01;41:1.183374e-01;42:3.937395e-02;43:1.194539e-01
0.5,15.0,45,4,2000,fourier,47,0.060625482350587845,0,45:1.131049e-01;46:9.062802e-02;47:6.062548e-02;48:1.194878e-01
0.5,15.0,50,4,2000,fourier,50,0.0685654729604721,0,50:6.856547e-02;51:7.427516e-02;52:6.944438e-02;53:1.146599e-01
0.5,30.0,0,4,2000,fourier,3,0.11978266388177872,0,0:1.197937e-01;1:1.197961e-01;2:1.198110e-01;3:1.197827e-01
0.5,30.0,5,4,2000,fourier,7,0.1196042150259018,0,5:1.197908e-01;6:1.197791e-01;7:1.196042e-01;8:1.198076e-01
0.5,30.0,10,4,2000,fourier,10,0.11976437270641327,0,10:1.197644e-01;11:1.197818e-01;12:1.197810e-01;13:1.197829e-01
0.5,30.0,15,4,2000,fourier,15,0.11961681395769119,0,15:1.196168e-01;16:1.197692e-01;17:1.197073e-01;18:1.197090e-01
0.5,30.0,20,4,2000,fourier,22,0.11965887993574142,0,20:1.198130e-01;21:1.197563e-01;22:1.196589e-01;23:1.197105e-01
0.5,30.0,25,4,2000,fourier,27,0.11957883834838867,0,25:1.198630e-01;26:1.197701e-01;27:1.195788e-01;28:1.197747e-01
0.5,30.0,30,4,2000,fourier,33,0.1196480393409729,0,30:1.197059e-01;31:1.197641e-01;32:1.196792e-01;33:1.196480e-01
0.5,30.0,35,4,2000,fourier,36,0.11949644982814789,0,35:1.196904e-01;36:1.194964e-01;37:1.197810e-01;38:1.198168e-01
0.5,30.0,40,4,2000,fourier,42,0.11968150734901428,0,40:1.197954e-01;41:1.197977e-01;42:1.196815e-01;43:1.198016e-01
0.5,30.0,45,4,2000,fourier,47,0.11969120800495148,0,45:1.198058e-01;46:1.198005e-01;47:1.196912e-01;48:1.197710e-01
0.5,30.0,50,4,2000,fourier,53,0.11960764974355698,0,50:1.196811e-01;51:1.197402e-01;52:1.196937e-01;53:1.196076e-01
0.5,0.0,0,4,2000,mlp,2,5.248612069408409e-06,1,0:1.366341e-05;1:1.080333e-05;2:5.248612e-06;3:1.056628e-05
0.5,0.0,5,4,2000,mlp,8,5.531888291443465e-06,1,5:6.901282e-06;6:1.171926e-05;7:1.358264e-05;8:5.531888e-06
0.5,0.0,10,4,2000,mlp,11,2.2879937660036376e-06,1,10:9.621100e-06;11:2.287994e-06;12:1.744456e-05;13:7.874793e-06
0.5,0.0,15,4,2000,mlp,17,4.629176146409009e-06,1,15:5.582055e-06;16:5.547591e-06;17:4.629176e-06;18:3.016375e-05
0.5,0.0,20,4,2000,mlp,22,8.162110134435352e-06,1,20:2.610507e-05;21:2.333271e-05;22:8.162110e-06;23:1.104119e-05
0.5,0.0,25,4,2000,mlp,28,1.471206996939145e-05,1,25:1.660818e-05;26:3.401835e-05;27:2.223737e-05;28:1.471207e-05
0.5,0.0,30,4,2000,mlp,32,7.954110515129287e-06,1,30:1.765889e-05;31:2.013474e-05;32:7.954111e-06;33:2.089778e-05
0.5,0.0,35,4,2000,mlp,38,5.11723055751645e-06,1,35:3.379882e-05;36:6.981118e-06;37:5.379448e-06;38:5.117231e-06
0.5,0.0,40,4,2000,mlp,41,4.111986982024973e-06,1,40:1.331069e-05;41:4.111987e-06;42:1.152207e-05;43:6.178755e-06
0.5,0.0,45,4,2000,mlp,45,6.462173587351572e-06,1,45:6.462174e-06;46:8.151794e-06;47:2.531940e-05;48:1.372994e-05
0.5,0.0,50,4,2000,mlp,52,8.71610245667398e-06,1,50:1.159872e-05;51:9.367962e-06;52:8.716102e-06;53:1.624412e-05
1.0,0.15,0,4,2000,fourier,3,5.748109970227233e-07,1,0:3.615318e-06;1:1.902718e-06;2:2.341208e-06;3:5.748110e-07
1.0,0.15,5,4,2000,fourier,6,9.94906145024288e-07,1,5:2.983643e-06;6:9.949061e-07;7:7.089079e-06;8:6.979953e-06
1.0,0.15,10,4,2000,fourier,13,1.915647771966178e-06,1,10:2.882695e-06;11:3.394246e-06;12:8.058140e-06;13:1.915648e-06
1.0,0.15,15,4,2000,fourier,15,2.5576271127647487e-06,1,15:2.557627e-06;16:3.829040e-06;17:5.290886e-06;18:2.639143e-06
1.0,0.15,20,4,2000,fourier,23,1.6235059092650772e-06,1,20:2.524782e-06;21:4.335143e-06;22:4.062841e-06;23:1.623506e-06
1.0,0.15,25,4,2000,fourier,25,5.983081337035401e-07,1,25:5.983081e-07;26:3.626810e-06;27:7.241182e-06;28:3.783257e-06
1.0,0.15,30,4,2000,fourier,32,5.312887196851079e-07,1,30:1.496042e-06;31:3.571515e-06;32:5.312887e-07;33:2.649894e-06
1.0,0.15,35,4,2000,fourier,38,1.8628128373165964e-06,1,35:4.525119e-06;36:2.690175e-06;37:3.698634e-06;38:1.862813e-06
1.0,0.15,40,4,2000,fourier,42,1.3120712765157805e-06,1,40:4.662639e-06;41:6.704235e-06;42:1.312071e-06;43:2.275258e-06
1.0,0.15,45,4,2000,fourier,47,2.2179281131684547e-06,1,45:3.189088e-06;46:3.706526e-06;47:2.217928e-06;48:2.746624e-06
1.0,0.15,50,4,2000,fourier,50,2.159355972253252e-06,1,50:2.159356e-06;51:2.794180e-06;52:3.337983e-06;53:3.311317e-06
1.0,0.3,0,4,2000,fourier,0,1.6726842204661807e-06,1,0:1.672684e-06;1:2.007537e-06;2:3.337390e-06;3:2.838016e-06
1.0,0.3,5,4,2000,fourier,7,7.184777359725558e-07,1,5:6.277792e-06;6:3.655285e-06;7:7.184777e-07;8:5.586577e-06
1.0,0.3,10,4,2000,fourier,13,1.0512171684240457e-06,1,10:1.517482e-06;11:8.496127e-06;12:3.024442e-06;13:1.051217e-06
1.0,0.3,15,4,2000,fourier,17,3.6358215993459453e-07,1,15:5.530121e-06;16:6.101634e-06;17:3.635822e-07;18:3.179024e-06
1.0,0.3,20,4,2000,fourier,23,7.291241104212531e-07,1,20:1.197469e-06;21:6.630580e-06;22:2.652862e-06;23:7.291241e-07
1.0,0.3,25,4,2000,fourier,28,1.55097950482741e-06,1,25:1.121192e-05;26:3.320311e-06;27:4.580407e-06;28:1.550980e-06
1.0,0.3,30,4,2000,fourier,30,2.8889453460578807e-06,1,30:2.888945e-06;31:5.614137e-06;32:5.479289e-06;33:5.802281e-06
1.0,0.3,35,4,2000,fourier,35,2.0990194116166094e-06,1,35:2.099019e-06;36:4.344556e-06;37:2.261160e-06;38:7.676272e-06
1.0,0.3,40,4,2000,fourier,43,2.282493596794666e-06,1,40:2.767018e-06;41:3.850423e-06;42:3.797012e-06;43:2.282494e-06
1.0,0.3,45,4,2000,fourier,48,1.401403665113321e-06,1,45:4.546175e-06;46:5.925784e-06;47:3.443928e-06;48:1.401404e-06
1.0,0.3,50,4,2000,fourier,52,1.4178668834574637e-06,1,50:2.685380e-06;51:6.028207e-06;52:1.417867e-06;53:6.779325e-06
1.0,0.6,0,4,2000,fourier,1,3.6396872928889934e-06,1,0:5.868726e-06;1:3.639687e-06;2:5.267542e-06;3:4.004676e-06
1.0,0.6,5,4,2000,fourier,8,4.806774541066261e-06,1,5:1.147133e-05;6:1.000673e-05;7:1.141603e-05;8:4.806775e-06
1.0,0.6,10,4,2000,fourier,11,3.352927706146147e-06,1,10:4.581981e-06;11:3.352928e-06;12:3.692434e-06;13:7.144999e-06
1.0,0.6,15,4,2000,fourier,17,3.840155841317028e-06,1,15:9.109988e-06;16:7.967988e-06;17:3.840156e-06;18:2.003512e-05
1.0,0.6,20,4,2000,fourier,23,1.453297954867594e-06,1,20:5.399119e-06;21:3.026296e-06;22:4.329367e-06;23:1.453298e-06
1.0,0.6,25,4,2000,fourier,25,1.3148221569281304e-06,1,25:1.314822e-06;26:2.864418e-06;27:8.058148e-06;28:1.507222e-05
1.0,0.6,30,4,2000,fourier,31,3.846405888907611e-06,1,30:4.365448e-06;31:3.846406e-06;32:4.141423e-06;33:5.739985e-06
1.0,0.6,35,4,2000,fourier,37,3.71061150872265e-06,1,35:1.058843e-05;36:5.258396e-06;37:3.710612e-06;38:8.515929e-06
1.0,0.6,40,4,2000,fourier,40,1.7941258647624636e-06,1,40:1.794126e-06;41:8.972884e-06;42:5.142027e-06;43:1.104781e-05
1.0,0.6,45,4,2000,fourier,47,2.13978955798666e-06,1,45:1.948077e-05;46:2.408812e-06;47:2.139790e-06;48:5.965980e-06
1.0,0.6,50,4,2000,fourier,51,4.152589099248871e-06,1,50:5.625923e-06;51:4.152589e-06;52:1.978706e-05;53:7.931315e-06
1.0,1.5,0,4,2000,fourier,2,1.633319811844558e-06,1,0:1.946943e-06;1:2.307113e-06;2:1.633320e-06;3:1.308921e-05
1.0,1.5,5,4,2000,fourier,8,3.814794126810739e-06,1,5:5.664358e-06;6:7.761600e-06;7:4.873315e-06;8:3.814794e-06
1.0,1.5,10,4,2000,fourier,12,1.7966716541195638e-06,1,10:5.426053e-06;11:3.101131e-06;12:1.796672e-06;13:4.488194e-06
1.0,1.5,15,4,2000,fourier,16,2.4591647616034606e-06,1,15:6.870474e-06;16:2.459165e-06;17:3.086714e-06;18:3.205793e-06
1.0,1.5,20,4,2000,fourier,21,4.137691576033831e-06,1,20:1.104099e-05;21:4.137692e-06;22:5.987922e-06;23:8.064168e-06
1.0,1.5,25,4,2000,fourier,28,1.8784597841658979e-06,1,25:1.534519e-05;26:1.112300e-05;27:7.313241e-06;28:1.878460e-06
1.0,1.5,30,4,2000,fourier,31,1.8547700619819807e-06,1,30:5.303620e-06;31:1.854770e-06;32:9.534882e-06;33:6.280537e-06
1.0,1.5,35,4,2000,fourier,36,2.1010985165048623e-06,1,35:8.341769e-06;36:2.101099e-06;37:7.504345e-06;38:5.394418e-06
1.0,1.5,40,4,2000,fourier,41,2.4967171157186385e-06,1,40:6.388129e-06;41:2.496717e-06;42:3.550339e-06;43:3.971721e-06
1.0,1.5,45,4,2000,fourier,46,2.5341971650050255e-06,1,45:4.044698e-06;46:2.534197e-06;47:6.718731e-06;48:3.646532e-06
1.0,1.5,50,4,2000,fourier,52,1.6144141454788041e-06,1,50:7.643252e-06;51:4.146872e-06;52:1.614414e-06;53:4.790026e-06
1.0,3.0,0,4,2000,fourier,1,4.992872163711581e-06,1,0:1.035951e-05;1:4.992872e-06;2:5.035865e-06;3:1.684201e-05
1.0,3.0,5,4,2000,fourier,8,7.0878254518902395e-06,1,5:8.275527e-06;6:1.222601e-05;7:1.551661e-05;8:7.087825e-06
1.0,3.0,10,4,2000,fourier,12,2.90512480205507e-06,1,10:8.390008e-06;11:7.808912e-06;12:2.905125e-06;13:5.879285e-06
1.0,3.0,15,4,2000,fourier,17,3.7732206692453474e-06,1,15:7.489516e-06;16:7.416295e-06;17:3.773221e-06;18:1.523646e-05
1.0,3.0,20,4,2000,fourier,21,4.315692876843968e-06,1,20:4.442028e-06;21:4.315693e-06;22:6.326542e-06;23:1.677111e-05
1.0,3.0,25,4,2000,fourier,28,1.0430057955090888e-05,1,25:1.311442e-05;26:1.293305e-05;27:2.190318e-05;28:1.043006e-05
1.0,3.0,30,4,2000,fourier,31,5.331050488166511e-06,1,30:8.159493e-06;31:5.331050e-06;32:1.739720e-05;33:6.272957e-06
1.0,3.0,35,4,2000,fourier,35,1.9343035546626197e-06,1,35:1.934304e-06;36:4.607944e-06;37:7.776895e-06;38:3.405960e-05
1.0,3.0,40,4,2000,fourier,43,4.626476311386796e-06,1,40:8.897458e-06;41:1.803919e-05;42:4.759577e-06;43:4.626476e-06
1.0,3.0,45,4,2000,fourier,47,3.7255338156683138e-06,1,45:5.355661e-06;46:1.388820e-05;47:3.725534e-06;48:8.534901e-06
1.0,3.0,50,4,2000,fourier,52,2.1036671569163445e-06,1,50:2.034343e-05;51:1.274852e-05;52:2.103667e-06;53:1.248307e-05
1.0,7.5,0,4,2000,fourier,2,0.00019832741236314178,1,0:2.084895e-04;1:9.695979e-03;2:1.983274e-04;3:5.961252e-04
1.0,7.5,5,4,2000,fourier,7,2.317668440809939e-05,1,5:3.725247e-05;6:2.322165e-03;7:2.317668e-05;8:7.893384e-05
1.0,7.5,10,4,2000,fourier,12,3.649344580480829e-05,1,10:3.329963e-04;11:2.046910e-04;12:3.649345e-05;13:4.212571e-04
1.0,7.5,15,4,2000,fourier,16,5.4471209296025336e-05,1,15:2.477978e-03;16:5.447121e-05;17:7.381775e-05;18:3.166827e-04
1.0,7.5,20,4,2000,fourier,22,0.00010381820902694017,1,20:2.123010e-04;21:8.872370e-04;22:1.038182e-04;23:1.041217e-02
1.0,7.5,25,4,2000,fourier,26,0.00012325130228418857,1,25:4.145389e-04;26:1.232513e-04;27:6.640177e-04;28:1.475635e-04
1.0,7.5,30,4,2000,fourier,31,5.41937151865568e-06,1,30:7.901739e-04;31:5.419372e-06;32:1.762452e-04;33:1.912202e-03
1.0,7.5,35,4,2000,fourier,35,2.1527654098463245e-05,1,35:2.152765e-05;36:4.221280e-04;37:4.751756e-05;38:7.926999e-05
1.0,7.5,40,4,2000,fourier,42,5.413797407527454e-05,1,40:6.679892e-05;41:2.968129e-04;42:5.413797e-05;43:1.099345e-04
1.0,7.5,45,4,2000,fourier,47,3.531132097123191e-05,1,45:6.494431e-05;46:2.615713e-04;47:3.531132e-05;48:7.220799e-03
1.0,7.5,50,4,2000,fourier,50,9.12176528800046e-06,1,50:9.121765e-06;51:1.980003e-04;52:2.526621e-04;53:9.238410e-05
1.0,15.0,0,4,2000,fourier,3,0.0280035138130188,1,0:3.634478e-02;1:3.663602e-02;2:3.660825e-02;3:2.800351e-02
1.0,15.0,5,4,2000,fourier,8,0.026317177340388298,1,5:3.668210e-02;6:3.670202e-02;7:3.662662e-02;8:2.631718e-02
1.0,15.0,10,4,2000,fourier,10,0.034803424030542374,1,10:3.480342e-02;11:3.582847e-02;12:3.649780e-02;13:3.671861e-02
1.0,15.0,15,4,2000,fourier,16,0.03027629852294922,1,15:3.674269e-02;16:3.027630e-02;17:3.434458e-02;18:3.028716e-02
1.0,15.0,20,4,2000,fourier,22,0.03248700872063637,1,20:3.556965e-02;21:3.652773e-02;22:3.248701e-02;23:3.650010e-02
1.0,15.0,25,4,2000,fourier,27,0.029982782900333405,1,25:3.652264e-02;26:3.661450e-02;27:2.998278e-02;28:3.524650e-02
1.0,15.0,30,4,2000,fourier,30,0.03114095889031887,1,30:3.114096e-02;31:3.656305e-02;32:3.646867e-02;33:3.650750e-02
1.0,15.0,35,4,2000,fourier,35,0.02617691643536091,1,35:2.617692e-02;36:3.357925e-02;37:3.665252e-02;38:3.657061e-02
1.0,15.0,40,4,2000,fourier,42,0.025208208709955215,1,40:3.673525e-02;41:3.673690e-02;42:2.520821e-02;43:3.673822e-02
1.0,15.0,45,4,2000,fourier,47,0.03312400355935097,1,45:3.655485e-02;46:3.550892e-02;47:3.312400e-02;48:3.647337e-02
1.0,15.0,50,4,2000,fourier,52,0.03156273439526558,1,50:3.442518e-02;51:3.188622e-02;52:3.156273e-02;53:3.648385e-02
1.0,30.0,0,4,2000,fourier,1,0.036690790206193924,1,0:3.678391e-02;1:3.669079e-02;2:3.685024e-02;3:3.671761e-02
1.0,30.0,5,4,2000,fourier,6,0.03658274561166763,1,5:3.678047e-02;6:3.658275e-02;7:3.663840e-02;8:3.662058e-02
1.0,30.0,10,4,2000,fourier,10,0.03668394684791565,1,10:3.668395e-02;11:3.679429e-02;12:3.674414e-02;13:3.675873e-02
1.0,30.0,15,4,2000,fourier,16,0.0365615040063858,1,15:3.661380e-02;16:3.656150e-02;17:3.663702e-02;18:3.665806e-02
1.0,30.0,20,4,2000,fourier,20,0.03672722727060318,1,20:3.672723e-02;21:3.675406e-02;22:3.673230e-02;23:3.675788e-02
1.0,30.0,25,4,2000,fourier,27,0.0365929901599884,1,25:3.667943e-02;26:3.674103e-02;27:3.659299e-02;28:3.669384e-02
1.0,30.0,30,4,2000,fourier,31,0.03656475991010666,1,30:3.662409e-02;31:3.656476e-02;32:3.668372e-02;33:3.674618e-02
1.0,30.0,35,4,2000,fourier,38,0.036707255989313126,1,35:3.675148e-02;36:3.670757e-02;37:3.674062e-02;38:3.670726e-02
1.0,30.0,40,4,2000,fourier,42,0.03645315021276474,1,40:3.676878e-02;41:3.668281e-02;42:3.645315e-02;43:3.673317e-02
1.0,30.0,45,4,2000,fourier,45,0.03670037165284157,1,45:3.670037e-02;46:3.672116e-02;47:3.674401e-02;48:3.678858e-02
1.0,30.0,50,4,2000,fourier,51,0.03657170757651329,1,50:3.659642e-02;51:3.657171e-02;52:3.660382e-02;53:3.664249e-02
1.0,0.0,0,4,2000,mlp,2,1.0105004548677243e-05,1,0:1.063885e-05;1:1.312743e-05;2:1.010500e-05;3:1.165820e-05
1.0,0.0,5,4,2000,mlp,5,4.196882400719915e-06,1,5:4.196882e-06;6:8.539466e-06;7:8.488899e-06;8:9.600718e-06
1.0,0.0,10,4,2000,mlp,13,4.6192317313398235e-06,1,10:2.861941e-05;11:1.043929e-05;12:1.623508e-05;13:4.619232e-06
1.0,0.0,15,4,2000,mlp,18,7.00417240295792e-06,1,15:1.066166e-05;16:9.317951e-06;17:1.067280e-05;18:7.004172e-06
1.0,0.0,20,4,2000,mlp,23,8.711276677786373e-07,1,20:1.222170e-05;21:1.258194e-05;22:2.075487e-05;23:8.711277e-07
1.0,0.0,25,4,2000,mlp,27,2.7751773359341314e-06,1,25:1.519403e-05;26:7.401579e-06;27:2.775177e-06;28:1.304320e-05
1.0,0.0,30,4,2000,mlp,32,1.7334427866444457e-06,1,30:1.393061e-05;31:3.393220e-06;32:1.733443e-06;33:8.334383e-06
1.0,0.0,35,4,2000,mlp,35,6.186895461723907e-06,1,35:6.186895e-06;36:1.300385e-05;37:1.959204e-05;38:1.234149e-05
1.0,0.0,40,4,2000,mlp,41,1.6450119346700376e-06,1,40:7.794322e-06;41:1.645012e-06;42:7.911698e-06;43:1.247757e-05
1.0,0.0,45,4,2000,mlp,46,2.66969300355413e-06,1,45:7.530639e-06;46:2.669693e-06;47:1.049715e-05;48:1.360047e-05
1.0,0.0,50,4,2000,mlp,51,7.646664016647264e-06,1,50:1.380091e-05;51:7.646664e-06;52:1.252206e-05;53:2.548435e-05
